tgos_id,key,address,raw,county,source,method,count,courses
1,臺南市官田區官田工業區工業路40號,臺南市官田區工業路40號,臺南市官田區官田工業區工業路40號,臺南市,mol-6060,門牌,82,76
1,臺南市官田區官田區工業路40號,臺南市官田區工業路40號,臺南市官田區官田區工業路40號,臺南市,mol-6060,門牌,3,3
2,臺北市北投區校本部北投區中山路5之12號,臺北市北投區中山路5之12號,臺北市北投區校本部北投區中山路5-12號,臺北市,taipei-cc,門牌,213,76
3,臺北市中山區北市中山區吉林路110號,臺北市中山區吉林路110號,臺北市中山區北市中山區吉林路110號2樓,臺北市,taipei-cc,門牌,73,72
3,臺北市中山區北市中山區吉林路110號,臺北市中山區吉林路110號,臺北市中山區北市中山區吉林路110號(吉林國小泳池),臺北市,taipei-cc,門牌,1,72
4,新北市泰山區致遠新村55之1號,新北市泰山區致遠新村55之1號,新北市泰山區致遠新村55-1號,新北市,mol-6060,門牌,52,42
5,臺北市士林區士林區承德路4段177號,臺北市士林區承德路4段177號,臺北市士林區士林區承德路四段177號,臺北市,taipei-cc,門牌,31,31
6,中平路118號,桃園市中平路118號,中平路118號,桃園市,moe-cc-courses,門牌,12,12
7,鼓山三路4號,高雄市鼓山三路4號,鼓山三路4號（鼓山綜合社福館）,高雄市,moe-cc-courses,門牌,10,10
8,臺北市北投區北投國中教學點-北投區溫泉里溫泉路62號,臺北市北投區北投國中教學點-北投區溫泉里溫泉路62號,臺北市北投區北投國中教學點-北投區溫泉里溫泉路62號,臺北市,taipei-cc,門牌,8,8
9,新竹市東區金城一路65號,新竹市東區金城一路65號,新竹市東區金城一路65號,新竹市,cc-shared-platform,門牌,7,7
10,鼎金一巷36號,高雄市鼎金一巷36號,鼎金一巷36號,高雄市,moe-cc-courses,門牌,7,7
11,臺中市南屯區臺中市公益路2段51號,臺中市南屯區臺中市公益路2段51號,臺中市南屯區台中市公益路二段51號(國泰公益大樓),臺中市,taiwanjobs,門牌,6,6
12,屏東縣恆春鎮省北路2段439號,屏東縣恆春鎮省北路2段439號,946屏東縣恆春鎮省北路二段439號,屏東縣,moe-cc-courses,門牌,5,5
13,臺南市永康區鹽和街244號,臺南市永康區鹽和街244號,臺南市永康區鹽和街244號,臺南市,taiwanjobs,門牌,5,5
14,桃園市中壢區32056新生路2段421號,桃園市中壢區32056新生路2段421號,桃園市中壢區 32056 新生路二段421號(聖德基督學院內),桃園市,taiwanjobs,門牌,4,4
15,高雄市前鎮區三多二路9號,高雄市前鎮區三多二路9號,高雄市前鎮區三多二路9號,高雄市,moe-cc-courses,門牌,4,4
16,嘉義市大同路100號,嘉義市大同路100號,嘉義市大同路100號,嘉義市,moe-cc-courses,門牌,3,3
17,宜蘭縣宜蘭市宜蘭縣宜蘭市中山路3段3號,宜蘭縣宜蘭市宜蘭縣宜蘭市中山路3段3號,宜蘭縣宜蘭市宜蘭縣宜蘭市中山路三段3號2F,宜蘭縣,taiwanjobs,門牌,3,3
18,新竹縣竹東鎮新竹縣竹東鎮中興路3段114號,新竹縣竹東鎮新竹縣竹東鎮中興路3段114號,新竹縣竹東鎮新竹縣竹東鎮中興路三段114號,新竹縣,taiwanjobs,門牌,3,3
19,桃園區廈門街62號,桃園市桃園區廈門街62號,桃園區廈門街62號,桃園市,moe-cc-courses,門牌,3,3
20,嘉義縣竹崎鄉387巷28號,嘉義縣竹崎鄉387巷28號,604嘉義縣竹崎鄉387巷28號,嘉義縣,moe-cc-courses,門牌,2,2
21,屏東縣恆春鎮四溝里大平頂段下大平頂小段203之3號,屏東縣恆春鎮四溝里大平頂段下大平頂小段203之3號,946屏東縣恆春鎮四溝里大平頂段下大平頂小段203-3號,屏東縣,moe-cc-courses,門牌,2,2
22,屏東縣恆春鎮恆南路11巷2弄2號,屏東縣恆春鎮恆南路11巷2弄2號,946屏東縣恆春鎮恆南路11巷2弄2號,屏東縣,moe-cc-courses,門牌,2,2
23,屏東縣東港鎮興東里47之1號,屏東縣東港鎮興東里47之1號,928屏東縣東港鎮興東里(路)47-1號,屏東縣,moe-cc-courses,門牌,2,2
24,彰化縣彰化市建興路1號,彰化縣彰化市建興路1號,彰化縣彰化市建興路1號（彰化體育場）,彰化縣,moe-cc-courses,門牌,2,2
25,新北市三峽區介壽路2段138巷88號,新北市三峽區介壽路2段138巷88號,237新北市三峽區介壽路二段138巷88號,新北市,moe-cc-courses,門牌,2,2
26,新竹市北區湳雅街84號,新竹市北區湳雅街84號,新竹市北區湳雅街84號,新竹市,cc-shared-platform,門牌,2,2
27,桃園市大溪區月眉15鄰105號,桃園市大溪區月眉15鄰105號,桃園市大溪區月眉15鄰105號,桃園市,cc-shared-platform,門牌,2,2
28,桃園市觀音區白玉里玉林路1段180號,桃園市觀音區白玉里玉林路1段180號,桃園市觀音區白玉里玉林路一段180號,桃園市,cc-shared-platform,門牌,2,2
29,臺中市南屯區大墩6街319巷41號,臺中市南屯區大墩6街319巷41號,臺中市南屯區大墩6街319巷41號,臺中市,moe-cc-courses,門牌,2,2
30,臺北市中山區長安西路33號,臺北市中山區長安西路33號,臺北市中山區長安西路33號8樓,臺北市,taiwanjobs,門牌,2,2
31,臺南市善化區南科三路26號,臺南市善化區南科三路26號,臺南市善化區南科三路26號2樓,臺南市,taiwanjobs,門牌,2,2
32,溪心里活動中心,臺南市安南功安一街162號,溪心里活動中心(台南市安南功安一街162號),臺南市,moe-cc-courses,門牌,2,2
33,中洲寮清滔巖祖師廟,臺南市安南區安和路4段533巷94號,中洲寮清滔巖祖師廟(台南市安南區安和路四段533巷94號),臺南市,moe-cc-courses,門牌,2,2
34,臺江布袋嘴寮代天府,臺南市安南區布袋路60號,台江布袋嘴寮代天府(台南市安南區布袋路60號),臺南市,moe-cc-courses,門牌,2,2
34,臺南市安南區布袋路60號,臺南市安南區布袋路60號,台南市安南區布袋路60號,臺南市,moe-cc-sites,門牌,1,0
35,鹽田里活動中心,臺南市安南區鹽安路28號,鹽田里活動中心(台南市安南區鹽安路28號),臺南市,moe-cc-courses,門牌,2,2
35,臺南市安南區鹽安路28號,臺南市安南區鹽安路28號,台南市安南區鹽安路28號,臺南市,moe-cc-sites,門牌,1,0
36,鹽水區朝琴路137號,臺南市鹽水區朝琴路137號,鹽水區朝琴路137號,臺南市,moe-cc-courses,門牌,2,2
37,緯十一路17號,高雄市緯十一路17號,緯十一路17號,高雄市,moe-cc-courses,門牌,2,2
38,南投縣信義鄉南投縣信義鄉地利村開信巷1之1號,南投縣信義鄉南投縣信義鄉地利村開信巷1之1號,南投縣信義鄉南投縣信義鄉地利村開信巷1-1號,南投縣,taiwanjobs,門牌,1,1
39,南投縣南投市南投縣南投市民生街33之3號,南投縣南投市南投縣南投市民生街33之3號,南投縣南投市南投縣南投市民生街33之3號2樓,南投縣,taiwanjobs,門牌,1,1
40,嘉義縣大林鎮大美里33號,嘉義縣大林鎮大美里33號,嘉義縣大林鎮大美里33號,嘉義縣,moe-cc-courses,門牌,1,1
41,嘉義縣大林鎮東榮路50號,嘉義縣大林鎮東榮路50號,嘉義縣大林鎮東榮路50號,嘉義縣,moe-cc-courses,門牌,1,1
42,屏東縣滿州鄉公館路42號,屏東縣滿州鄉公館路42號,947屏東縣滿州鄉公館路42號,屏東縣,moe-cc-courses,門牌,1,1
43,彰化縣員林市員集路2段244巷119號,彰化縣員林市員集路2段244巷119號,彰化縣員林市員集路二段244巷119號,彰化縣,moe-cc-courses,門牌,1,1
44,彰化縣員林市彰化縣員林市中山路2段109號,彰化縣員林市彰化縣員林市中山路2段109號,彰化縣員林市彰化縣員林市中山路二段109號,彰化縣,taiwanjobs,門牌,1,1
45,彰化縣員林市林森路396號,彰化縣員林市林森路396號,彰化縣員林市林森路396號,彰化縣,moe-cc-courses,門牌,1,1
46,彰化縣大城鄉永鎮路12號,彰化縣大城鄉永鎮路12號,彰化縣大城鄉永鎮路12號527,彰化縣,moe-cc-courses,門牌,1,1
47,彰化縣大城鄉臺西村順應路4號,彰化縣大城鄉臺西村順應路4號,彰化縣大城鄉臺西村順應路4號,彰化縣,moe-cc-courses,門牌,1,1
48,彰化縣大城鄉西港村永鎮路35號,彰化縣大城鄉西港村永鎮路35號,彰化縣大城鄉西港村永鎮路35號,彰化縣,moe-cc-courses,門牌,1,1
49,彰化縣田中鎮大崙里大安路2段318號,彰化縣田中鎮大崙里大安路2段318號,彰化縣田中鎮大崙里大安路二段318號,彰化縣,moe-cc-courses,門牌,1,1
50,彰化縣線西鄉塭仔村塭仔路141號,彰化縣線西鄉塭仔村塭仔路141號,彰化縣線西鄉塭仔村塭仔路141號,彰化縣,moe-cc-courses,門牌,1,1
51,彰化縣鹿港鎮彰化縣鹿港鎮中正路588號,彰化縣鹿港鎮彰化縣鹿港鎮中正路588號,彰化縣鹿港鎮彰化縣鹿港鎮中正路588號,彰化縣,taiwanjobs,門牌,1,1
52,新北市三重區新北市三重區重陽路1段120巷8號,新北市三重區新北市三重區重陽路1段120巷8號,新北市三重區新北市三重區重陽路一段120巷8號1樓,新北市,taiwanjobs,門牌,1,1
53,新北市五股區五股區五權路17號,新北市五股區五權路17號,新北市五股區五股區五權路17號6樓,新北市,mol-6060,門牌,1,1
54,新竹市光復路2段110號,新竹市光復路2段110號,新竹市光復路二段110號清華大學第四綜合大樓,新竹市,taiwanjobs,門牌,1,1
55,新竹市東區東大路1段116之1號,新竹市東區東大路1段116之1號,新竹市東區東大路一段116-1號,新竹市,cc-shared-platform,門牌,1,1
56,新竹市東區金城二路12號,新竹市東區金城二路12號,新竹市東區金城二路12號,新竹市,moe-cc-courses,門牌,1,1
57,竹北巿東興路1段769巷66之1號,新竹縣竹北巿東興路1段769巷66之1號,竹北巿東興路一段769巷66-1號,新竹縣,moe-cc-courses,門牌,1,1
58,新竹縣竹北市縣政10街46號,新竹縣竹北市縣政10街46號,新竹縣竹北市縣政10街46號3樓,新竹縣,moe-cc-courses,門牌,1,1
59,新竹縣竹北市縣政11街92號,新竹縣竹北市縣政11街92號,新竹縣竹北市縣政11街92號1樓,新竹縣,moe-cc-courses,門牌,1,1
60,竹北市自强南路281號,新竹縣竹北市自强南路281號,竹北市自强南路281號,新竹縣,moe-cc-courses,門牌,1,1
61,桃園市桃園區桃園市桃園區南華街60號,桃園市桃園區桃園市桃園區南華街60號,桃園市桃園區桃園市桃園區南華街60號3樓之3、9樓之1,桃園市,taiwanjobs,門牌,1,1
62,桃園市桃園區桃園市桃園區復興路180號,桃園市桃園區桃園市桃園區復興路180號,桃園市桃園區桃園市桃園區復興路180號4樓,桃園市,taiwanjobs,門牌,1,1
63,桃園市楊梅區幼獅工業區青年路3號,桃園市楊梅區幼獅工業區青年路3號,桃園市楊梅區幼獅工業區青年路3號,桃園市,taiwanjobs,門牌,1,1
64,楊梅區高平路430號,桃園市楊梅區高平路430號,楊梅區高平路430號,桃園市,moe-cc-courses,門牌,1,1
65,蘆竹忠孝西路37號,桃園市蘆竹忠孝西路37號,蘆竹忠孝西路37號6 樓,桃園市,moe-cc-courses,門牌,1,1
66,龜山區壽山路84巷60弄11之1號,桃園市龜山區壽山路84巷60弄11之1號,龜山區壽山路84巷60弄11-1號,桃園市,moe-cc-courses,門牌,1,1
67,臺中市南區五權南路195號,臺中市南區五權南路195號,臺中市南區五權南路195號,臺中市,taiwanjobs,門牌,1,1
68,臺中市大雅區⼤雅區中科路6號,臺中市大雅區⼤雅區中科路6號,臺中市大雅區⼤雅區中科路6號,臺中市,taiwanjobs,門牌,1,1
69,臺中市沙鹿區臺中市沙鹿區四平街62號,臺中市沙鹿區臺中市沙鹿區四平街62號,臺中市沙鹿區臺中市沙鹿區四平街62號2樓,臺中市,taiwanjobs,門牌,1,1
70,臺中市豐原區中山路442號,臺中市豐原區中山路442號,臺中市豐原區中山路442號1樓,臺中市,taiwanjobs,門牌,1,1
71,臺北市大同區延平北路2段247號,臺北市大同區延平北路2段247號,臺北市大同區延平北路二段247號,臺北市,taipei-cc,門牌,1,1
72,臺北市大安區吉利分館--臺北市北投區立農街1段366號,臺北市大安區吉利分館--臺北市北投區立農街1段366號,臺北市大安區吉利分館--臺北市北投區立農街一段366號7樓多功能活動室,臺北市,taipei-cc,門牌,1,1
73,臺北市大安區大直分館--臺北市中山區大直街25號,臺北市大安區大直分館--臺北市中山區大直街25號,臺北市大安區大直分館--臺北市中山區大直街25號5樓視聽室,臺北市,taipei-cc,門牌,1,1
74,臺北市大安區杭州南路2段2號,臺北市大安區杭州南路2段2號,臺北市大安區杭州南路二段2號,臺北市,taipei-cc,門牌,1,1
75,臺北市大安區臺北市大安區復興南路1段390號,臺北市大安區臺北市大安區復興南路1段390號,臺北市大安區臺北市大安區復興南路一段390號11樓,臺北市,taiwanjobs,門牌,1,1
76,臺北市文山區景中街29號,臺北市文山區景中街29號,台北市文山區景中街29號,臺北市,taipei-cc,門牌,1,1
77,臺北市松山區八德路4段748號,臺北市松山區八德路4段748號,台北市松山區八德路四段748號,臺北市,taipei-cc,門牌,1,1
78,臺南市北區臺南市北區西門路4段367號,臺南市北區西門路4段367號,臺南市北區臺南市北區西門路四段367號4樓,臺南市,taiwanjobs,門牌,1,1
79,臺南市南區臺南市南區南門路261號,臺南市南區南門路261號,臺南市南區臺南市南區南門路261號2樓,臺南市,taiwanjobs,門牌,1,1
80,苗栗縣三義鄉雙潭村106之2號,苗栗縣三義鄉雙潭村106之2號,苗栗縣三義鄉雙潭村106-2號,苗栗縣,moe-cc-courses,門牌,1,1
81,苗栗縣後龍鎮後龍鎮豐富里新港六路13鄰169號,苗栗縣後龍鎮豐富里新港六路13鄰169號,苗栗縣後龍鎮後龍鎮豐富里新港六路13鄰169號,苗栗縣,taiwanjobs,門牌,1,1
82,苗栗縣苑裡鎮南房里南房2鄰14號,苗栗縣苑裡鎮南房里南房2鄰14號,苗栗縣苑裡鎮南房里南房2鄰14號,苗栗縣,moe-cc-courses,門牌,1,1
83,苗栗縣苗栗市苗栗縣苗栗市縣府路102號,苗栗縣苗栗市苗栗縣苗栗市縣府路102號,苗栗縣苗栗市苗栗縣苗栗市縣府路102號,苗栗縣,taiwanjobs,門牌,1,1
84,雲林縣土庫鎮宮北里中山路204號,雲林縣土庫鎮宮北里中山路204號,633雲林縣土庫鎮宮北里中山路204號,雲林縣,moe-cc-courses,門牌,1,1
85,雲林縣臺西鄉海口村中山路293號,雲林縣臺西鄉海口村中山路293號,636雲林縣台西鄉海口村中山路293號,雲林縣,moe-cc-courses,門牌,1,1
86,褒忠鄉中勝路65之7號,雲林縣褒忠鄉中勝路65之7號,634褒忠鄉中勝路65之7號,雲林縣,moe-cc-courses,門牌,1,1
87,高雄市前鎮區高雄市前鎮區廣東三街73號,高雄市前鎮區高雄市前鎮區廣東三街73號,高雄市前鎮區高雄市前鎮區廣東三街73號3樓,高雄市,taiwanjobs,門牌,1,1
88,後勁國小【高雄市楠梓區加昌路216號,高雄市後勁國小【高雄市楠梓區加昌路216號,後勁國小 【高雄市楠梓區加昌路216號】,高雄市,moe-cc-courses,門牌,1,1
89,高雄市林園區林園北路191號,高雄市林園區林園北路191號,高雄市林園區林園北路191號3樓,高雄市,taiwanjobs,門牌,1,1
90,高雄市苓雅區高雄市苓雅區中正二路30號,高雄市苓雅區高雄市苓雅區中正二路30號,高雄市苓雅區高雄市苓雅區中正二路30號8F,高雄市,taiwanjobs,門牌,1,1
90,高雄市苓雅區高雄市苓雅區中正二路30號,高雄市苓雅區高雄市苓雅區中正二路30號,高雄市苓雅區高雄市苓雅區中正二路30號8樓,高雄市,taiwanjobs,門牌,1,1
91,臺中市潭子區中山路2段31號,臺中市潭子區中山路2段31號,臺中市潭子區中山路二段31號,臺中市,moe-cc-sites,門牌,2,65
91,臺中市潭子區中山路2段31號,臺中市潭子區中山路2段31號,台中市潭子區中山路二段31號,臺中市,moe-cc-sites,門牌,1,65
92,新北市瑞芳區中山路2號,新北市瑞芳區中山路2號,新北市瑞芳區中山路2號,新北市,moe-cc-courses,門牌,22,36
93,基隆市仁愛區延平街5號,基隆市仁愛區延平街5號,基隆市仁愛區延平街5號4樓,基隆市,cc-shared-platform,門牌,6,12
93,基隆市仁愛區延平街5號,基隆市仁愛區延平街5號,基隆市仁愛區延平街5號2樓,基隆市,cc-shared-platform,門牌,6,12
93,基隆市仁愛區延平街5號,基隆市仁愛區延平街5號,基隆市仁愛區延平街5號,基隆市,cc-shared-platform,門牌,1,12
94,嘉義市東區民權路28號,嘉義市東區民權路28號,嘉義市東區民權路28號2F,嘉義市,moe-cc-courses,門牌,11,10
95,臺南市六甲區民權路43號,臺南市六甲區民權路43號,臺南市六甲區民權路43號,臺南市,moe-cc-sites,門牌,1,9
96,新北市坪林區坪林街114號,新北市坪林區坪林街114號,新北市坪林區坪林街114號,新北市,moe-cc-sites,門牌,2,8
97,新北市坪林區坪林街101號,新北市坪林區坪林街101號,新北市坪林區坪林街101號,新北市,moe-cc-sites,門牌,3,7
98,雲林縣北港鎮北港鎮華勝路445巷18號,雲林縣北港鎮華勝路445巷18號,651雲林縣北港鎮北港鎮華勝路445巷18號,雲林縣,moe-cc-courses,門牌,3,6
98,雲林縣北港鎮北港鎮華勝路445巷18號,雲林縣北港鎮華勝路445巷18號,雲林縣北港鎮北港鎮華勝路445巷18號,雲林縣,moe-cc-courses,門牌,1,6
99,彰化縣溪湖鎮大溪路2段423號,彰化縣溪湖鎮大溪路2段423號,彰化縣溪湖鎮大溪路二段423號,彰化縣,moe-cc-courses,門牌,6,5
100,臺北市文山區博嘉里木柵路4段77號,臺北市文山區博嘉里木柵路4段77號,臺北市文山區博嘉里木柵路四段77號,臺北市,moe-school-directory,門牌,1,4
101,雲林縣元長鄉1612號,雲林縣元長鄉1612號,655雲林縣元長鄉1612號,雲林縣,moe-cc-courses,門牌,4,4
101,雲林縣元長鄉1612號,雲林縣元長鄉1612號,雲林縣元長鄉1612號,雲林縣,moe-cc-courses,門牌,2,4
102,臺北市大安區義村里忠孝東路3段248巷30號,臺北市大安區義村里忠孝東路3段248巷30號,臺北市大安區義村里忠孝東路三段248巷30號,臺北市,moe-school-directory,門牌,1,3
103,雲林縣林內鄉新興路81號,雲林縣林內鄉新興路81號,643雲林縣林內鄉新興路81號,雲林縣,moe-cc-courses,門牌,3,3
103,雲林縣林內鄉新興路81號,雲林縣林內鄉新興路81號,雲林縣林內鄉新興路81號,雲林縣,moe-cc-courses,門牌,1,3
104,高雄市田寮區廟後巷2號,高雄市田寮區廟後巷2號,高雄市田寮區廟後巷2號,高雄市,moe-cc-courses,門牌,4,3
105,里港鄉永春村民生路24之2號,屏東縣里港鄉永春村民生路24之2號,里港鄉永春村民生路24-2號,屏東縣,moe-cc-courses,門牌,2,2
105,里港鄉永春村民生路24之2號,屏東縣里港鄉永春村民生路24之2號,里港鄉永春村民生路24-2號(永春社區活動中心),屏東縣,moe-cc-courses,門牌,1,2
105,里港鄉永春村民生路24之2號,屏東縣里港鄉永春村民生路24之2號,里港鄉永春村民生路 24-2 號,屏東縣,moe-cc-courses,門牌,1,2
105,屏東縣里港鄉永春村民生路24之2號,屏東縣里港鄉永春村民生路24之2號,屏東縣里港鄉永春村民生路24-2號,屏東縣,moe-cc-sites,門牌,1,0
106,臺中市大甲區文武路10號,臺中市大甲區文武路10號,437臺中市大甲區文武路10號,臺中市,moe-cc-courses,門牌,2,2
106,臺中市大甲區文武路10號,臺中市大甲區文武路10號,臺中市大甲區文武路10號,臺中市,moe-cc-courses,門牌,2,2
106,大甲區文武路10號,臺中市大甲區文武路10號,大甲區文武路10號,臺中市,moe-cc-sites,門牌,1,0
107,臺北市萬華區富福里南寧路46號,臺北市萬華區富福里南寧路46號,臺北市萬華區富福里南寧路46號,臺北市,moe-school-directory,門牌,1,2
108,高雄市林園區東林西路364巷74號,高雄市林園區東林西路364巷74號,高雄市林園區東林西路364巷74號,高雄市,moe-cc-courses,門牌,3,2
109,高雄市美濃區永安路341號,高雄市美濃區永安路341號,高雄市美濃區永安路341號,高雄市,moe-cc-courses,門牌,3,2
110,嘉義縣竹崎鄉內埔村崁腳1號,嘉義縣竹崎鄉內埔村崁腳1號,嘉義縣竹崎鄉內埔村崁腳1號,嘉義縣,moe-cc-courses,門牌,2,1
111,彰化縣大城鄉東平路36號,彰化縣大城鄉東平路36號,彰化縣大城鄉東平路36號,彰化縣,moe-cc-courses,門牌,2,1
112,新竹市東區民享一街112號,新竹市東區民享一街112號,新竹市東區民享一街112號,新竹市,moe-cc-courses,門牌,1,1
112,新竹市東區民享一街112號,新竹市東區民享一街112號,新竹市東區民享一街112號土地公廟旁會議室,新竹市,moe-cc-courses,門牌,1,1
113,臺北市信義區松山路287巷5號,臺北市信義區松山路287巷5號,臺北市信義區松山路287巷5號,臺北市,moe-school-directory,門牌,1,1
114,善化東勢寮田間學堂,臺南市善化區南129鄉道23號,善化東勢寮田間學堂,臺南市,moe-cc-sites,校名→門牌,1,1
114,臺南市善化區南129鄉道23號,臺南市善化區南129鄉道23號,臺南市善化區南129鄉道23號,臺南市,moe-cc-sites,門牌,1,0
115,臺南市麻豆區總榮里81號,臺南市麻豆區總榮里81號,台南市麻豆區總榮里81號,臺南市,moe-cc-sites,門牌,1,1
115,臺南市麻豆區總榮里81號,臺南市麻豆區總榮里81號,臺南市麻豆區總榮里81號,臺南市,moe-cc-sites,門牌,1,1
116,苗栗縣通霄鎮通東里中正路8號,苗栗縣通霄鎮通東里中正路8號,苗栗縣通霄鎮通東里中正路8號,苗栗縣,moe-cc-sites,門牌,3,1
117,雲林縣褒忠鄉褒忠鄉新湖村新湖2之3號,雲林縣褒忠鄉新湖村新湖2之3號,634雲林縣褒忠鄉褒忠鄉新湖村新湖2之3號,雲林縣,moe-cc-courses,門牌,1,1
117,雲林縣褒忠鄉褒忠鄉新湖村新湖2之3號,雲林縣褒忠鄉新湖村新湖2之3號,雲林縣褒忠鄉褒忠鄉新湖村新湖2之3號,雲林縣,moe-cc-courses,門牌,1,1
117,雲林縣褒忠鄉新湖村新湖2之3號,雲林縣褒忠鄉新湖村新湖2之3號,雲林縣褒忠鄉新湖村新湖2之3號,雲林縣,moe-cc-sites,門牌,1,0
118,雲林縣西螺鎮光復西路69號,雲林縣西螺鎮光復西路69號,648雲林縣西螺鎮光復西路69號,雲林縣,moe-cc-courses,門牌,1,1
118,雲林縣西螺鎮光復西路69號,雲林縣西螺鎮光復西路69號,雲林縣西螺鎮光復西路69號,雲林縣,moe-cc-courses,門牌,1,1
119,高雄市楠梓區宏毅二路52號,高雄市楠梓區宏毅二路52號,高雄市楠梓區宏毅二路52號,高雄市,moe-cc-sites,門牌,2,1
120,南投縣中寮鄉和興村永樂路143之2號,南投縣中寮鄉和興村永樂路143之2號,南投縣中寮鄉和興村永樂路143-2號,南投縣,moe-senior-centers,門牌,1,0
121,南投縣中寮鄉永平路316號,南投縣中寮鄉永平路316號,南投縣中寮鄉永平路316號,南投縣,moe-cc-sites,門牌,1,0
122,南投縣中寮鄉永平路447之12號,南投縣中寮鄉永平路447之12號,南投縣中寮鄉永平路447之12號,南投縣,moe-cc-sites,門牌,1,0
123,南投縣中寮鄉永平路85之3號,南投縣中寮鄉永平路85之3號,南投縣中寮鄉永平路85-3號,南投縣,moe-cc-sites,門牌,1,0
124,南投縣中寮鄉龍南路321之1號,南投縣中寮鄉龍南路321之1號,南投縣中寮鄉龍南路321之1號,南投縣,moe-school-directory,門牌,1,0
125,南投縣仁愛鄉德鹿谷村莎都部落一巷23號,南投縣仁愛鄉德鹿谷村莎都部落一巷23號,南投縣仁愛鄉德鹿谷村莎都部落一巷23號,南投縣,moe-school-directory,門牌,1,0
126,南投縣仁愛鄉春陽村3鄰龍山巷78號,南投縣仁愛鄉春陽村3鄰龍山巷78號,南投縣仁愛鄉春陽村3鄰龍山巷78號,南投縣,moe-senior-centers,門牌,1,0
127,南投縣信義鄉新鄉村新鄉路80號,南投縣信義鄉新鄉村新鄉路80號,南投縣信義鄉新鄉村新鄉路80號,南投縣,moe-school-directory,門牌,1,0
128,南投縣信義鄉東埔村開高巷63號,南投縣信義鄉東埔村開高巷63號,南投縣信義鄉東埔村開高巷63號,南投縣,moe-school-directory,門牌,1,0
129,南投縣信義鄉羅娜村1鄰信筆巷73號,南投縣信義鄉羅娜村1鄰信筆巷73號,南投縣信義鄉羅娜村1鄰信筆巷73號,南投縣,moe-school-directory,門牌,1,0
130,南投縣南投市中學路2號,南投縣南投市中學路2號,南投縣南投市中學路2號,南投縣,moe-school-directory,門牌,1,0
131,南投縣南投市中興新村光榮北路19號,南投縣南投市中興新村光榮北路19號,南投縣南投市中興新村光榮北路19號,南投縣,moe-school-directory,門牌,1,0
132,南投縣南投市嶺興路68號,南投縣南投市嶺興路68號,南投縣南投市嶺興路68號,南投縣,moe-senior-centers,門牌,1,0
133,南投縣南投市振興巷109號,南投縣南投市振興巷109號,南投縣南投市振興巷109號,南投縣,moe-cc-sites,門牌,1,0
134,南投縣南投市營盤路136號,南投縣南投市營盤路136號,南投縣南投市營盤路136號,南投縣,moe-school-directory,門牌,1,0
135,南投縣南投市虎山路104號,南投縣南投市虎山路104號,南投縣南投市虎山路104號,南投縣,moe-cc-sites,門牌,1,0
136,南投縣國姓鄉國姓村民族街40號,南投縣國姓鄉國姓村民族街40號,南投縣國姓鄉國姓村民族街40號,南投縣,moe-senior-centers,門牌,1,0
137,南投縣埔里鎮一新里中臺路5號,南投縣埔里鎮一新里中臺路5號,南投縣埔里鎮一新里中臺路5號,南投縣,moe-school-directory,門牌,1,0
138,南投縣埔里鎮樹人三街281號,南投縣埔里鎮樹人三街281號,南投縣埔里鎮樹人三街281號,南投縣,moe-senior-centers,門牌,1,0
139,南投縣彰南路220號,南投縣彰南路220號,南投縣彰南路220號,南投縣,moe-cc-sites,門牌,1,0
140,南投縣水里鄉上安村水信路3段117之1號,南投縣水里鄉上安村水信路3段117之1號,南投縣水里鄉上安村水信路三段117-1號,南投縣,moe-senior-centers,門牌,1,0
141,南投縣水里鄉中學路29號,南投縣水里鄉中學路29號,南投縣水里鄉中學路29號,南投縣,moe-school-directory,門牌,1,0
142,南投縣竹山鎮延正里延正路70號,南投縣竹山鎮延正里延正路70號,南投縣竹山鎮延正里延正路70號,南投縣,moe-senior-centers,門牌,1,0
143,南投縣草屯鎮中正路573號,南投縣草屯鎮中正路573號,南投縣草屯鎮中正路573號,南投縣,moe-cc-sites,門牌,1,0
144,南投縣草屯鎮省府路407之59號,南投縣草屯鎮省府路407之59號,南投縣草屯鎮省府路407-59號,南投縣,moe-cc-sites,門牌,1,0
145,南投縣草屯鎮芬草路2段736號,南投縣草屯鎮芬草路2段736號,南投縣草屯鎮芬草路二段736號,南投縣,moe-school-directory,門牌,1,0
146,南投縣集集?吳厝里民生路63之19號,南投縣集集?吳厝里民生路63之19號,南投縣集集?吳厝里民生路63-19號,南投縣,moe-senior-centers,門牌,1,0
147,南投縣集集鎮東昌巷4號,南投縣集集鎮東昌巷4號,南投縣集集鎮東昌巷4號,南投縣,moe-cc-sites,門牌,1,0
148,南投縣魚池鄉瓊文巷39號,南投縣魚池鄉瓊文巷39號,南投縣魚池鄉瓊文巷39號,南投縣,moe-school-directory,門牌,1,0
149,南投縣魚池鄉魚池村魚池街354巷2號,南投縣魚池鄉魚池村魚池街354巷2號,南投縣魚池鄉魚池村魚池街354巷2號2樓,南投縣,moe-senior-centers,門牌,1,0
150,南投縣鹿谷鄉中正路2段174號,南投縣鹿谷鄉中正路2段174號,南投縣鹿谷鄉中正路2段174號,南投縣,moe-cc-sites,門牌,1,0
151,南投縣鹿谷鄉竹林村光復路106之2號,南投縣鹿谷鄉竹林村光復路106之2號,南投縣鹿谷鄉竹林村光復路106-2號,南投縣,moe-senior-centers,門牌,1,0
152,嘉義市世賢路4段210號,嘉義市世賢路4段210號,嘉義市世賢路四段210號巷內 [志航國小對面],嘉義市,moe-cc-sites,門牌,1,0
153,嘉義市圓福街37號,嘉義市圓福街37號,嘉義市圓福街37號,嘉義市,moe-cc-sites,門牌,1,0
154,嘉義市東區中山路616號,嘉義市東區中山路616號,嘉義市東區中山路616號,嘉義市,moe-cc-sites,門牌,1,0
155,嘉義市東區小雅路419號,嘉義市東區小雅路419號,嘉義市東區小雅路419號,嘉義市,moe-school-directory,門牌,1,0
156,嘉義市東區興美六路2號,嘉義市東區興美六路2號,嘉義市東區興美六路2號,嘉義市,moe-school-directory,門牌,1,0
157,嘉義市民生南路363號,嘉義市民生南路363號,嘉義市民生南路363號,嘉義市,moe-cc-sites,門牌,3,0
158,嘉義市竹文街97巷16號,嘉義市竹文街97巷16號,嘉義市竹文街97巷16號,嘉義市,moe-cc-sites,門牌,1,0
159,嘉義市臺林街274號,嘉義市臺林街274號,嘉義市台林街274號,嘉義縣,moe-cc-sites,門牌,1,0
160,嘉義市西區四維路63號,嘉義市西區四維路63號,嘉義市西區四維路63號,嘉義市,moe-school-directory,門牌,1,0
161,嘉義市西區安東二街47號,嘉義市西區安東二街47號,嘉義市西區安東二街47號,嘉義市,moe-cc-sites,門牌,1,0
162,嘉義市西區育人路613號,嘉義市西區育人路613號,嘉義市西區育人路613號,嘉義市,moe-cc-sites,門牌,1,0
163,嘉義市西區雙園街280號,嘉義市西區雙園街280號,嘉義市西區雙園街280號,嘉義市,moe-school-directory,門牌,1,0
164,嘉義縣中埔鄉中埔村3鄰中埔11號,嘉義縣中埔鄉中埔村3鄰中埔11號,嘉義縣中埔鄉中埔村3鄰中埔11號之16,嘉義縣,moe-cc-sites,門牌,1,0
165,嘉義縣中埔鄉同仁村1之10號,嘉義縣中埔鄉同仁村1之10號,嘉義縣中埔鄉同仁村1-10號,嘉義縣,moe-senior-centers,門牌,1,0
166,嘉義縣中埔鄉沄水村五鄰試驗場16號,嘉義縣中埔鄉沄水村五鄰試驗場16號,嘉義縣中埔鄉沄水村五鄰試驗場16號,嘉義縣,moe-school-directory,門牌,1,0
167,嘉義縣中埔鄉金蘭村頂山門6之29號,嘉義縣中埔鄉金蘭村頂山門6之29號,嘉義縣中埔鄉金蘭村頂山門6之29號,嘉義縣,moe-cc-sites,門牌,1,0
168,嘉義縣中埔鄉隆興村中正路515號,嘉義縣中埔鄉隆興村中正路515號,嘉義縣中埔鄉隆興村中正路515號,嘉義縣,moe-cc-sites,門牌,1,0
169,嘉義縣六腳鄉灣南村15鄰6號,嘉義縣六腳鄉灣南村15鄰6號,嘉義縣六腳鄉灣南村15鄰6號,嘉義縣,moe-school-directory,門牌,1,0
170,嘉義縣大林鎮13巷7號,嘉義縣大林鎮13巷7號,嘉義縣大林鎮13巷7號,嘉義縣,moe-cc-sites,門牌,1,0
171,嘉義縣大林鎮下潭底24之1號,嘉義縣大林鎮下潭底24之1號,嘉義縣大林鎮下潭底24之1號,嘉義縣,moe-cc-sites,門牌,1,0
172,嘉義縣大林鎮中山路55之1號,嘉義縣大林鎮中山路55之1號,嘉義縣大林鎮中山路55-1號,嘉義縣,moe-cc-sites,門牌,1,0
173,嘉義縣大林鎮中林里147號,嘉義縣大林鎮中林里147號,嘉義縣大林鎮中林里147號,嘉義縣,moe-school-directory,門牌,1,0
174,嘉義縣大林鎮中興路2段241號,嘉義縣大林鎮中興路2段241號,嘉義縣大林鎮中興路二段241號,嘉義縣,moe-cc-sites,門牌,1,0
175,嘉義縣大林鎮明和里甘蔗崙72號,嘉義縣大林鎮明和里甘蔗崙72號,嘉義縣大林鎮明和里甘蔗崙72號,嘉義縣,moe-cc-sites,門牌,1,0
176,嘉義縣大林鎮明華里下埤頭4鄰25號,嘉義縣大林鎮明華里下埤頭4鄰25號,嘉義縣大林鎮明華里下埤頭4鄰25號,嘉義縣,moe-cc-sites,門牌,1,0
177,嘉義縣大林鎮湖北里大湖1之10號,嘉義縣大林鎮湖北里大湖1之10號,嘉義縣大林鎮湖北里大湖1之10號,嘉義縣,moe-school-directory,門牌,1,0
178,嘉義縣大林鎮蘭州街56號,嘉義縣大林鎮蘭州街56號,嘉義縣大林鎮蘭州街56號,嘉義縣,moe-cc-sites,門牌,1,0
179,嘉義縣太保市中興路1段250號,嘉義縣太保市中興路1段250號,嘉義縣太保市中興路一段250號,嘉義縣,moe-school-directory,門牌,1,0
180,嘉義縣太保市太保里2鄰58號,嘉義縣太保市太保里2鄰58號,嘉義縣太保市太保里2鄰58號,嘉義縣,moe-cc-sites,門牌,1,0
181,嘉義縣太保市太保里66號,嘉義縣太保市太保里66號,嘉義縣太保市太保里66號,嘉義縣,moe-senior-centers,門牌,1,0
182,嘉義縣太保市祥和三路東段105號,嘉義縣太保市祥和三路東段105號,嘉義縣太保市祥和三路東段105號,嘉義縣,moe-cc-sites,門牌,1,0
183,嘉義縣太保鄉崙子頂21號,嘉義縣太保鄉崙子頂21號,嘉義縣太保鄉崙子頂21號,嘉義縣,moe-cc-sites,門牌,1,0
184,嘉義縣新港鄉18鄰71之3號,嘉義縣新港鄉18鄰71之3號,嘉義縣新港鄉18鄰71-3號,嘉義縣,moe-cc-sites,門牌,1,0
185,嘉義縣新港鄉公園路28之1號,嘉義縣新港鄉公園路28之1號,嘉義縣新港鄉公園路28-1 號,嘉義縣,moe-cc-sites,門牌,1,0
186,嘉義縣新港鄉月眉村121之9號,嘉義縣新港鄉月眉村121之9號,嘉義縣新港鄉月眉村121之9號,嘉義縣,moe-cc-sites,門牌,1,0
187,嘉義縣新港鄉登雲路105號,嘉義縣新港鄉登雲路105號,嘉義縣新港鄉登雲路105號,嘉義縣,moe-cc-sites,門牌,1,0
188,嘉義縣新港鄉福德村21鄰福德路106號,嘉義縣新港鄉福德村21鄰福德路106號,嘉義縣新港鄉福德村21鄰福德路106號,嘉義縣,moe-cc-sites,門牌,1,0
189,嘉義縣新港鄉福德路106號,嘉義縣新港鄉福德路106號,嘉義縣新港鄉福德路106號,嘉義縣,moe-cc-sites,門牌,1,0
190,嘉義縣新港鄉藝高路1號,嘉義縣新港鄉藝高路1號,嘉義縣新港鄉藝高路1號,嘉義縣,moe-school-directory,門牌,1,0
191,嘉義縣朴子市嘉朴路西段2號,嘉義縣朴子市嘉朴路西段2號,嘉義縣朴子市嘉朴路西段2號,嘉義縣,moe-school-directory,門牌,1,0
192,嘉義縣朴子市四維路1段551號,嘉義縣朴子市四維路1段551號,嘉義縣朴子市四維路一段551號,嘉義縣,moe-senior-centers,門牌,1,0
193,嘉義縣朴子市大葛里152之300號,嘉義縣朴子市大葛里152之300號,嘉義縣朴子市大葛里152之300號,嘉義縣,moe-cc-sites,門牌,1,0
194,嘉義縣朴子市大鄉里大?榔956號,嘉義縣朴子市大鄉里大?榔956號,嘉義縣朴子市大鄉里大?榔956號,嘉義縣,moe-cc-sites,門牌,1,0
195,嘉義縣朴子市學府路2段92號,嘉義縣朴子市學府路2段92號,嘉義縣朴子市學府路2段92號,嘉義縣,moe-cc-sites,門牌,1,0
196,嘉義縣朴子市山通路6號,嘉義縣朴子市山通路6號,嘉義縣朴子市山通路6號,嘉義縣,moe-cc-sites,門牌,1,0
197,嘉義縣朴子市山通路73號,嘉義縣朴子市山通路73號,嘉義縣朴子市山通路73號,嘉義縣,moe-cc-sites,門牌,1,0
198,嘉義縣朴子市文明路1之9號,嘉義縣朴子市文明路1之9號,嘉義縣朴子市文明路1-9號,嘉義縣,moe-cc-sites,門牌,1,0
199,嘉義縣朴子市海通路2之46號,嘉義縣朴子市海通路2之46號,嘉義縣朴子市海通路2之46號,嘉義縣,moe-cc-sites,門牌,1,0
200,嘉義縣朴子市竹圍里四維路2段78號,嘉義縣朴子市竹圍里四維路2段78號,嘉義縣朴子市竹圍里四維路2段78號,嘉義縣,moe-cc-sites,門牌,1,0
201,嘉義縣朴子市開元里六鄰開元路118號,嘉義縣朴子市開元里六鄰開元路118號,嘉義縣朴子市開元里六鄰開元路118號,嘉義縣,moe-cc-sites,門牌,1,0
202,嘉義縣梅山鄉太興村4號,嘉義縣梅山鄉太興村4號,嘉義縣梅山鄉太興村4號,嘉義縣,moe-school-directory,門牌,1,0
203,嘉義縣梅山鄉梅東村中學路13號,嘉義縣梅山鄉梅東村中學路13號,嘉義縣梅山鄉梅東村中學路13號,嘉義縣,moe-cc-sites,門牌,1,0
204,嘉義縣梅山鄉民生街1號,嘉義縣梅山鄉民生街1號,嘉義縣梅山鄉民生街1號,嘉義縣,moe-cc-sites,門牌,1,0
205,嘉義縣民雄鄉北勢仔17號,嘉義縣民雄鄉北勢仔17號,嘉義縣民雄鄉北勢仔17號,嘉義縣,moe-cc-sites,門牌,2,0
206,嘉義縣民雄鄉北斗村北勢子19號,嘉義縣民雄鄉北斗村北勢子19號,嘉義縣民雄鄉北斗村北勢子19號之4,嘉義縣,moe-cc-sites,門牌,1,0
207,嘉義縣民雄鄉北斗村正大路1段899號,嘉義縣民雄鄉北斗村正大路1段899號,嘉義縣民雄鄉北斗村正大路一段899號,嘉義縣,moe-cc-sites,門牌,1,0
208,嘉義縣民雄鄉大學路2段2183號,嘉義縣民雄鄉大學路2段2183號,嘉義縣民雄鄉大學路二段2183號,嘉義縣,moe-cc-sites,門牌,1,0
209,嘉義縣民雄鄉建國路1段95巷50號,嘉義縣民雄鄉建國路1段95巷50號,嘉義縣民雄鄉建國路一段95巷50號,嘉義縣,moe-cc-sites,門牌,1,0
210,嘉義縣民雄鄉建國路2段187之24號,嘉義縣民雄鄉建國路2段187之24號,嘉義縣民雄鄉建國路二段187-24號,嘉義縣,moe-cc-sites,門牌,1,0
211,嘉義縣民雄鄉新生一街1號,嘉義縣民雄鄉新生一街1號,嘉義縣民雄鄉新生一街1號,嘉義縣,moe-cc-sites,門牌,1,0
212,嘉義縣民雄鄉東勢湖174號,嘉義縣民雄鄉東勢湖174號,嘉義縣民雄鄉東勢湖174號,嘉義縣,moe-senior-centers,門牌,1,0
213,嘉義縣水上鄉三界埔153號,嘉義縣水上鄉三界埔153號,嘉義縣水上鄉三界埔153號,嘉義縣,moe-school-directory,門牌,1,0
214,嘉義縣水上鄉中正路127號,嘉義縣水上鄉中正路127號,嘉義縣水上鄉中正路127號,嘉義縣,moe-cc-sites,門牌,1,0
215,嘉義縣水上鄉中興路209號,嘉義縣水上鄉中興路209號,嘉義縣水上鄉中興路209號,嘉義縣,moe-cc-sites,門牌,1,0
216,嘉義縣水上鄉大崙村89之13號,嘉義縣水上鄉大崙村89之13號,嘉義縣水上鄉大崙村89之13號,嘉義縣,moe-cc-sites,門牌,1,0
217,嘉義縣水上鄉市政街35號,嘉義縣水上鄉市政街35號,嘉義縣水上鄉市政街35號,嘉義縣,moe-cc-sites,門牌,1,0
218,嘉義縣水上鄉柳林村1701號,嘉義縣水上鄉柳林村1701號,嘉義縣水上鄉柳林村1701號,嘉義縣,moe-cc-sites,門牌,1,0
219,嘉義縣水上鄉正義路143號,嘉義縣水上鄉正義路143號,嘉義縣水上鄉正義路143號,嘉義縣,moe-senior-centers,門牌,1,0
220,嘉義縣水上鄉水上村中正路189號,嘉義縣水上鄉水上村中正路189號,嘉義縣水上鄉水上村中正路189號.,嘉義縣,moe-cc-sites,門牌,1,0
221,嘉義縣水上鄉進學街45號,嘉義縣水上鄉進學街45號,嘉義縣水上鄉進學街45號,嘉義縣,moe-cc-sites,門牌,1,0
222,嘉義縣溪口鄉柴林村107號,嘉義縣溪口鄉柴林村107號,嘉義縣溪口鄉柴林村107號,嘉義縣,moe-school-directory,門牌,1,0
223,嘉義縣溪口鄉柴林村柴林腳13號,嘉義縣溪口鄉柴林村柴林腳13號,嘉義縣溪口鄉柴林村柴林腳13號,嘉義縣,moe-senior-centers,門牌,1,0
224,嘉義縣番路鄉下坑村菜公店101號,嘉義縣番路鄉下坑村菜公店101號,嘉義縣番路鄉下坑村菜公店101號,嘉義縣,moe-senior-centers,門牌,1,0
225,嘉義縣番路鄉內甕村凸湖1之1號,嘉義縣番路鄉內甕村凸湖1之1號,嘉義縣番路鄉內甕村凸湖1-1號,嘉義縣,moe-school-directory,門牌,1,0
226,嘉義縣竹崎鄉19鄰3號,嘉義縣竹崎鄉19鄰3號,嘉義縣竹崎鄉19 鄰 3 號,嘉義縣,moe-cc-sites,門牌,1,0
227,嘉義縣竹崎鄉元興路138號,嘉義縣竹崎鄉元興路138號,嘉義縣竹崎鄉元興路138號,嘉義縣,moe-cc-sites,門牌,1,0
228,嘉義縣竹崎鄉和平村5鄰坑仔坪139之1號,嘉義縣竹崎鄉和平村5鄰坑仔坪139之1號,嘉義縣竹崎鄉和平村5鄰坑仔坪139之1號,嘉義縣,moe-cc-sites,門牌,1,0
229,嘉義縣竹崎鄉義和村22號,嘉義縣竹崎鄉義和村22號,嘉義縣竹崎鄉義和村22號,嘉義縣,moe-school-directory,門牌,1,0
230,臺灣嘉義縣竹崎鄉中正路96號,嘉義縣臺灣嘉義縣竹崎鄉中正路96號,台灣嘉義縣竹崎鄉中正路96號,嘉義縣,moe-cc-sites,門牌,1,0
231,嘉義縣阿里山鄉山美村3鄰51號,嘉義縣阿里山鄉山美村3鄰51號,嘉義縣阿里山鄉山美村3鄰51號,嘉義縣,moe-senior-centers,門牌,1,0
232,嘉義縣鹿草鄉松竹村68之2號,嘉義縣鹿草鄉松竹村68之2號,嘉義縣鹿草鄉松竹村68-2號,嘉義縣,moe-senior-centers,門牌,1,0
233,嘉義縣鹿草鄉西井村12鄰長壽路221號,嘉義縣鹿草鄉西井村12鄰長壽路221號,嘉義縣鹿草鄉西井村12鄰長壽路221號,嘉義縣,moe-school-directory,門牌,1,0
234,嘉義縣鹿草鄉豐稠村馬稠後農場61號,嘉義縣鹿草鄉豐稠村馬稠後農場61號,嘉義縣鹿草鄉豐稠村馬稠後農場61號,嘉義縣,moe-cc-sites,門牌,1,0
235,嘉義縣鹿草鄉重寮村中寮160號,嘉義縣鹿草鄉重寮村中寮160號,嘉義縣鹿草鄉重寮村中寮160號,嘉義縣,moe-school-directory,門牌,1,0
236,基隆市七堵區南興路63巷8弄13號,基隆市七堵區南興路63巷8弄13號,基隆市七堵區南興路63巷8弄13號,基隆市,moe-cc-sites,門牌,1,0
237,基隆市七堵區崇孝街48號,基隆市七堵區崇孝街48號,基隆市七堵區崇孝街48號,基隆市,moe-senior-centers,門牌,1,0
238,基隆市七堵區永富路78之1號,基隆市七堵區永富路78之1號,基隆市七堵區永富路78之1號,基隆市,moe-cc-sites,門牌,1,0
239,基隆市七堵區百一街52之1號,基隆市七堵區百一街52之1號,基隆市七堵區百一街52-1號,基隆市,moe-cc-sites,門牌,1,0
240,基隆市中山區121號,基隆市中山區121號,基隆市中山區121號9樓,基隆市,moe-cc-sites,門牌,1,0
241,基隆市中山區中和路85巷23號,基隆市中山區中和路85巷23號,基隆市中山區中和路 85巷23號B1,基隆市,moe-cc-sites,門牌,1,0
242,基隆市中山區中華路42號,基隆市中山區中華路42號,基隆市中山區中華路42號,基隆市,moe-senior-centers,門牌,1,0
243,基隆市中正區北寧路367號,基隆市中正區北寧路367號,基隆市中正區北寧路367號,基隆市,moe-senior-centers,門牌,1,0
244,基隆市中正區祥豐街66號,基隆市中正區祥豐街66號,基隆市中正區祥豐街66號2樓,基隆市,moe-senior-centers,門牌,1,0
245,基隆市中正路34號,基隆市中正路34號,基隆市中正路34號4樓407室,基隆市,moe-cc-sites,門牌,1,0
246,基隆市仁一路265巷16號,基隆市仁一路265巷16號,基隆市仁一路265巷16號2樓,基隆市,moe-cc-sites,門牌,1,0
247,基隆市仁二路137巷2弄1之3號,基隆市仁二路137巷2弄1之3號,基隆市仁二路137巷2弄1之3號,基隆市,moe-cc-sites,門牌,1,0
248,基隆市仁二路139號,基隆市仁二路139號,基隆市仁二路139號,基隆市,moe-cc-sites,門牌,1,0
249,基隆市仁愛區劉銘傳路1號,基隆市仁愛區劉銘傳路1號,基隆市仁愛區劉銘傳路1號3樓,基隆市,moe-senior-centers,門牌,1,0
250,基隆市仁愛區愛二路9號,基隆市仁愛區愛二路9號,基隆市仁愛區愛二路9號2樓,基隆市,moe-cc-sites,門牌,1,0
251,基隆市信二路157號,基隆市信二路157號,基隆市信二路157號1樓,基隆市,moe-cc-sites,門牌,1,0
252,基隆市信二路40號,基隆市信二路40號,基隆市信二路40號,基隆市,moe-cc-sites,門牌,1,0
253,基隆市信義區仁一路7巷61號,基隆市信義區仁一路7巷61號,基隆市信義區仁一路7巷61號,基隆市,moe-cc-sites,門牌,1,0
254,基隆市信義區仁壽里信二路249號,基隆市信義區仁壽里信二路249號,基隆市信義區仁壽里信二路249號,基隆市,moe-senior-centers,門牌,1,0
255,基隆市北寧路396巷52號,基隆市北寧路396巷52號,基隆市北寧路396巷52號,基隆市,moe-cc-sites,門牌,1,0
256,基市安樂路2段183號,基隆市基市安樂路2段183號,基市安樂路二段183號之五6樓,基隆市,moe-cc-sites,門牌,1,0
257,基隆市基金一路41號,基隆市基金一路41號,基隆市基金一路41號,基隆市,moe-cc-sites,門牌,1,0
258,基隆市基金二路3巷1號,基隆市基金二路3巷1號,基隆市基金二路3巷1號,基隆市,moe-cc-sites,門牌,1,0
259,基隆市基金二路3巷3號,基隆市基金二路3巷3號,基隆市基金二路3巷3號,基隆市,moe-cc-sites,門牌,1,0
260,基龍是東新街3號,基隆市基龍是東新街3號,基 龍是東新街3號,基隆市,moe-cc-sites,門牌,1,0
261,基隆市安樂區2段164號,基隆市安樂區2段164號,基隆市安樂區二段164號9樓,基隆市,moe-cc-sites,門牌,1,0
262,基隆市安樂區崇德路12巷2號,基隆市安樂區崇德路12巷2號,基隆市安樂區崇德路12巷2號1樓,基隆市,moe-senior-centers,門牌,1,0
263,基隆市安樂路2段164號,基隆市安樂路2段164號,基隆市安樂路二段164號9樓,基隆市,moe-cc-sites,門牌,1,0
264,基隆市安樂路2段183號,基隆市安樂路2段183號,基隆市安樂路二段183號之五6樓,基隆市,moe-cc-sites,門牌,1,0
265,基隆市崇德路12巷2之4號,基隆市崇德路12巷2之4號,基隆市崇德路12巷2之4號,基隆市,moe-cc-sites,門牌,1,0
266,基隆市復興路206號,基隆市復興路206號,基隆市復興路206號1樓,基隆市,moe-cc-sites,門牌,1,0
267,基隆市忠二路29號,基隆市忠二路29號,基隆市忠二路29號5樓,基隆市,moe-cc-sites,門牌,1,0
267,基隆市忠二路29號,基隆市忠二路29號,基隆市忠二路29號樓,基隆市,moe-cc-sites,門牌,1,0
268,基隆市愛三路118號,基隆市愛三路118號,基隆市愛三路118號12樓,基隆市,moe-cc-sites,門牌,1,0
269,基隆市愛三路87號,基隆市愛三路87號,基隆市愛三路87號6樓,基隆市,moe-cc-sites,門牌,1,0
270,基隆市愛三路9號,基隆市愛三路9號,基隆市愛三路9號3樓,基隆市,moe-cc-sites,門牌,1,0
271,基隆市成功一路133巷5號,基隆市成功一路133巷5號,基隆市成功一路133巷5號,基隆市,moe-cc-sites,門牌,1,0
272,基隆市明德一路184號,基隆市明德一路184號,基隆市明德一路184號,基隆市,moe-cc-sites,門牌,1,0
273,基隆市暖暖區暖暖街121號,基隆市暖暖區暖暖街121號,基隆市暖暖區暖暖街121號,基隆市,moe-school-directory,門牌,1,0
274,基隆市暖暖區過港路54號,基隆市暖暖區過港路54號,基隆市暖暖區過港路54號,基隆市,moe-senior-centers,門牌,1,0
275,基隆市暖碇路181號,基隆市暖碇路181號,基隆市暖碇路181號,基隆市,moe-cc-sites,門牌,1,0
276,基隆市東信路324號,基隆市東信路324號,基隆市東信路 324 號,基隆市,moe-cc-sites,門牌,1,0
277,基隆市東新街3號,基隆市東新街3號,基隆市東新街3號,基隆市,moe-cc-sites,門牌,1,0
278,基隆市案樂區2段164號,基隆市案樂區2段164號,基隆市案樂區二段164號9樓,基隆市,moe-cc-sites,門牌,1,0
279,基隆市樂利三街34巷52號,基隆市樂利三街34巷52號,基隆市樂利三街34巷52號,基隆市,moe-cc-sites,門牌,1,0
280,基隆市深溪路55巷71號,基隆市深溪路55巷71號,基隆市深溪路55巷71號,基隆市,moe-cc-sites,門牌,1,0
281,基隆市深美街198號,基隆市深美街198號,基隆市深美街198號,基隆市,moe-cc-sites,門牌,1,0
282,基隆市港西街4號,基隆市港西街4號,基隆市港西街4號,基隆市,moe-cc-sites,門牌,1,0
283,基隆市獅球路6號,基隆市獅球路6號,基隆市獅球路6號,基隆市,moe-cc-sites,門牌,1,0
284,基隆市百一街52之1號,基隆市百一街52之1號,基隆市百一街52-1號,基隆市,moe-cc-sites,門牌,1,0
285,基隆市義一路18號,基隆市義一路18號,基隆市義一路18號12樓,基隆市,moe-cc-sites,門牌,1,0
286,基隆市義一路2號,基隆市義一路2號,基隆市義一路2號11樓,基隆市,moe-cc-sites,門牌,1,0
287,基隆市義三路4巷12號,基隆市義三路4巷12號,基隆市義三路4巷12號5樓,基隆市,moe-cc-sites,門牌,1,0
288,基隆市自來街13巷5之2號,基隆市自來街13巷5之2號,基隆市自來街13巷5之2號,基隆市,moe-cc-sites,門牌,1,0
289,基隆市麥金路177號,基隆市麥金路177號,基隆市麥金路177號4樓,基隆市,moe-cc-sites,門牌,2,0
290,基隆市麥金路439巷2號,基隆市麥金路439巷2號,基隆市麥金路439巷2號,基隆市,moe-cc-sites,門牌,1,0
291,宜蘭縣五結鄉二結路339號,宜蘭縣五結鄉二結路339號,宜蘭縣五結鄉二結路339號,宜蘭縣,moe-cc-sites,門牌,1,0
292,宜蘭縣五結鄉五濱路2段201號,宜蘭縣五結鄉五濱路2段201號,宜蘭縣五結鄉五濱路二段201號,宜蘭縣,moe-cc-sites,門牌,2,0
293,宜蘭縣五結鄉五結路2段343號,宜蘭縣五結鄉五結路2段343號,宜蘭縣五結鄉五結路二段343號,宜蘭縣,moe-senior-centers,門牌,1,0
294,宜蘭縣五結鄉大吉村大吉五路58號,宜蘭縣五結鄉大吉村大吉五路58號,宜蘭縣五結鄉大吉村大吉五路58號,宜蘭縣,moe-school-directory,門牌,1,0
295,宜蘭縣五結鄉舊街一路80號,宜蘭縣五結鄉舊街一路80號,宜蘭縣五結鄉舊街一路80號,宜蘭縣,moe-cc-sites,門牌,1,0
296,宜蘭縣五結鄉舊街二路88號,宜蘭縣五結鄉舊街二路88號,宜蘭縣五結鄉舊街二路88號,宜蘭縣,moe-cc-sites,門牌,1,0
297,宜蘭縣冬山鄉光明路55號,宜蘭縣冬山鄉光明路55號,宜蘭縣冬山鄉光明路55號,宜蘭縣,moe-cc-sites,門牌,2,0
298,宜蘭縣冬山鄉冬山路100號,宜蘭縣冬山鄉冬山路100號,宜蘭縣冬山鄉冬山路100號,宜蘭縣,moe-senior-centers,門牌,1,0
299,宜蘭縣冬山鄉冬山路5段51號,宜蘭縣冬山鄉冬山路5段51號,宜蘭縣冬山鄉冬山路五段51號,宜蘭縣,moe-cc-sites,門牌,1,0
300,宜蘭縣冬山鄉冬山路98之2號,宜蘭縣冬山鄉冬山路98之2號,宜蘭縣冬山鄉冬山路98-2號,宜蘭縣,moe-cc-sites,門牌,1,0
301,宜蘭縣冬山鄉得安村下湖路218之1號,宜蘭縣冬山鄉得安村下湖路218之1號,宜蘭縣冬山鄉得安村下湖路218-1號,宜蘭縣,moe-cc-sites,門牌,1,0
302,宜蘭縣冬山鄉照安2路418巷19號,宜蘭縣冬山鄉照安2路418巷19號,宜蘭縣冬山鄉照安2路418巷19號,宜蘭縣,moe-cc-sites,門牌,1,0
303,宜蘭縣冬山鄉照安路257號,宜蘭縣冬山鄉照安路257號,宜蘭縣冬山鄉照安路257號,宜蘭縣,moe-school-directory,門牌,1,0
304,宜蘭縣冬山鄉義成路2段378巷87號,宜蘭縣冬山鄉義成路2段378巷87號,宜蘭縣冬山鄉義成路二段378巷87號,宜蘭縣,moe-cc-sites,門牌,1,0
305,宜蘭縣南澳鄉中正路15號,宜蘭縣南澳鄉中正路15號,宜蘭縣南澳鄉中正路15號,宜蘭縣,moe-senior-centers,門牌,1,0
306,宜蘭縣南澳鄉金岳村金岳路2號,宜蘭縣南澳鄉金岳村金岳路2號,宜蘭縣南澳鄉金岳村金岳路2號,宜蘭縣,moe-school-directory,門牌,1,0
307,宜蘭縣員山鄉協進路88號,宜蘭縣員山鄉協進路88號,宜蘭縣員山鄉協進路88號,宜蘭縣,moe-school-directory,門牌,1,0
308,宜蘭縣員山鄉員山路3段316號,宜蘭縣員山鄉員山路3段316號,宜蘭縣員山鄉員山路三段316號,宜蘭縣,moe-cc-sites,門牌,1,0
309,員山鄉永同路2段186號,宜蘭縣員山鄉永同路2段186號,員山鄉永同路二段186號,宜蘭縣,moe-cc-sites,門牌,2,0
310,宜蘭縣員山鄉浮洲路30號,宜蘭縣員山鄉浮洲路30號,宜蘭縣員山鄉浮洲路30號,宜蘭縣,moe-school-directory,門牌,1,0
311,宜蘭縣壯圍鄉富祥路588號,宜蘭縣壯圍鄉富祥路588號,宜蘭縣壯圍鄉富祥路588號,宜蘭縣,moe-school-directory,門牌,1,0
312,宜蘭縣壯圍鄉紅葉路69號,宜蘭縣壯圍鄉紅葉路69號,宜蘭縣壯圍鄉紅葉路69號,宜蘭縣,moe-school-directory,門牌,1,0
313,宜蘭縣壯圍鄉美福路1段1號,宜蘭縣壯圍鄉美福路1段1號,宜蘭縣壯圍鄉美福路一段1號,宜蘭縣,moe-school-directory,門牌,1,0
314,宜蘭縣大同鄉崙埤村朝陽10之9號,宜蘭縣大同鄉崙埤村朝陽10之9號,宜蘭縣大同鄉崙埤村朝陽10之9號,宜蘭縣,moe-school-directory,門牌,1,0
314,宜蘭縣大同鄉崙埤村朝陽10之9號,宜蘭縣大同鄉崙埤村朝陽10之9號,宜蘭縣大同鄉崙埤村朝陽10-9號,宜蘭縣,moe-school-directory,門牌,1,0
315,宜蘭縣宜蘭市建業里10鄰縣政七街50巷1號,宜蘭縣宜蘭市建業里10鄰縣政七街50巷1號,宜蘭縣宜蘭市建業里10鄰縣政七街50巷1號,宜蘭縣,moe-school-directory,門牌,1,0
316,宜蘭縣礁溪鄉大忠村礁溪路4段135號,宜蘭縣礁溪鄉大忠村礁溪路4段135號,宜蘭縣礁溪鄉大忠村礁溪路四段135號,宜蘭縣,moe-school-directory,門牌,1,0
317,宜蘭縣礁溪鄉德陽路106號,宜蘭縣礁溪鄉德陽路106號,宜蘭縣礁溪鄉德陽路106號,宜蘭縣,moe-cc-sites,門牌,1,0
318,宜蘭縣礁溪鄉礁溪路4段135號,宜蘭縣礁溪鄉礁溪路4段135號,宜蘭縣礁溪鄉礁溪路四段135號,宜蘭縣,moe-senior-centers,門牌,1,0
319,蘇澳鎮內埤路117之2號,宜蘭縣蘇澳鎮內埤路117之2號,蘇澳鎮內埤路117之2號,宜蘭縣,moe-cc-sites,門牌,1,0
320,宜蘭縣蘇澳鎮勝利路1號,宜蘭縣蘇澳鎮勝利路1號,宜蘭縣蘇澳鎮勝利路1號,宜蘭縣,moe-cc-sites,門牌,1,0
321,宜蘭縣蘇澳鎮南澳路85號,宜蘭縣蘇澳鎮南澳路85號,宜蘭縣蘇澳鎮南澳路85號,宜蘭縣,moe-school-directory,門牌,1,0
322,蘇澳鎮學府路105巷34號,宜蘭縣蘇澳鎮學府路105巷34號,蘇澳鎮學府路105巷34號,宜蘭縣,moe-cc-sites,門牌,1,0
323,宜蘭縣蘇澳鎮長安里勝利路1之1號,宜蘭縣蘇澳鎮長安里勝利路1之1號,宜蘭縣蘇澳鎮長安里勝利路1~1號,宜蘭縣,moe-cc-sites,門牌,1,0
324,宜蘭縣頭城鎮更新路59號,宜蘭縣頭城鎮更新路59號,宜蘭縣頭城鎮更新路59號,宜蘭縣,moe-school-directory,門牌,1,0
325,宜蘭縣頭城鎮纘祥路39號,宜蘭縣頭城鎮纘祥路39號,宜蘭縣頭城鎮纘祥路39號,宜蘭縣,moe-cc-sites,門牌,1,0
325,頭城鎮纘祥路39號,宜蘭縣頭城鎮纘祥路39號,頭城鎮纘祥路39號,宜蘭縣,moe-cc-sites,門牌,2,0
326,屏東縣三地門鄉三地村中正路2段29巷7號,屏東縣三地門鄉三地村中正路2段29巷7號,屏東縣三地門鄉三地村中正路二段29巷7號,屏東縣,moe-senior-centers,門牌,1,0
327,九如鄉九如路2段205號,屏東縣九如鄉九如路2段205號,九如鄉九如路二段205號,屏東縣,moe-cc-sites,門牌,1,0
328,九如鄉九如路2段264號,屏東縣九如鄉九如路2段264號,九如鄉九如路2段264號(九如鄉立圖書館),屏東縣,moe-cc-sites,門牌,1,0
328,九如鄉九如路2段264號,屏東縣九如鄉九如路2段264號,九如鄉九如路二段264號,屏東縣,moe-cc-sites,門牌,1,0
328,九如鄉九如路2段264號,屏東縣九如鄉九如路2段264號,九如鄉九如路 2 段 264 號,屏東縣,moe-cc-sites,門牌,1,0
329,九如鄉後庄村後庄路68號,屏東縣九如鄉後庄村後庄路68號,九如鄉後庄村後庄路 68 號,屏東縣,moe-cc-sites,門牌,1,0
330,屏東縣佳冬鄉佳冬村佳農街67號,屏東縣佳冬鄉佳冬村佳農街67號,屏東縣佳冬鄉佳冬村佳農街67號,屏東縣,moe-school-directory,門牌,1,0
331,屏東縣佳冬鄉大同村武丁路33號,屏東縣佳冬鄉大同村武丁路33號,屏東縣佳冬鄉大同村武丁路33號,屏東縣,moe-cc-sites,門牌,1,0
332,屏東縣佳冬鄉豐隆村大東路20之3號,屏東縣佳冬鄉豐隆村大東路20之3號,屏東縣佳冬鄉豐隆村大東路20-3號,屏東縣,moe-cc-sites,門牌,1,0
333,屏東縣來義鄉中正路147號,屏東縣來義鄉中正路147號,屏東縣來義鄉中正路147號,屏東縣,moe-school-directory,門牌,1,0
334,屏東縣來義鄉古樓村中正路94號,屏東縣來義鄉古樓村中正路94號,屏東縣來義鄉古樓村中正路94號,屏東縣,moe-senior-centers,門牌,1,0
335,屏東縣內埔鄉光復路31號,屏東縣內埔鄉光復路31號,屏東縣內埔鄉光復路31號,屏東縣,moe-cc-sites,門牌,1,0
336,內埔鄉大同路2段福泉路120號,屏東縣內埔鄉大同路2段福泉路120號,內埔鄉大同路二段福泉路120號,屏東縣,moe-cc-sites,門牌,1,0
336,屏東縣內埔鄉大同路2段福泉路120號,屏東縣內埔鄉大同路2段福泉路120號,屏東縣內埔鄉大同路二段福泉路120號,屏東縣,moe-cc-sites,門牌,1,0
337,內埔鄉廣濟路2號,屏東縣內埔鄉廣濟路2號,內埔鄉廣濟路2號,屏東縣,moe-cc-sites,門牌,1,0
338,屏東縣內埔鄉東寧村平昌街33號,屏東縣內埔鄉東寧村平昌街33號,屏東縣內埔鄉東寧村平昌街33號（社團法人屏東縣深耕永續發展協會）,屏東縣,moe-cc-sites,門牌,1,0
339,屏東縣內埔鄉東寧村民善路3號,屏東縣內埔鄉東寧村民善路3號,屏東縣內埔鄉東寧村民善路3號(東寧村活動中心),屏東縣,moe-cc-sites,門牌,1,0
339,屏東縣內埔鄉東寧村民善路3號,屏東縣內埔鄉東寧村民善路3號,屏東縣內埔鄉東寧村民善路3號,屏東縣,moe-cc-sites,門牌,1,0
339,內埔鄉東寧村民善路3號,屏東縣內埔鄉東寧村民善路3號,內埔鄉東寧村民善路 3 號,屏東縣,moe-cc-sites,門牌,1,0
340,內埔鄉科大路1段36號,屏東縣內埔鄉科大路1段36號,內埔鄉科大路一段36號,屏東縣,moe-cc-sites,門牌,1,0
341,屏東縣內埔鄉老埤村學府路1號,屏東縣內埔鄉老埤村學府路1號,屏東縣內埔鄉老埤村學府路1號,屏東縣,moe-school-directory,門牌,1,0
342,屏東縣內埔鄉隘寮村清涼路1段453號,屏東縣內埔鄉隘寮村清涼路1段453號,屏東縣內埔鄉隘寮村清涼路一段453號,屏東縣,moe-senior-centers,門牌,1,0
343,屏東縣南州鄉中興路86號,屏東縣南州鄉中興路86號,屏東縣南州鄉中興路86號,屏東縣,moe-cc-sites,門牌,1,0
344,屏東縣南州鄉人和路235號,屏東縣南州鄉人和路235號,屏東縣南州鄉人和路235號,屏東縣,moe-cc-sites,門牌,1,0
345,屏東縣南州鄉仁里村仁里路11號,屏東縣南州鄉仁里村仁里路11號,屏東縣南州鄉仁里村仁里路11號,屏東縣,moe-senior-centers,門牌,1,0
346,南州鄉米崙村中興路86號,屏東縣南州鄉米崙村中興路86號,南州鄉米崙村中興路86號,屏東縣,moe-cc-sites,門牌,1,0
347,屏東市中山路58號,屏東縣屏東市中山路58號,屏東市中山路58號,屏東縣,moe-cc-sites,門牌,1,0
348,屏東市公義街17號,屏東縣屏東市公義街17號,屏東市公義街17號,屏東縣,moe-cc-sites,門牌,1,0
349,屏東市北興里公裕街300號,屏東縣屏東市北興里公裕街300號,屏東市北興里公裕街300號,屏東縣,moe-cc-sites,門牌,1,0
349,屏東縣屏東市北興里公裕街300號,屏東縣屏東市北興里公裕街300號,屏東縣屏東市北興里公裕街300號（至正國中）,屏東縣,moe-cc-sites,門牌,1,0
350,屏東縣屏東市安鎮里建國路202號,屏東縣屏東市安鎮里建國路202號,屏東縣屏東市安鎮里建國路202號,屏東縣,moe-school-directory,門牌,1,0
351,屏東縣屏東市廣東路150號,屏東縣屏東市廣東路150號,屏東縣屏東市廣東路150號,屏東縣,moe-school-directory,門牌,1,0
352,屏東市建豐路84巷8號,屏東縣屏東市建豐路84巷8號,屏東市建豐路84巷8號,屏東縣,moe-cc-sites,門牌,1,0
353,屏東市成功路163號,屏東縣屏東市成功路163號,屏東市成功路163號,屏東縣,moe-cc-sites,門牌,1,0
354,屏東縣屏東市民生東路12號,屏東縣屏東市民生東路12號,屏東縣屏東市民生東路12號,屏東縣,moe-school-directory,門牌,1,0
355,屏東市民貴二街56號,屏東縣屏東市民貴二街56號,屏東市民貴二街56號,屏東縣,moe-cc-sites,門牌,1,0
356,屏東縣屏東市永安里復興路376號,屏東縣屏東市永安里復興路376號,屏東縣屏東市永安里復興路376號,屏東縣,moe-school-directory,門牌,1,0
357,屏東市自由路270號,屏東縣屏東市自由路270號,屏東市自由路270號,屏東縣,moe-cc-sites,門牌,1,0
358,屏東市莊敬街2段13號,屏東縣屏東市莊敬街2段13號,屏東市莊敬街二段13號,屏東縣,moe-cc-sites,門牌,1,0
359,屏東縣屏東市華正路93號,屏東縣屏東市華正路93號,屏東縣屏東市華正路93號2樓,屏東縣,moe-senior-centers,門牌,1,0
360,屏東縣崁頂鄉洲子村光復路15之12號,屏東縣崁頂鄉洲子村光復路15之12號,屏東縣崁頂鄉洲子村光復路15之12號,屏東縣,moe-cc-sites,門牌,1,0
360,崁頂鄉洲子村光復路15之12號,屏東縣崁頂鄉洲子村光復路15之12號,崁頂鄉洲子村光復路 15 之 12號,屏東縣,moe-cc-sites,門牌,1,0
360,崁頂鄉洲子村光復路15之12號,屏東縣崁頂鄉洲子村光復路15之12號,崁頂鄉洲子村光復路15之12號(崁頂學習點),屏東縣,moe-cc-sites,門牌,1,0
361,屏東縣崁頂鄉田寮路1之15號,屏東縣崁頂鄉田寮路1之15號,屏東縣崁頂鄉田寮路1-15號,屏東縣,moe-cc-sites,門牌,1,0
362,恆春鎮中正路60號,屏東縣恆春鎮中正路60號,恆春鎮中正路60號,屏東縣,moe-cc-sites,門牌,1,0
363,恆春鎮北門路39巷26號,屏東縣恆春鎮北門路39巷26號,恆春鎮北門路39巷26號,屏東縣,moe-cc-sites,門牌,1,0
364,恆春鎮山腳里恆南路1巷60號,屏東縣恆春鎮山腳里恆南路1巷60號,恆春鎮山腳里恆南路1巷60號,屏東縣,moe-cc-sites,門牌,1,0
365,屏東縣恆春鎮恆公路903號,屏東縣恆春鎮恆公路903號,屏東縣恆春鎮恆公路903號,屏東縣,moe-cc-sites,門牌,1,0
366,屏東縣恆春鎮恆南路11巷2弄8號,屏東縣恆春鎮恆南路11巷2弄8號,屏東縣恆春鎮恆南路11巷2弄8號,屏東縣,moe-cc-sites,門牌,1,0
367,屏東縣恆春鎮恆南路125巷32號,屏東縣恆春鎮恆南路125巷32號,屏東縣恆春鎮恆南路125巷32號,屏東縣,moe-cc-sites,門牌,1,0
368,屏東縣恆春鎮恆南路158號,屏東縣恆春鎮恆南路158號,屏東縣恆春鎮恆南路158號,屏東縣,moe-cc-sites,門牌,1,0
368,恆春鎮恆南路158號,屏東縣恆春鎮恆南路158號,恆春鎮恆南路158號,屏東縣,moe-cc-sites,門牌,1,0
369,屏東縣恆春鎮恒南路38號,屏東縣恆春鎮恒南路38號,屏東縣恆春鎮恒南路38號,屏東縣,moe-school-directory,門牌,1,0
370,恆春鎮西門路146號,屏東縣恆春鎮西門路146號,恆春鎮西門路146號,屏東縣,moe-cc-sites,門牌,1,0
371,屏東縣新園鄉仙吉村89之2號,屏東縣新園鄉仙吉村89之2號,屏東縣新園鄉仙吉村(路)89之2號,屏東縣,moe-senior-centers,門牌,1,0
372,屏東縣新園鄉新東村平和路216號,屏東縣新園鄉新東村平和路216號,屏東縣新園鄉新東村平和路216號,屏東縣,moe-cc-sites,門牌,1,0
373,屏東縣新園鄉瓦磘村四環路3號,屏東縣新園鄉瓦磘村四環路3號,屏東縣新園鄉瓦磘村四環路3號,屏東縣,moe-school-directory,門牌,1,0
374,屏東縣新埤鄉建功村建成巷10號,屏東縣新埤鄉建功村建成巷10號,屏東縣新埤鄉建功村建成巷10號,屏東縣,moe-cc-sites,門牌,1,0
375,屏東縣新埤鄉打鐵村興東路138號,屏東縣新埤鄉打鐵村興東路138號,屏東縣新埤鄉打鐵村興東路138號,屏東縣,moe-cc-sites,門牌,1,0
376,屏東縣新埤鄉東興路138號,屏東縣新埤鄉東興路138號,屏東縣新埤鄉東興路138號,屏東縣,moe-cc-sites,門牌,1,0
377,屏東縣春日鄉七佳村自強一路18號,屏東縣春日鄉七佳村自強一路18號,屏東縣春日鄉七佳村自強一路18號1樓,屏東縣,moe-senior-centers,門牌,1,0
378,屏東縣春日鄉古華村古華路3巷63號,屏東縣春日鄉古華村古華路3巷63號,屏東縣春日鄉古華村古華路3巷63號,屏東縣,moe-school-directory,門牌,1,0
379,屏東縣東港鎮中正路2段258號,屏東縣東港鎮中正路2段258號,屏東縣東港鎮中正路二段258號,屏東縣,moe-school-directory,門牌,1,0
380,屏東縣東港鎮內關帝里4鄰興東二街63號,屏東縣東港鎮內關帝里4鄰興東二街63號,屏東縣東港鎮內關帝里4鄰興東二街63號2F,屏東縣,moe-senior-centers,門牌,1,0
381,屏東縣東港鎮共和里共和街45號,屏東縣東港鎮共和里共和街45號,屏東縣東港鎮共和里共和街45號,屏東縣,moe-school-directory,門牌,1,0
382,屏東縣枋寮鄉地利村建興路256號,屏東縣枋寮鄉地利村建興路256號,屏東縣枋寮鄉地利村建興路256號,屏東縣,moe-cc-sites,門牌,3,0
383,屏東縣枋寮鄉安樂村中山路171巷50號,屏東縣枋寮鄉安樂村中山路171巷50號,屏東縣枋寮鄉安樂村中山路171巷50號,屏東縣,moe-senior-centers,門牌,1,0
384,屏東縣枋寮鄉德興路33號,屏東縣枋寮鄉德興路33號,屏東縣枋寮鄉德興路33號,屏東縣,moe-cc-sites,門牌,1,0
385,屏東縣枋寮鄉枋寮村中興路33號,屏東縣枋寮鄉枋寮村中興路33號,屏東縣枋寮鄉枋寮村中興路33號,屏東縣,moe-cc-sites,門牌,1,0
386,屏東縣枋山鄉加祿村會社28號,屏東縣枋山鄉加祿村會社28號,屏東縣枋山鄉加祿村會社28號,屏東縣,moe-school-directory,門牌,1,0
387,屏東縣枋山鄉楓港村舊庄路1之2號,屏東縣枋山鄉楓港村舊庄路1之2號,屏東縣枋山鄉楓港村舊庄路1-2號,屏東縣,moe-senior-centers,門牌,1,0
388,林邊鄉中山路417號,屏東縣林邊鄉中山路417號,林邊鄉中山路417號,屏東縣,moe-cc-sites,門牌,1,0
389,屏東縣林邊鄉仁和村和平路41號,屏東縣林邊鄉仁和村和平路41號,屏東縣林邊鄉仁和村和平路41號,屏東縣,moe-senior-centers,門牌,1,0
390,屏東縣泰武鄉佳平村120號,屏東縣泰武鄉佳平村120號,屏東縣泰武鄉佳平村120號,屏東縣,moe-school-directory,門牌,1,0
391,屏東縣泰武鄉萬安村1鄰3號,屏東縣泰武鄉萬安村1鄰3號,屏東縣泰武鄉萬安村1鄰3號,屏東縣,moe-senior-centers,門牌,1,0
392,屏東縣泰武鄉萬安村萬安路1號,屏東縣泰武鄉萬安村萬安路1號,屏東縣泰武鄉萬安村萬安路1號,屏東縣,moe-school-directory,門牌,1,0
393,屏東縣滿州鄉中山路152號,屏東縣滿州鄉中山路152號,屏東縣滿州鄉中山路152號,屏東縣,moe-senior-centers,門牌,1,0
394,屏東縣潮州鎮三合路108號,屏東縣潮州鎮三合路108號,屏東縣潮州鎮三合路108號,屏東縣,moe-cc-sites,門牌,1,0
395,潮州鎮三林路186號,屏東縣潮州鎮三林路186號,潮州鎮三林路 186 號,屏東縣,moe-cc-sites,門牌,1,0
396,屏東縣潮州鎮中山路11號,屏東縣潮州鎮中山路11號,屏東縣潮州鎮中山路11號,屏東縣,moe-school-directory,門牌,1,0
397,屏東縣潮州鎮光華里中山路38號,屏東縣潮州鎮光華里中山路38號,屏東縣潮州鎮光華里中山路38號,屏東縣,moe-senior-centers,門牌,1,0
398,潮州鎮志成路201號,屏東縣潮州鎮志成路201號,潮州鎮志成路201號(光春國小),屏東縣,moe-cc-sites,門牌,1,0
398,潮州鎮志成路201號,屏東縣潮州鎮志成路201號,潮州鎮志成路 201 號,屏東縣,moe-cc-sites,門牌,1,0
398,屏東縣潮州鎮志成路201號,屏東縣潮州鎮志成路201號,屏東縣潮州鎮志成路201號,屏東縣,moe-cc-sites,門牌,1,0
399,屏東縣潮州鎮文化路226號,屏東縣潮州鎮文化路226號,屏東縣潮州鎮文化路226號,屏東縣,moe-cc-sites,門牌,1,0
400,潮州鎮文化路66號,屏東縣潮州鎮文化路66號,潮州鎮文化路 66 號,屏東縣,moe-cc-sites,門牌,1,0
401,屏東縣潮州鎮西市路33號,屏東縣潮州鎮西市路33號,屏東縣潮州鎮西市路33號2樓,屏東縣,moe-cc-sites,門牌,1,0
402,屏東縣潮州鎮連興路21號,屏東縣潮州鎮連興路21號,屏東縣潮州鎮連興路21號（葉泉力書法教室）,屏東縣,moe-cc-sites,門牌,1,0
402,屏東縣潮州鎮連興路21號,屏東縣潮州鎮連興路21號,屏東縣潮州鎮連興路21號,屏東縣,moe-cc-sites,門牌,1,0
402,潮州鎮連興路21號,屏東縣潮州鎮連興路21號,潮州鎮連興路 21 號,屏東縣,moe-cc-sites,門牌,1,0
403,屏東縣牡丹鄉石門村18號,屏東縣牡丹鄉石門村18號,屏東縣牡丹鄉石門村18號,屏東縣,moe-senior-centers,門牌,1,0
404,屏東縣獅子鄉楓林村二巷26號,屏東縣獅子鄉楓林村二巷26號,屏東縣獅子鄉楓林村二巷26號,屏東縣,moe-senior-centers,門牌,1,0
405,屏東縣獅子鄉楓林村楓林2巷22之2號,屏東縣獅子鄉楓林村楓林2巷22之2號,屏東縣獅子鄉楓林村楓林2巷22-2號,屏東縣,moe-school-directory,門牌,1,0
406,屏東縣瑪家鄉佳義村泰平巷77之3號,屏東縣瑪家鄉佳義村泰平巷77之3號,屏東縣瑪家鄉佳義村泰平巷77-3號,屏東縣,moe-senior-centers,門牌,1,0
407,屏東縣瑪家鄉北葉村風景巷1之22號,屏東縣瑪家鄉北葉村風景巷1之22號,屏東縣瑪家鄉北葉村風景巷1-22號,屏東縣,moe-school-directory,門牌,1,0
408,屏東縣竹田鄉中山路26號,屏東縣竹田鄉中山路26號,屏東縣竹田鄉中山路26號,屏東縣,moe-cc-sites,門牌,1,0
409,屏東縣竹田鄉中正路129號,屏東縣竹田鄉中正路129號,屏東縣竹田鄉中正路129號（格子咖啡館）,屏東縣,moe-cc-sites,門牌,1,0
410,屏東縣竹田鄉中正路21號,屏東縣竹田鄉中正路21號,屏東縣竹田鄉中正路21號,屏東縣,moe-cc-sites,門牌,1,0
411,屏東縣竹田鄉竹田村自強路8號,屏東縣竹田鄉竹田村自強路8號,屏東縣竹田鄉竹田村自強路8號,屏東縣,moe-senior-centers,門牌,1,0
412,屏東縣竹田鄉西勢村龍門路26號,屏東縣竹田鄉西勢村龍門路26號,屏東縣竹田鄉西勢村龍門路26號（竹田國中）,屏東縣,moe-cc-sites,門牌,1,0
413,竹田鄉豐明路23號,屏東縣竹田鄉豐明路23號,竹田鄉豐明路23號(釀造物產館),屏東縣,moe-cc-sites,門牌,1,0
413,竹田鄉豐明路23號,屏東縣竹田鄉豐明路23號,竹田鄉豐明路23號,屏東縣,moe-cc-sites,門牌,1,0
413,屏東縣竹田鄉豐明路23號,屏東縣竹田鄉豐明路23號,屏東縣竹田鄉豐明路23號,屏東縣,moe-cc-sites,門牌,1,0
414,屏東縣萬丹鄉四維東路567號,屏東縣萬丹鄉四維東路567號,屏東縣萬丹鄉四維東路567號,屏東縣,moe-senior-centers,門牌,1,0
415,屏東縣萬丹鄉水泉村泉利街95號,屏東縣萬丹鄉水泉村泉利街95號,屏東縣萬丹鄉水泉村泉利街95號,屏東縣,moe-cc-sites,門牌,2,0
416,屏東縣萬丹鄉泉利街95號,屏東縣萬丹鄉泉利街95號,屏東縣萬丹鄉泉利街95號（屏東縣萬丹鄉水泉社區發展協會）,屏東縣,moe-cc-sites,門牌,1,0
417,萬巒鄉萬全村褒忠路28號,屏東縣萬巒鄉萬全村褒忠路28號,萬巒鄉萬全村褒忠路 28 號,屏東縣,moe-cc-sites,門牌,1,0
418,屏東縣萬巒鄉萬和村中正路36號,屏東縣萬巒鄉萬和村中正路36號,屏東縣萬巒鄉萬和村中正路36號,屏東縣,moe-senior-centers,門牌,1,0
419,屏東縣里港鄉中山路105號,屏東縣里港鄉中山路105號,屏東縣里港鄉中山路105號,屏東縣,moe-cc-sites,門牌,1,0
420,屏東縣里港鄉永豐村永豐路1段1號,屏東縣里港鄉永豐村永豐路1段1號,屏東縣里港鄉永豐村永豐路1段1號,屏東縣,moe-senior-centers,門牌,1,0
421,屏東縣里港鄉玉田村玉田路42之9號,屏東縣里港鄉玉田村玉田路42之9號,屏東縣里港鄉玉田村玉田路42-9號,屏東縣,moe-cc-sites,門牌,1,0
422,屏東縣里港鄉過江村仁愛路33巷26號,屏東縣里港鄉過江村仁愛路33巷26號,屏東縣里港鄉過江村仁愛路33巷26號,屏東縣,moe-cc-sites,門牌,1,0
423,屏東縣里港鄉過江村過江路41號,屏東縣里港鄉過江村過江路41號,屏東縣里港鄉過江村過江路41號,屏東縣,moe-cc-sites,門牌,1,0
424,里港鄉鐵店村鐵店路41之46號,屏東縣里港鄉鐵店村鐵店路41之46號,里港鄉鐵店村鐵店路41-46號(鐵店社區活動中心),屏東縣,moe-cc-sites,門牌,1,0
424,里港鄉鐵店村鐵店路41之46號,屏東縣里港鄉鐵店村鐵店路41之46號,里港鄉鐵店村鐵店路 41-46 號,屏東縣,moe-cc-sites,門牌,1,0
424,屏東縣里港鄉鐵店村鐵店路41之46號,屏東縣里港鄉鐵店村鐵店路41之46號,屏東縣里港鄉鐵店村鐵店路41-46號,屏東縣,moe-cc-sites,門牌,1,0
425,屏東縣長治鄉仁義巷33號,屏東縣長治鄉仁義巷33號,屏東縣長治鄉仁義巷33號,屏東縣,moe-senior-centers,門牌,1,0
426,屏東縣長治鄉復興村新興路38號,屏東縣長治鄉復興村新興路38號,屏東縣長治鄉復興村新興路38號,屏東縣,moe-school-directory,門牌,1,0
427,屏東縣長治鄉新興路38號,屏東縣長治鄉新興路38號,屏東縣長治鄉新興路38號,屏東縣,moe-school-directory,門牌,1,0
428,屏東縣長治鄉潭頭村合興路13之5號,屏東縣長治鄉潭頭村合興路13之5號,屏東縣長治鄉潭頭村合興路13-5號,屏東縣,moe-cc-sites,門牌,1,0
429,屏東縣長治鄉進興村進興巷17號,屏東縣長治鄉進興村進興巷17號,屏東縣長治鄉進興村進興巷17號,屏東縣,moe-cc-sites,門牌,1,0
430,屏東縣長治鄉長興路401之1號,屏東縣長治鄉長興路401之1號,屏東縣長治鄉長興路401-1號,屏東縣,moe-cc-sites,門牌,1,0
430,屏東縣長治鄉長興路401之1號,屏東縣長治鄉長興路401之1號,屏東縣長治鄉長興路401-1號（氣機導引屏東會館）,屏東縣,moe-cc-sites,門牌,1,0
430,長治鄉長興路401之1號,屏東縣長治鄉長興路401之1號,長治鄉長興路 401-1 號,屏東縣,moe-cc-sites,門牌,1,0
431,屏東縣霧臺鄉霧臺村文化街200號,屏東縣霧臺鄉霧臺村文化街200號,屏東縣霧台鄉霧台村文化街200號,屏東縣,moe-senior-centers,門牌,1,0
432,高樹鄉華光路32號,屏東縣高樹鄉華光路32號,高樹鄉華光路32號,屏東縣,moe-cc-sites,門牌,1,0
433,屏東縣高樹鄉高樹村建源路25號,屏東縣高樹鄉高樹村建源路25號,屏東縣高樹鄉高樹村建源路25號,屏東縣,moe-senior-centers,門牌,1,0
434,屏東縣鹽埔鄉光復路90號,屏東縣鹽埔鄉光復路90號,屏東縣鹽埔鄉光復路90號,屏東縣,moe-cc-sites,門牌,1,0
434,鹽埔鄉光復路90號,屏東縣鹽埔鄉光復路90號,鹽埔鄉光復路90號,屏東縣,moe-cc-sites,門牌,1,0
435,鹽埔鄉彭厝路64號,屏東縣鹽埔鄉彭厝路64號,鹽埔鄉彭厝路64號(李秀玉老師工作室),屏東縣,moe-cc-sites,門牌,1,0
436,屏東縣鹽埔鄉新二村新埔路6號,屏東縣鹽埔鄉新二村新埔路6號,屏東縣鹽埔鄉新二村新埔路6號,屏東縣,moe-senior-centers,門牌,1,0
437,屏東縣鹽埔鄉維新路20號,屏東縣鹽埔鄉維新路20號,屏東縣鹽埔鄉維新路20號,屏東縣,moe-school-directory,門牌,1,0
438,屏東縣鹽埔鄉維新路67號,屏東縣鹽埔鄉維新路67號,屏東縣鹽埔鄉維新路67號（新圍國小）,屏東縣,moe-cc-sites,門牌,1,0
439,27彰化縣大城鄉中平路118號,彰化縣27彰化縣大城鄉中平路118號,27彰化縣大城鄉中平路118號,彰化縣,moe-senior-centers,門牌,1,0
440,彰化縣二林鎮中西里二城路7號,彰化縣二林鎮中西里二城路7號,彰化縣二林鎮中西里二城路7號,彰化縣,moe-cc-sites,門牌,1,0
441,彰化縣二林鎮二城路7號,彰化縣二林鎮二城路7號,彰化縣二林鎮二城路7號,彰化縣,moe-cc-sites,門牌,1,0
442,彰化縣二林鎮二溪路3段240號,彰化縣二林鎮二溪路3段240號,彰化縣二林鎮二溪路三段240號,彰化縣,moe-cc-sites,門牌,1,0
443,彰化縣二林鎮五權街92巷25號,彰化縣二林鎮五權街92巷25號,彰化縣二林鎮五權街92巷25號,彰化縣,moe-cc-sites,門牌,2,0
444,彰化縣二林鎮儒林路2段100之1號,彰化縣二林鎮儒林路2段100之1號,彰化縣二林鎮儒林路二段100-1號,彰化縣,moe-cc-sites,門牌,1,0
445,彰化縣二林鎮南光里儒林路2段100之1號,彰化縣二林鎮南光里儒林路2段100之1號,彰化縣二林鎮南光里儒林路二段100-1號,彰化縣,moe-cc-sites,門牌,1,0
446,彰化縣二林鎮南光里懷仁街8號,彰化縣二林鎮南光里懷仁街8號,彰化縣二林鎮南光里懷仁街8號,彰化縣,moe-cc-sites,門牌,1,0
447,彰化縣二林鎮建興街80號,彰化縣二林鎮建興街80號,彰化縣二林鎮建興街80號,彰化縣,moe-cc-sites,門牌,3,0
448,彰化縣二林鎮後厝里長春路637號,彰化縣二林鎮後厝里長春路637號,彰化縣二林鎮後厝里長春路637號,彰化縣,moe-cc-sites,門牌,1,0
449,彰化縣二林鎮東興里長青路臨139號,彰化縣二林鎮東興里長青路臨139號,彰化縣二林鎮東興里長青路臨139號,彰化縣,moe-cc-sites,門牌,1,0
450,彰化縣二林鎮果園街10巷12號,彰化縣二林鎮果園街10巷12號,彰化縣二林鎮果園街10巷12號,彰化縣,moe-cc-sites,門牌,1,0
451,彰化縣二林鎮永興里二溪路6段433號,彰化縣二林鎮永興里二溪路6段433號,彰化縣二林鎮永興里二溪路六段433號,彰化縣,moe-school-directory,門牌,1,0
452,彰化縣二林鎮二林鎮溝頭巷51號,彰化縣二林鎮溝頭巷51號,彰化縣二林鎮二林鎮溝頭巷51號,彰化縣,moe-cc-sites,門牌,1,0
453,彰化縣二林鎮照西路176巷1號,彰化縣二林鎮照西路176巷1號,彰化縣二林鎮照西路176巷1號,彰化縣,moe-cc-sites,門牌,1,0
454,彰化縣二林鎮萬合里太平路2段600號,彰化縣二林鎮萬合里太平路2段600號,彰化縣二林鎮萬合里太平路二段600號,彰化縣,moe-cc-sites,門牌,1,0
454,彰化縣二林鎮萬合里太平路2段600號,彰化縣二林鎮萬合里太平路2段600號,彰化縣二林鎮萬合里太平路2段600號,彰化縣,moe-cc-sites,門牌,1,0
455,彰化縣二林鎮西平里西和一街65號,彰化縣二林鎮西平里西和一街65號,彰化縣二林鎮西平里西和一街65號,彰化縣,moe-cc-sites,門牌,1,0
456,彰化縣二林鎮豐田里南安路41號,彰化縣二林鎮豐田里南安路41號,彰化縣二林鎮豐田里南安路41號,彰化縣,moe-cc-sites,門牌,4,0
457,彰化縣二林鎮豐田里斗苑路4段636號,彰化縣二林鎮豐田里斗苑路4段636號,彰化縣二林鎮豐田里斗苑路4段636號,彰化縣,moe-cc-sites,門牌,1,0
458,彰化縣二水鄉光化村一巷2號,彰化縣二水鄉光化村一巷2號,彰化縣二水鄉光化村一巷2號,彰化縣,moe-cc-sites,門牌,1,0
459,彰化縣二水鄉光化村光進一巷20之1號,彰化縣二水鄉光化村光進一巷20之1號,彰化縣二水鄉光化村光進一巷20-1號,彰化縣,moe-cc-sites,門牌,1,0
460,彰化縣二水鄉合和村番田二巷26號,彰化縣二水鄉合和村番田二巷26號,彰化縣二水鄉合和村番田二巷26號,彰化縣,moe-cc-sites,門牌,1,0
461,彰化縣二水鄉員集路3段678號,彰化縣二水鄉員集路3段678號,彰化縣二水鄉員集路三段678號,彰化縣,moe-senior-centers,門牌,1,0
462,彰化縣二水鄉大園村員集路2段442號,彰化縣二水鄉大園村員集路2段442號,彰化縣二水鄉大園村員集路二段442號,彰化縣,moe-cc-sites,門牌,1,0
462,彰化縣二水鄉大園村員集路2段442號,彰化縣二水鄉大園村員集路2段442號,彰化縣二水鄉大園村員集路2段442號,彰化縣,moe-cc-sites,門牌,1,0
463,彰化縣伸港鄉六塊寮26號,彰化縣伸港鄉六塊寮26號,彰化縣伸港鄉六塊寮26號,彰化縣,moe-cc-sites,門牌,1,0
464,彰化縣伸港鄉新港村忠孝東街50號,彰化縣伸港鄉新港村忠孝東街50號,彰化縣伸港鄉新港村忠孝東街50號,彰化縣,moe-cc-sites,門牌,2,0
465,伸港鄉新港村自強路臨30號,彰化縣伸港鄉新港村自強路臨30號,伸港鄉新港村自強路臨30號,彰化縣,moe-cc-sites,門牌,1,0
466,彰化縣伸港鄉曾家村曾家路136之2號,彰化縣伸港鄉曾家村曾家路136之2號,彰化縣伸港鄉曾家村曾家路136-2號,彰化縣,moe-cc-sites,門牌,1,0
467,伸港鄉曾家村曾家路72號,彰化縣伸港鄉曾家村曾家路72號,伸港鄉曾家村曾家路72號,彰化縣,moe-cc-sites,門牌,1,0
467,彰化縣伸港鄉曾家村曾家路72號,彰化縣伸港鄉曾家村曾家路72號,彰化縣伸港鄉曾家村曾家路72號,彰化縣,moe-cc-sites,門牌,1,0
468,彰化縣伸港鄉泉厝路44之3號,彰化縣伸港鄉泉厝路44之3號,彰化縣伸港鄉泉厝路44之3號,彰化縣,moe-cc-sites,門牌,1,0
469,伸港鄉泉州村仁愛路123號,彰化縣伸港鄉泉州村仁愛路123號,伸港鄉泉州村仁愛路123號,彰化縣,moe-cc-sites,門牌,1,0
470,彰化縣公園路2段301號,彰化縣公園路2段301號,彰化縣公園路二段301號,彰化縣,moe-cc-sites,門牌,1,0
471,彰化縣北斗鎮光復路216號,彰化縣北斗鎮光復路216號,彰化縣北斗鎮光復路216號,彰化縣,moe-senior-centers,門牌,1,0
472,彰化縣和美鎮信義路241號,彰化縣和美鎮信義路241號,彰化縣和美鎮信義路241號,彰化縣,moe-cc-sites,門牌,2,0
473,彰化縣和美鎮南佃里嘉佃路157號,彰化縣和美鎮南佃里嘉佃路157號,彰化縣和美鎮南佃里嘉佃路157號,彰化縣,moe-senior-centers,門牌,1,0
474,彰化縣和美鎮南安路105號,彰化縣和美鎮南安路105號,彰化縣和美鎮南安路105號,彰化縣,moe-cc-sites,門牌,1,0
475,彰化縣和美鎮和厝路1段276號,彰化縣和美鎮和厝路1段276號,彰化縣和美鎮和厝路一段276號,彰化縣,moe-cc-sites,門牌,1,0
476,彰化縣和美鎮和西里和卿路101號,彰化縣和美鎮和西里和卿路101號,彰化縣和美鎮和西里和卿路101號,彰化縣,moe-cc-sites,門牌,1,0
477,彰化縣和美鎮和頭路237號,彰化縣和美鎮和頭路237號,彰化縣和美鎮和頭路237號,彰化縣,moe-cc-sites,門牌,2,0
478,彰化縣和美鎮彰和路2段176號,彰化縣和美鎮彰和路2段176號,彰化縣和美鎮彰和路2段176號,彰化縣,moe-cc-sites,門牌,1,0
478,彰化縣和美鎮彰和路2段176號,彰化縣和美鎮彰和路2段176號,彰化縣和美鎮彰和路二段176號,彰化縣,moe-cc-sites,門牌,1,0
479,和美鎮晉北路458號,彰化縣和美鎮晉北路458號,和美鎮晉北路458號,彰化縣,moe-cc-sites,門牌,1,0
480,彰化縣和美鎮東發路100巷30號,彰化縣和美鎮東發路100巷30號,彰化縣和美鎮東發路100巷30號,彰化縣,moe-cc-sites,門牌,1,0
481,彰化縣和美鎮東發路100巷36號,彰化縣和美鎮東發路100巷36號,彰化縣和美鎮東發路100巷36號之1號,彰化縣,moe-cc-sites,門牌,1,0
482,彰化縣和美鎮桂東路159巷18號,彰化縣和美鎮桂東路159巷18號,彰化縣和美鎮桂東路159巷18號,彰化縣,moe-cc-sites,門牌,1,0
483,和美鎮竹社路123號,彰化縣和美鎮竹社路123號,和美鎮竹社路123號,彰化縣,moe-cc-sites,門牌,1,0
483,彰化縣和美鎮竹社路123號,彰化縣和美鎮竹社路123號,彰化縣和美鎮竹社路123號,彰化縣,moe-cc-sites,門牌,1,0
484,彰化縣和美鎮美寮路2段490號,彰化縣和美鎮美寮路2段490號,彰化縣和美鎮美寮路二段490號,彰化縣,moe-cc-sites,門牌,1,0
485,彰化縣和美鎮雅安路265號,彰化縣和美鎮雅安路265號,彰化縣和美鎮雅安路265號,彰化縣,moe-cc-sites,門牌,1,0
486,員林市三橋里三橋街403號,彰化縣員林市三橋里三橋街403號,員林市三橋里三橋街403號,彰化縣,moe-cc-sites,門牌,1,0
487,員林市中山路2段107號,彰化縣員林市中山路2段107號,員林市中山路二段107號,彰化縣,moe-cc-sites,門牌,1,0
488,員林市中正路473巷10號,彰化縣員林市中正路473巷10號,員林市中正路473巷10號,彰化縣,moe-cc-sites,門牌,1,0
489,彰化縣員林市中正里三民街2之1號,彰化縣員林市中正里三民街2之1號,彰化縣員林市中正里三民街2-1號,彰化縣,moe-cc-sites,門牌,1,0
490,員林市光明街141巷20號,彰化縣員林市光明街141巷20號,員林市光明街141巷20號,彰化縣,moe-cc-sites,門牌,1,0
491,彰化縣員林市光明街31號,彰化縣員林市光明街31號,彰化縣員林市光明街31號,彰化縣,moe-cc-sites,門牌,2,0
492,員林市出水里出水巷13之1號,彰化縣員林市出水里出水巷13之1號,員林市出水里出水巷13-1號,彰化縣,moe-cc-sites,門牌,1,0
493,員林市南昌路128號,彰化縣員林市南昌路128號,員林市南昌路128號,彰化縣,moe-cc-sites,門牌,1,0
494,員林市員東路1段402號,彰化縣員林市員東路1段402號,員林市員東路一段402號,彰化縣,moe-cc-sites,門牌,1,0
495,員林市員東路2段347號,彰化縣員林市員東路2段347號,員林市員東路二段347號,彰化縣,moe-cc-sites,門牌,1,0
496,彰化縣員林市員水路2段357號,彰化縣員林市員水路2段357號,彰化縣員林市員水路二段357號,彰化縣,moe-cc-sites,門牌,1,0
497,員林市員水路2段421巷46弄7號,彰化縣員林市員水路2段421巷46弄7號,員林市員水路二段421巷46弄7號,彰化縣,moe-cc-sites,門牌,1,0
498,員林市員水路2段421巷85號,彰化縣員林市員水路2段421巷85號,員林市員水路二段421巷85號,彰化縣,moe-cc-sites,門牌,1,0
499,員林市員水路2段465巷15弄19號,彰化縣員林市員水路2段465巷15弄19號,員林市員水路二段465巷15弄19號,彰化縣,moe-cc-sites,門牌,1,0
500,員林市員鹿路140號,彰化縣員林市員鹿路140號,員林市員鹿路140號,彰化縣,moe-cc-sites,門牌,1,0
501,員林市大同路1段285巷71號,彰化縣員林市大同路1段285巷71號,員林市大同路一段285巷71號,彰化縣,moe-cc-sites,門牌,1,0
502,員林市大同路1段295號,彰化縣員林市大同路1段295號,員林市大同路一段295號,彰化縣,moe-cc-sites,門牌,1,0
503,員林市大同路1段376號,彰化縣員林市大同路1段376號,員林市大同路一段376號,彰化縣,moe-cc-sites,門牌,1,0
504,員林市大同路2段5巷2號,彰化縣員林市大同路2段5巷2號,員林市大同路二段5巷2號,彰化縣,moe-cc-sites,門牌,1,0
505,員林市大同路2段72之1號,彰化縣員林市大同路2段72之1號,員林市大同路二段72之1號,彰化縣,moe-cc-sites,門牌,1,0
506,員林市建國路185號,彰化縣員林市建國路185號,員林市建國路185號1樓,彰化縣,moe-cc-sites,門牌,1,0
507,員林市建國路289號,彰化縣員林市建國路289號,員林市建國路289號,彰化縣,moe-cc-sites,門牌,1,0
508,員林市新生路354號,彰化縣員林市新生路354號,員林市新生路354號,彰化縣,moe-cc-sites,門牌,2,0
509,員林市林森路127號,彰化縣員林市林森路127號,員林市林森路127號,彰化縣,moe-cc-sites,門牌,1,0
510,員林市永和街22號,彰化縣員林市永和街22號,員林市永和街22號,彰化縣,moe-cc-sites,門牌,1,0
511,員林市永安街9號,彰化縣員林市永安街9號,員林市永安街9號,彰化縣,moe-cc-sites,門牌,1,0
512,員林市永興街184號,彰化縣員林市永興街184號,員林市永興街184號,彰化縣,moe-cc-sites,門牌,1,0
513,員林市浮圳路1段200號,彰化縣員林市浮圳路1段200號,員林市浮圳路一段200號,彰化縣,moe-cc-sites,門牌,1,0
514,員林市育英路30號,彰化縣員林市育英路30號,員林市育英路30號,彰化縣,moe-cc-sites,門牌,1,0
515,員林市雙平路28號,彰化縣員林市雙平路28號,員林市雙平路28號,彰化縣,moe-cc-sites,門牌,1,0
516,員林市龍富街61號,彰化縣員林市龍富街61號,員林市龍富街61號,彰化縣,moe-cc-sites,門牌,1,0
517,彰化縣埔心鄉五通北路23號,彰化縣埔心鄉五通北路23號,彰化縣埔心鄉五通北路23號,彰化縣,moe-cc-sites,門牌,1,0
518,彰化縣埔心鄉員鹿路4段201號,彰化縣埔心鄉員鹿路4段201號,彰化縣埔心鄉員鹿路四段201號,彰化縣,moe-cc-sites,門牌,1,0
519,彰化縣埔心鄉員鹿路4段273號,彰化縣埔心鄉員鹿路4段273號,彰化縣埔心鄉員鹿路四段273號,彰化縣,moe-cc-sites,門牌,1,0
520,彰化縣埔心鄉埔心村武英北路417號,彰化縣埔心鄉埔心村武英北路417號,彰化縣埔心鄉埔心村武英北路417號,彰化縣,moe-senior-centers,門牌,1,0
521,彰化縣埔心鄉武聖路491號,彰化縣埔心鄉武聖路491號,彰化縣埔心鄉武聖路491號,彰化縣,moe-cc-sites,門牌,1,0
522,埔心鄉油車村二抱路3段42號,彰化縣埔心鄉油車村二抱路3段42號,埔心鄉油車村二抱路三段42號,彰化縣,moe-cc-sites,門牌,1,0
523,彰化縣埔心鄉舊館村員鹿路4段282號,彰化縣埔心鄉舊館村員鹿路4段282號,彰化縣埔心鄉舊館村員鹿路四段282號,彰化縣,moe-cc-sites,門牌,1,0
524,彰化縣埔鹽鄉埔鹽村埔港路68號,彰化縣埔鹽鄉埔鹽村埔港路68號,彰化縣埔鹽鄉埔鹽村埔港路68號,彰化縣,moe-senior-centers,門牌,1,0
525,彰化縣埔鹽鄉崑崙村彰水路1段74號,彰化縣埔鹽鄉崑崙村彰水路1段74號,彰化縣埔鹽鄉崑崙村彰水路一段74號,彰化縣,moe-cc-sites,門牌,2,0
526,彰化縣埤頭鄉安康街78號,彰化縣埤頭鄉安康街78號,彰化縣埤頭鄉安康街78號,彰化縣,moe-cc-sites,門牌,1,0
527,彰化縣埤頭鄉斗苑西路138號,彰化縣埤頭鄉斗苑西路138號,彰化縣埤頭鄉斗苑西路138號,彰化縣,moe-senior-centers,門牌,1,0
528,彰化縣大城鄉東城村中平路132號,彰化縣大城鄉東城村中平路132號,彰化縣大城鄉東城村中平路132號,彰化縣,moe-cc-sites,門牌,1,0
529,彰化縣大村鄉中正西路338號,彰化縣大村鄉中正西路338號,彰化縣大村鄉中正西路338號,彰化縣,moe-senior-centers,門牌,1,0
530,彰化縣彰化市一德南路232號,彰化縣彰化市一德南路232號,彰化縣彰化市一德南路232號,彰化縣,moe-cc-sites,門牌,1,0
531,彰化市三民路436號,彰化縣彰化市三民路436號,彰化市三民路436號,彰化縣,moe-cc-sites,門牌,1,0
532,彰化市中正路1段226巷29號,彰化縣彰化市中正路1段226巷29號,彰化市中正路一段226巷29號,彰化縣,moe-senior-centers,門牌,1,0
533,彰化縣彰化市中興路78號,彰化縣彰化市中興路78號,彰化縣彰化市中興路78號,彰化縣,moe-school-directory,門牌,1,0
534,彰化縣彰化市彰化市中興路98號,彰化縣彰化市中興路98號,彰化縣彰化市彰化市中興路98號,彰化縣,moe-school-directory,門牌,1,0
535,彰化市光復路25號,彰化縣彰化市光復路25號,彰化市光復路25號,彰化縣,moe-cc-sites,門牌,1,0
536,彰化縣彰化市南郭路1段326號,彰化縣彰化市南郭路1段326號,彰化縣彰化市南郭路一段326號,彰化縣,moe-school-directory,門牌,1,0
537,彰化市大埔路676號,彰化縣彰化市大埔路676號,彰化市大埔路676號,彰化縣,moe-cc-sites,門牌,1,0
538,彰化縣彰化市彰水路145號,彰化縣彰化市彰水路145號,彰化縣彰化市彰水路145號,彰化縣,moe-school-directory,門牌,1,0
539,彰化市桃源里虎崗路1號,彰化縣彰化市桃源里虎崗路1號,彰化市桃源里虎崗路 1 號,彰化縣,moe-cc-sites,門牌,1,0
540,彰化市民族路267號,彰化縣彰化市民族路267號,彰化市民族路267號3樓,彰化縣,moe-senior-centers,門牌,1,0
541,彰化縣彰化市石牌里石牌路1段192巷3號,彰化縣彰化市石牌里石牌路1段192巷3號,彰化縣彰化市石牌里石牌路一段192巷3號,彰化縣,moe-cc-sites,門牌,1,0
542,彰化縣彰化市虎崗路1號,彰化縣彰化市虎崗路1號,彰化縣彰化市虎崗路1號,彰化縣,moe-cc-sites,門牌,1,0
543,彰化縣彰化縣二林鎮東勢里面前巷2號,彰化縣彰化縣二林鎮東勢里面前巷2號,彰化縣彰化縣二林鎮東勢里面前巷2號,彰化縣,moe-cc-sites,門牌,1,0
544,彰化縣永靖鄉永社路266號,彰化縣永靖鄉永社路266號,彰化縣永靖鄉永社路266號,彰化縣,moe-senior-centers,門牌,1,0
545,彰化縣永靖鄉湳港村永社路205號,彰化縣永靖鄉湳港村永社路205號,彰化縣永靖鄉湳港村永社路205號,彰化縣,moe-cc-sites,門牌,2,0
546,永靖鄉瑚璉村永興路3段295號,彰化縣永靖鄉瑚璉村永興路3段295號,永靖鄉瑚璉村永興路三段295號,彰化縣,moe-cc-sites,門牌,1,0
547,彰化縣溪州鄉圳南路138號,彰化縣溪州鄉圳南路138號,彰化縣溪州鄉圳南路138號,彰化縣,moe-senior-centers,門牌,1,0
548,彰化縣溪湖鎮北勢里二溪路2段35巷8號,彰化縣溪湖鎮北勢里二溪路2段35巷8號,彰化縣溪湖鎮北勢里二溪路二段35巷8號,彰化縣,moe-cc-sites,門牌,1,0
549,彰化縣溪湖鎮北聖路20號,彰化縣溪湖鎮北聖路20號,彰化縣溪湖鎮北聖路20號,彰化縣,moe-cc-sites,門牌,1,0
550,彰化縣溪湖鎮員鹿路3段279號,彰化縣溪湖鎮員鹿路3段279號,彰化縣溪湖鎮員鹿路3段279號,彰化縣,moe-cc-sites,門牌,1,0
551,彰化縣溪湖鎮地政路250號,彰化縣溪湖鎮地政路250號,彰化縣溪湖鎮地政路250號,彰化縣,moe-cc-sites,門牌,1,0
552,彰化縣溪湖鎮太平里文二街15號,彰化縣溪湖鎮太平里文二街15號,彰化縣溪湖鎮太平里文二街15號,彰化縣,moe-cc-sites,門牌,1,0
553,彰化縣溪湖鎮德華街17號,彰化縣溪湖鎮德華街17號,彰化縣溪湖鎮德華街17號3樓,彰化縣,moe-senior-centers,門牌,1,0
554,彰化縣溪湖鎮文二街15號,彰化縣溪湖鎮文二街15號,彰化縣溪湖鎮文二街15號,彰化縣,moe-cc-sites,門牌,1,0
555,彰化縣溪湖鎮東寮里彰水路4段60號,彰化縣溪湖鎮東寮里彰水路4段60號,彰化縣溪湖鎮東寮里彰水路四段60號,彰化縣,moe-cc-sites,門牌,1,0
556,彰化縣溪湖鎮河東里二溪路666號,彰化縣溪湖鎮河東里二溪路666號,彰化縣溪湖鎮河東里二溪路666號(聖母宮),彰化縣,moe-cc-sites,門牌,1,0
557,彰化縣溪湖鎮湖東里青雅路58號,彰化縣溪湖鎮湖東里青雅路58號,彰化縣溪湖鎮湖東里青雅路58號,彰化縣,moe-cc-sites,門牌,1,0
558,彰化縣溪湖鎮頂寮西寮里員鹿路269之1號,彰化縣溪湖鎮頂寮西寮里員鹿路269之1號,彰化縣溪湖鎮頂寮西寮里員鹿路269之1號,彰化縣,moe-cc-sites,門牌,1,0
559,彰化縣田中鎮中南路2段210號,彰化縣田中鎮中南路2段210號,彰化縣田中鎮中南路二段210號,彰化縣,moe-cc-sites,門牌,1,0
560,彰化縣田中鎮中南路2段421號,彰化縣田中鎮中南路2段421號,彰化縣田中鎮中南路二段421號,彰化縣,moe-cc-sites,門牌,1,0
561,彰化縣田中鎮中南路2段608巷48號,彰化縣田中鎮中南路2段608巷48號,彰化縣田中鎮中南路二段608巷48號,彰化縣,moe-cc-sites,門牌,1,0
562,彰化縣田中鎮中南路3段512號,彰化縣田中鎮中南路3段512號,彰化縣田中鎮中南路三段512號7樓,彰化縣,moe-cc-sites,門牌,1,0
562,彰化縣田中鎮中南路3段512號,彰化縣田中鎮中南路3段512號,彰化縣田中鎮中南路三段512號,彰化縣,moe-cc-sites,門牌,1,0
563,彰化縣田中鎮中州路1段177號,彰化縣田中鎮中州路1段177號,彰化縣田中鎮中州路一段177號,彰化縣,moe-cc-sites,門牌,2,0
564,彰化縣田中鎮中潭里員集路3段125巷276號,彰化縣田中鎮中潭里員集路3段125巷276號,彰化縣田中鎮中潭里員集路三段125巷276號,彰化縣,moe-cc-sites,門牌,1,0
565,彰化縣田中鎮斗中路2段230巷248號,彰化縣田中鎮斗中路2段230巷248號,彰化縣田中鎮斗中路二段230巷248號,彰化縣,moe-cc-sites,門牌,1,0
566,彰化縣田中鎮新民里五福街92之1號,彰化縣田中鎮新民里五福街92之1號,彰化縣田中鎮新民里五福街92-1號,彰化縣,moe-cc-sites,門牌,1,0
567,彰化縣田中鎮東發路100巷36之1號,彰化縣田中鎮東發路100巷36之1號,彰化縣田中鎮東發路100巷36-1 號,彰化縣,moe-cc-sites,門牌,1,0
568,彰化縣田中鎮沙崙里酪農路191號,彰化縣田中鎮沙崙里酪農路191號,彰化縣田中鎮沙崙里酪農路191號,彰化縣,moe-cc-sites,門牌,1,0
569,彰化縣田中鎮田中鎮西路街24號,彰化縣田中鎮西路街24號,彰化縣田中鎮田中鎮西路街24號,彰化縣,moe-cc-sites,門牌,1,0
570,彰化縣田尾鄉公所路186巷25號,彰化縣田尾鄉公所路186巷25號,彰化縣田尾鄉公所路186巷25號,彰化縣,moe-senior-centers,門牌,1,0
571,彰化縣田尾鄉正義村中正路1段233號,彰化縣田尾鄉正義村中正路1段233號,彰化縣田尾鄉正義村中正路1段233號,彰化縣,moe-cc-sites,門牌,1,0
572,彰化縣田尾鄉正義村中正路1段288號,彰化縣田尾鄉正義村中正路1段288號,彰化縣田尾鄉正義村中正路1段288號,彰化縣,moe-cc-sites,門牌,1,0
573,彰化縣田尾鄉福田村光復路1段98巷189號,彰化縣田尾鄉福田村光復路1段98巷189號,彰化縣田尾鄉福田村光復路1段98巷189號,彰化縣,moe-cc-sites,門牌,1,0
574,彰化縣社頭鄉員集路1段615號,彰化縣社頭鄉員集路1段615號,彰化縣社頭鄉員集路一段615號,彰化縣,moe-cc-sites,門牌,1,0
575,彰化縣社頭鄉員集路1段689號,彰化縣社頭鄉員集路1段689號,彰化縣社頭鄉員集路一段689號,彰化縣,moe-cc-sites,門牌,1,0
576,彰化縣社頭鄉廣興村中興路47號,彰化縣社頭鄉廣興村中興路47號,彰化縣社頭鄉廣興村中興路47號,彰化縣,moe-cc-sites,門牌,1,0
577,彰化縣社頭鄉民生路371號,彰化縣社頭鄉民生路371號,彰化縣社頭鄉民生路371號,彰化縣,moe-senior-centers,門牌,1,0
578,彰化縣社頭鄉清水岩路1號,彰化縣社頭鄉清水岩路1號,彰化縣社頭鄉清水岩路1號,彰化縣,moe-cc-sites,門牌,1,0
579,彰化縣社頭鄉社斗路1段336號,彰化縣社頭鄉社斗路1段336號,彰化縣社頭鄉社斗路一段336號,彰化縣,moe-cc-sites,門牌,1,0
580,彰化縣福興鄉同安村同安巷3之1號,彰化縣福興鄉同安村同安巷3之1號,彰化縣福興鄉同安村同安巷3-1號,彰化縣,moe-cc-sites,門牌,1,0
581,彰化縣福興鄉外中村外中街123號,彰化縣福興鄉外中村外中街123號,彰化縣福興鄉外中村外中街123號,彰化縣,moe-cc-sites,門牌,1,0
582,彰化縣福興鄉復興路78號,彰化縣福興鄉復興路78號,彰化縣福興鄉復興路78號,彰化縣,moe-cc-sites,門牌,1,0
583,彰化縣福興鄉番婆村彰鹿路6段148號,彰化縣福興鄉番婆村彰鹿路6段148號,彰化縣福興鄉番婆村彰鹿路6段148號,彰化縣,moe-cc-sites,門牌,1,0
584,彰化縣福興鄉番社村番社街11之5號,彰化縣福興鄉番社村番社街11之5號,彰化縣福興鄉番社村番社街11-5號,彰化縣,moe-cc-sites,門牌,1,0
585,彰化縣福興鄉福興村福興路51巷6號,彰化縣福興鄉福興村福興路51巷6號,彰化縣福興鄉福興村福興路51巷6號,彰化縣,moe-senior-centers,門牌,1,0
586,彰化縣福興鄉西勢村西勢街34號,彰化縣福興鄉西勢村西勢街34號,彰化縣福興鄉西勢村西勢街34號,彰化縣,moe-cc-sites,門牌,1,0
587,彰化縣秀水鄉中山路257號,彰化縣秀水鄉中山路257號,彰化縣秀水鄉中山路257號,彰化縣,moe-cc-sites,門牌,2,0
588,彰化縣秀水鄉中山路99號,彰化縣秀水鄉中山路99號,彰化縣秀水鄉中山路99號,彰化縣,moe-senior-centers,門牌,1,0
589,彰化縣秀水鄉安東村枋林巷60號,彰化縣秀水鄉安東村枋林巷60號,彰化縣秀水鄉安東村枋林巷60號,彰化縣,moe-cc-sites,門牌,1,0
590,彰化縣竹塘鄉土庫村東陽路1段安平巷2之1號,彰化縣竹塘鄉土庫村東陽路1段安平巷2之1號,彰化縣竹塘鄉土庫村東陽路一段安平巷2-1號,彰化縣,moe-senior-centers,門牌,1,0
591,彰化縣竹塘鄉民靖村成功路94號,彰化縣竹塘鄉民靖村成功路94號,彰化縣竹塘鄉民靖村成功路94號,彰化縣,moe-cc-sites,門牌,2,0
592,彰化縣線西鄉中央路2段15號,彰化縣線西鄉中央路2段15號,彰化縣線西鄉中央路二段15號,彰化縣,moe-cc-sites,門牌,1,0
593,彰化縣線西鄉中央路2段20號,彰化縣線西鄉中央路2段20號,彰化縣線西鄉中央路二段20號,彰化縣,moe-cc-sites,門牌,1,0
594,彰化縣線西鄉中央路2段536巷31號,彰化縣線西鄉中央路2段536巷31號,彰化縣線西鄉中央路二段536巷31號,彰化縣,moe-cc-sites,門牌,1,0
595,彰化縣線西鄉塭仔路91號,彰化縣線西鄉塭仔路91號,彰化縣線西鄉塭仔路91號,彰化縣,moe-cc-sites,門牌,1,0
596,線西鄉寓埔路177之1號,彰化縣線西鄉寓埔路177之1號,線西鄉寓埔路177-1號,彰化縣,moe-cc-sites,門牌,1,0
597,彰化縣線西鄉沿海路2段334巷32號,彰化縣線西鄉沿海路2段334巷32號,彰化縣線西鄉沿海路二段334巷32號,彰化縣,moe-cc-sites,門牌,1,0
598,線西鄉溝內路34之1號,彰化縣線西鄉溝內路34之1號,線西鄉溝內路34-1號,彰化縣,moe-cc-sites,門牌,1,0
599,彰化縣線西鄉草豐路501巷5號,彰化縣線西鄉草豐路501巷5號,彰化縣線西鄉草豐路501巷5號,彰化縣,moe-cc-sites,門牌,1,0
600,彰化縣線西鄉頂犁村頂犁?48之1號,彰化縣線西鄉頂犁村頂犁?48之1號,彰化縣線西鄉頂犁村 頂犁?48之1號,彰化縣,moe-cc-sites,門牌,1,0
601,彰化縣線西鄉頂犁村頂犁路48之1號,彰化縣線西鄉頂犁村頂犁路48之1號,彰化縣線西鄉頂犁村頂犁路48-1號,彰化縣,moe-cc-sites,門牌,1,0
602,彰化縣線西鄉頂犁路48號,彰化縣線西鄉頂犁路48號,彰化縣線西鄉頂犁路48號1號,彰化縣,moe-cc-sites,門牌,1,0
603,彰化縣芬園鄉大彰路1段448號,彰化縣芬園鄉大彰路1段448號,彰化縣芬園鄉大彰路一段448號,彰化縣,moe-cc-sites,門牌,1,0
604,彰化縣芬園鄉太平路67號,彰化縣芬園鄉太平路67號,彰化縣芬園鄉太平路67號,彰化縣,moe-cc-sites,門牌,1,0
605,彰化縣芬園鄉太平路77巷12號,彰化縣芬園鄉太平路77巷12號,彰化縣芬園鄉太平路77巷12號502,彰化縣,moe-cc-sites,門牌,1,0
606,彰化縣芬園鄉彰南路4段25號,彰化縣芬園鄉彰南路4段25號,彰化縣芬園鄉彰南路4段25號,彰化縣,moe-senior-centers,門牌,1,0
607,彰化縣花壇鄉長沙村中正路72號,彰化縣花壇鄉長沙村中正路72號,彰化縣花壇鄉長沙村中正路72號,彰化縣,moe-senior-centers,門牌,1,0
608,彰化縣芳苑鄉新生巷5之1號,彰化縣芳苑鄉新生巷5之1號,彰化縣芳苑鄉新生巷5之1號,彰化縣,moe-school-directory,門牌,1,0
609,彰化縣芳苑鄉漢寶村成功一路45號,彰化縣芳苑鄉漢寶村成功一路45號,彰化縣芳苑鄉漢寶村成功一路45號,彰化縣,moe-senior-centers,門牌,1,0
610,彰化縣芳苑鄉芳漢路129巷100號,彰化縣芳苑鄉芳漢路129巷100號,彰化縣芳苑鄉芳漢路129巷100號,彰化縣,moe-school-directory,門牌,1,0
611,彰化縣鹿港鎮後車巷47號,彰化縣鹿港鎮後車巷47號,彰化縣鹿港鎮後車巷47號,彰化縣,moe-cc-sites,門牌,1,0
612,彰化縣鹿港鎮自由路300號,彰化縣鹿港鎮自由路300號,彰化縣鹿港鎮自由路300號,彰化縣,moe-school-directory,門牌,2,0
613,彰化縣鹿港鎮頂厝里舊港巷26－12號,彰化縣鹿港鎮頂厝里舊港巷26之12號,彰化縣鹿港鎮頂厝里舊港巷26－12號,彰化縣,moe-cc-sites,門牌,1,0
614,彰化縣鹿港鎮頭崙里頂草路2段150號,彰化縣鹿港鎮頭崙里頂草路2段150號,彰化縣鹿港鎮頭崙里頂草路2段150號,彰化縣,moe-senior-centers,門牌,1,0
615,新北市三峽區介壽路2段138巷98號,新北市三峽區介壽路2段138巷98號,新北市三峽區介壽路二段138巷98 號,新北市,moe-cc-sites,門牌,1,0
616,新北市三峽區大學路66號,新北市三峽區大學路66號,新北市三峽區大學路66號,新北市,moe-cc-sites,門牌,1,0
617,新北市三峽區學成路389號,新北市三峽區學成路389號,新北市三峽區學成路389號,新北市,moe-cc-sites,門牌,1,0
618,新北市三峽區愛國路8號,新北市三峽區愛國路8號,新北市三峽區愛國路8號2樓,新北市,moe-cc-sites,門牌,1,0
619,新北市三峽區插角里插角路39號,新北市三峽區插角里插角路39號,新北市三峽區插角里插角路39號,新北市,moe-school-directory,門牌,1,0
620,新北市三峽區民生街186號,新北市三峽區民生街186號,新北市三峽區民生街186號,新北市,moe-cc-sites,門牌,1,0
621,新北市三峽區長泰街100號,新北市三峽區長泰街100號,新北市三峽區長泰街100號,新北市,moe-cc-sites,門牌,1,0
622,新北市三芝區民生街31號,新北市三芝區民生街31號,新北市三芝區民生街31號3樓,新北市,moe-cc-sites,門牌,1,0
623,三芝區淡金路1段37號,新北市三芝區淡金路1段37號,三芝區淡金路一段37號,新北市,moe-cc-sites,門牌,1,0
624,三芝區淡金路1段38號,新北市三芝區淡金路1段38號,三芝區淡金路一段38號,新北市,moe-cc-sites,門牌,1,0
625,新北市三芝區興華里田心子5號,新北市三芝區興華里田心子5號,新北市三芝區興華里田心子5號,新北市,moe-school-directory,門牌,1,0
626,三重區三和路3段170巷49號,新北市三重區三和路3段170巷49號,三重區三和路3段170巷49號，可從忠孝路一段45巷進入較近,新北市,moe-cc-sites,門牌,1,0
626,新北市三重區三和路3段170巷49號,新北市三重區三和路3段170巷49號,新北市三重區三和路三段170巷49號2樓,新北市,moe-cc-sites,門牌,1,0
627,三重區三和路3段1號,新北市三重區三和路3段1號,三重區三和路3段1號,新北市,moe-cc-sites,門牌,1,0
627,三重區三和路3段1號,新北市三重區三和路3段1號,三重區三和路三段1號,新北市,moe-cc-sites,門牌,1,0
628,新北市三重區仁義街228巷12號,新北市三重區仁義街228巷12號,新北市三重區仁義街228巷12號,新北市,moe-cc-sites,門牌,1,0
629,新北市三重區大同南路172巷30號,新北市三重區大同南路172巷30號,新北市三重區大同南路172巷30號,新北市,moe-cc-sites,門牌,1,0
630,新北市三重區雙園街1號,新北市三重區雙園街1號,新北市三重區雙園街1號,新北市,moe-cc-sites,門牌,1,0
631,中和區興南路2段3巷17號,新北市中和區興南路2段3巷17號,中和區興南路二段3巷17號,新北市,moe-cc-sites,門牌,1,0
632,中正路18號,新北市中正路18號,中正路18號4樓-3,新北市,moe-cc-sites,門牌,1,0
633,新北市五股區新北市五股區五權路17號,新北市五股區新北市五股區五權路17號,新北市五股區新北市五股區	五權路17號7樓,新北市,taiwanjobs,門牌,1,0
634,新北市五股成泰路2段49弄15號,新北市五股成泰路2段49弄15號,新北市五股成泰路2段49弄15號,新北市,moe-cc-sites,門牌,1,0
635,新北市八里區中山路2段356巷16號,新北市八里區中山路2段356巷16號,新北市八里區中山路二段356巷16號,新北市,moe-cc-sites,門牌,1,0
636,新北市八里區中華路3段236號,新北市八里區中華路3段236號,新北市八里區中華路三段236號,新北市,moe-school-directory,門牌,1,0
637,八里區忠八街2號,新北市八里區忠八街2號,八里區忠八街2號,新北市,moe-cc-sites,門牌,1,0
638,八里區龍米路2段96號,新北市八里區龍米路2段96號,八里區龍米路二段96號,新北市,moe-cc-sites,門牌,1,0
639,新北市八里區龍米路2段98號,新北市八里區龍米路2段98號,新北市八里區龍米路二段98號,新北市,moe-cc-sites,門牌,1,0
640,土城區中正路18號,新北市土城區中正路18號,土城區中正路18號4樓-2,新北市,moe-cc-sites,門牌,1,0
640,土城區中正路18號,新北市土城區中正路18號,土城區中正路18號4樓-1,新北市,moe-cc-sites,門牌,1,0
641,新北市土城區員林里員林街15號,新北市土城區員林里員林街15號,新北市土城區員林里員林街15號,新北市,moe-cc-sites,門牌,1,0
642,新北市土城區土城里興城路12號,新北市土城區土城里興城路12號,新北市土城區土城里興城路12號,新北市,moe-cc-sites,門牌,1,0
643,新北市土城區學府路1段129之125號,新北市土城區學府路1段129之125號,新北市土城區學府路一段129-125號,新北市,moe-cc-sites,門牌,1,0
644,新北市土城區永豐里清水路234巷5號,新北市土城區永豐里清水路234巷5號,新北市土城區永豐里清水路234巷5號,新北市,moe-cc-sites,門牌,1,0
645,土城區金城路2段247號,新北市土城區金城路2段247號,土城區金城路二段247號,新北市,moe-cc-sites,門牌,1,0
646,新北是新莊區中原路191號,新北市新北是新莊區中原路191號,新北是新莊區中原路191號2樓,新北市,moe-cc-sites,門牌,1,0
647,新北市新店區中正路367號,新北市新店區中正路367號,新北市新店區中正路367號,新北市,moe-cc-sites,門牌,2,0
648,新莊區中環路2段392號,新北市新莊區中環路2段392號,新莊區中環路二段392號之1,新北市,moe-cc-sites,門牌,1,0
649,新北市新莊區民全里民安路261號,新北市新莊區民全里民安路261號,新北市新莊區民全里民安路261號,新北市,moe-school-directory,門牌,1,0
650,新北市板橋區南雅南路2段1號,新北市板橋區南雅南路2段1號,新北市板橋區南雅南路二段1號,新北市,moe-school-directory,門牌,1,0
651,新北市板橋區成都街30號,新北市板橋區成都街30號,新北市板橋區成都街30號,新北市,moe-cc-sites,門牌,2,0
652,新北市板橋區柏翠里文化路2段413號,新北市板橋區柏翠里文化路2段413號,新北市板橋區柏翠里文化路二段413號,新北市,moe-school-directory,門牌,1,0
653,新北市林口區仁愛里文化一路1段137號,新北市林口區仁愛里文化一路1段137號,新北市林口區仁愛里文化一路一段137號2樓,新北市,moe-cc-sites,門牌,1,0
654,新北市林口區佳林路200號,新北市林口區佳林路200號,新北市林口區佳林路200號,新北市,moe-school-directory,門牌,1,0
655,新北市林口區南勢二街154號,新北市林口區南勢二街154號,新北市林口區南勢二街154號,新北市,moe-cc-sites,門牌,1,0
656,新北市林口區南勢街538號,新北市林口區南勢街538號,新北市林口區南勢街538號,新北市,moe-cc-sites,門牌,1,0
657,新北市林口區嘉寶里22號,新北市林口區嘉寶里22號,新北市林口區嘉寶里22號,新北市,moe-school-directory,門牌,1,0
658,新北市林口區文化北路1段379號,新北市林口區文化北路1段379號,新北市林口區文化北路一段379號,新北市,moe-school-directory,門牌,1,0
659,新北市林口區林口路76號,新北市林口區林口路76號,新北市林口區林口路76號,新北市,moe-cc-sites,門牌,1,0
660,樹林區中正路21之1號,新北市樹林區中正路21之1號,樹林區中正路21-1號2樓,新北市,moe-cc-sites,門牌,1,0
661,新北市樹林區中正路21號,新北市樹林區中正路21號,新北市樹林區中正路21號-1,新北市,moe-cc-sites,門牌,1,0
662,新北市樹林區保安街1段289巷3號,新北市樹林區保安街1段289巷3號,新北市樹林區保安街一段289巷3號對面,新北市,moe-cc-sites,門牌,1,0
663,樹林區復興路225巷2號,新北市樹林區復興路225巷2號,樹林區復興路225巷2號,新北市,moe-cc-sites,門牌,1,0
664,樹林區文化街112巷2號,新北市樹林區文化街112巷2號,樹林區文化街112巷2號,新北市,moe-cc-sites,門牌,1,0
665,新北市樹林區鎮前街467號,新北市樹林區鎮前街467號,新北市樹林區鎮前街467號,新北市,moe-cc-sites,門牌,1,0
666,新北市永和區中正路100號,新北市永和區中正路100號,新北市永和區中正路100號,新北市,moe-school-directory,門牌,1,0
667,新北市永和區中正路666巷70號,新北市永和區中正路666巷70號,新北市永和區中正路666巷70號,新北市,moe-cc-sites,門牌,1,0
668,新北市永和區中正路70號,新北市永和區中正路70號,新北市永和區中正路70號666 巷,新北市,moe-cc-sites,門牌,1,0
669,新北市永和區安樂路204之216號,新北市永和區安樂路204之216號,新北市永和區安樂路204-216號,新北市,moe-cc-sites,門牌,1,0
670,永和區安樂路431號,新北市永和區安樂路431號,永和區安樂路431 號2 樓,新北市,moe-cc-sites,門牌,2,0
670,新北市永和區安樂路431號,新北市永和區安樂路431號,新北市永和區安樂路431號2樓,新北市,moe-cc-sites,門牌,1,0
671,新北市永和區成功路1段1號,新北市永和區成功路1段1號,新北市永和區成功路一段1號,新北市,moe-cc-sites,門牌,2,0
672,新北市永和區文化路172號,新北市永和區文化路172號,新北市永和區文化路172號,新北市,moe-school-directory,門牌,1,0
673,永和區永利路71號,新北市永和區永利路71號,永和區永利路71號,新北市,moe-cc-sites,門牌,1,0
674,新北市永和區福和路125巷20號,新北市永和區福和路125巷20號,新北市永和區福和路125巷20號,新北市,moe-school-directory,門牌,1,0
675,新北市永和區竹林路34號,新北市永和區竹林路34號,新北市永和區竹林路34號,新北市,moe-school-directory,門牌,1,0
676,汐止區信義路1號,新北市汐止區信義路1號,汐止區信義路一號2F,新北市,moe-cc-sites,門牌,1,0
677,汐止區勤進路1號,新北市汐止區勤進路1號,汐止區勤進路1號3F,新北市,moe-cc-sites,門牌,1,0
677,汐止區勤進路1號,新北市汐止區勤進路1號,汐止區勤進路1號1F,新北市,moe-cc-sites,門牌,1,0
677,汐止區勤進路1號,新北市汐止區勤進路1號,汐止區勤進路1號2F,新北市,moe-cc-sites,門牌,1,0
678,汐止區南興路83巷17號,新北市汐止區南興路83巷17號,汐止區南興路83巷17號,新北市,moe-cc-sites,門牌,2,0
679,汐止區大同路2段394號,新北市汐止區大同路2段394號,汐止區大同路二段394號,新北市,moe-cc-sites,門牌,2,0
680,新北市汐止區康寧街520號,新北市汐止區康寧街520號,新北市汐止區康寧街520號之1號,新北市,moe-cc-sites,門牌,1,0
681,新北市汐止區建成路39號,新北市汐止區建成路39號,新北市汐止區建成路39號,新北市,moe-cc-sites,門牌,1,0
682,新北市汐止區復興路1之1號,新北市汐止區復興路1之1號,新北市汐止區復興路1-1號,新北市,moe-cc-sites,門牌,1,0
683,汐止區忠孝東路201號,新北市汐止區忠孝東路201號,汐止區忠孝東路201號,新北市,moe-cc-sites,門牌,2,0
684,新北市汐止區橫科路117號,新北市汐止區橫科路117號,新北市汐止區橫科路117號,新北市,moe-cc-sites,門牌,1,0
685,汐止區汐平路2段107號,新北市汐止區汐平路2段107號,汐止區汐平路二段107號,新北市,moe-cc-sites,門牌,1,0
686,汐止區福德一路141巷50、52號,新北市汐止區福德一路141巷50、52號,汐止區福德一路141巷50、52號,新北市,moe-cc-sites,門牌,2,0
687,新北市汐止區福德三路9號,新北市汐止區福德三路9號,新北市汐止區福德三路9號,新北市,moe-cc-sites,門牌,1,0
688,汐止區茄苳路225巷35號,新北市汐止區茄苳路225巷35號,汐止區茄苳路225巷35號3樓,新北市,moe-cc-sites,門牌,1,0
689,新北市汐止區茄苳路82號,新北市汐止區茄苳路82號,新北市汐止區茄苳路82號22177,新北市,moe-cc-sites,門牌,2,0
690,汐止區褔德一路232號,新北市汐止區褔德一路232號,汐止區褔德一路232號之一2樓,新北市,moe-cc-sites,門牌,1,0
691,新北市泰山區民生路33號,新北市泰山區民生路33號,新北市泰山區民生路33號,新北市,moe-school-directory,門牌,1,0
692,新北市泰山區貴子里工專路84號,新北市泰山區貴子里工專路84號,新北市泰山區貴子里工專路84號,新北市,moe-school-directory,門牌,1,0
693,淡水區三民街2巷6號,新北市淡水區三民街2巷6號,淡水區三民街2巷6號,新北市,moe-cc-sites,門牌,1,0
694,新北市淡水區中正東路1段3巷6號,新北市淡水區中正東路1段3巷6號,新北市淡水區中正東路一段3巷6號,新北市,moe-cc-sites,門牌,1,0
694,新北市淡水區中正東路1段3巷6號,新北市淡水區中正東路1段3巷6號,新北市淡水區中正東路一段3巷6號2樓,新北市,moe-cc-sites,門牌,1,0
694,淡水區中正東路1段3巷6號,新北市淡水區中正東路1段3巷6號,淡水區中正東路一段3巷6號2樓,新北市,moe-cc-sites,門牌,1,0
695,新北市淡水區中正東路2段29之5號,新北市淡水區中正東路2段29之5號,新北市淡水區中正東路二段29-5號2F,新北市,moe-cc-sites,門牌,1,0
695,新北市淡水區中正東路2段29之5號,新北市淡水區中正東路2段29之5號,新北市淡水區中正東路二段29-5號2樓,新北市,moe-cc-sites,門牌,1,0
696,新北市淡水區中正路1段2號,新北市淡水區中正路1段2號,新北市淡水區中正路一段2號,新北市,moe-cc-sites,門牌,1,0
697,淡水區北新路109號,新北市淡水區北新路109號,淡水區北新路109號,新北市,moe-cc-sites,門牌,1,0
698,新北市淡水區協元里中山路160號,新北市淡水區協元里中山路160號,新北市淡水區協元里中山路160號,新北市,moe-school-directory,門牌,1,0
699,新北市淡水區坪頂路757號,新北市淡水區坪頂路757號,新北市淡水區坪頂路757號,新北市,moe-school-directory,門牌,1,0
700,淡水區學府路99號,新北市淡水區學府路99號,淡水區學府路99號,新北市,moe-cc-sites,門牌,1,0
701,新北市淡水區後寮6號,新北市淡水區後寮6號,新北市淡水區後寮6號,新北市,moe-cc-sites,門牌,1,0
702,新北市淡水區新市二路2段81號,新北市淡水區新市二路2段81號,新北市淡水區新市二路二段81號,新北市,moe-school-directory,門牌,1,0
703,淡水區新民街1段138巷7號,新北市淡水區新民街1段138巷7號,淡水區新民街一段138巷7號,新北市,moe-cc-sites,門牌,1,0
704,新北市淡水區沙崙路300號,新北市淡水區沙崙路300號,新北市淡水區沙崙路300號9F,新北市,moe-cc-sites,門牌,1,0
704,新北市淡水區沙崙路300號,新北市淡水區沙崙路300號,新北市淡水區沙崙路300號9樓,新北市,moe-cc-sites,門牌,1,0
705,新北市淡水區濱海路3段150號,新北市淡水區濱海路3段150號,新北市淡水區濱海路三段150號,新北市,moe-school-directory,門牌,2,0
706,新北市淡水區福德里自強路51號,新北市淡水區福德里自強路51號,新北市淡水區福德里自強路51號,新北市,moe-cc-sites,門牌,1,0
707,新北市淡水新民街1段138巷7號,新北市淡水新民街1段138巷7號,新北市淡水新民街一段138巷7號,新北市,moe-cc-sites,門牌,1,0
708,新北市深坑區北深路1段83巷8弄36號,新北市深坑區北深路1段83巷8弄36號,新北市深坑區北深路一段83巷8弄36號,新北市,moe-cc-sites,門牌,1,0
708,深坑區北深路1段83巷8弄36號,新北市深坑區北深路1段83巷8弄36號,深坑區北深路一段83巷8弄36號,新北市,moe-cc-sites,門牌,3,0
709,新北市烏來區新烏路5段111號,新北市烏來區新烏路5段111號,新北市烏來區新烏路五段111號,新北市,moe-cc-sites,門牌,3,0
710,新北市瑞芳區銅山里祈堂路217號,新北市瑞芳區銅山里祈堂路217號,新北市瑞芳區銅山里祈堂路217號,新北市,moe-school-directory,門牌,1,0
711,新北市瑞芳區魚寮路146號,新北市瑞芳區魚寮路146號,新北市瑞芳區魚寮路146號,新北市,moe-cc-sites,門牌,1,0
712,新北市石碇區靜安路1段245號,新北市石碇區靜安路1段245號,新北市石碇區靜安路一段245號,新北市,moe-cc-sites,門牌,3,0
713,新北市石門區中山路34號,新北市石門區中山路34號,新北市石門區中山路34號,新北市,moe-cc-sites,門牌,1,0
714,新北市石門區山溪里老崩山6之5號,新北市石門區山溪里老崩山6之5號,新北市石門區山溪里老崩山6之5號,新北市,moe-cc-sites,門牌,2,0
714,石門區山溪里老崩山6之5號,新北市石門區山溪里老崩山6之5號,石門區山溪里老崩山6-5號,新北市,moe-cc-sites,門牌,1,0
715,新北市萬里區瑪鋉路157號,新北市萬里區瑪鋉路157號,新北市萬里區瑪鋉路157號,新北市,moe-cc-sites,門牌,2,0
716,新北市萬里區瑪鋉路15號,新北市萬里區瑪鋉路15號,新北市萬里區瑪鋉路15號,新北市,moe-cc-sites,門牌,4,0
717,蘆洲區信義路266巷9號,新北市蘆洲區信義路266巷9號,蘆洲區信義路266巷9號1樓,新北市,moe-cc-sites,門牌,1,0
718,新北市蘆洲區民族路33巷8號,新北市蘆洲區民族路33巷8號,新北市蘆洲區民族路33巷8號1樓,新北市,moe-cc-sites,門牌,1,0
719,新北市蘆洲區民權路78號,新北市蘆洲區民權路78號,新北市蘆洲區民權路78號1樓,新北市,moe-cc-sites,門牌,1,0
720,新北市貢寮區嵩陽街42號,新北市貢寮區嵩陽街42號,新北市貢寮區嵩陽街42號,新北市,moe-school-directory,門牌,1,0
721,新北市貢寮區雞母嶺街6之6號,新北市貢寮區雞母嶺街6之6號,新北市貢寮區雞母嶺街6之6號,新北市,moe-school-directory,門牌,1,0
722,新北市金山區萬壽里海興路49號,新北市金山區萬壽里海興路49號,新北市金山區萬壽里海興路49號,新北市,moe-school-directory,門牌,1,0
723,新北市金山區西湖里法鼓路700號,新北市金山區西湖里法鼓路700號,新北市金山區西湖里法鼓路700號,新北市,moe-school-directory,門牌,1,0
724,新北市金山區重和里11鄰六股林口38號,新北市金山區重和里11鄰六股林口38號,新北市金山區重和里11鄰六股林口38號,新北市,moe-school-directory,門牌,1,0
725,新北市雙溪區梅竹蹊路3號,新北市雙溪區梅竹蹊路3號,新北市雙溪區梅竹蹊路3號,新北市,moe-cc-sites,門牌,1,0
726,新北市鶯歌區中山路138巷3之4號,新北市鶯歌區中山路138巷3之4號,新北市鶯歌區中山路138巷3-4號,新北市,moe-cc-sites,門牌,1,0
727,新北市鶯歌區二甲里1鄰環河路169號,新北市鶯歌區二甲里1鄰環河路169號,新北市鶯歌區二甲里1鄰環河路169號,新北市,moe-cc-sites,門牌,1,0
728,鶯歌區德昌二街2號,新北市鶯歌區德昌二街2號,鶯歌區德昌二街2號,新北市,moe-cc-sites,門牌,1,0
729,新北市鶯歌區文化路181號,新北市鶯歌區文化路181號,新北市鶯歌區文化路181號,新北市,moe-cc-sites,門牌,1,0
730,新北市鶯歌區文化路215號,新北市鶯歌區文化路215號,新北市鶯歌區文化路215 號,新北市,moe-cc-sites,門牌,1,0
731,新竹市中山路598號,新竹市中山路598號,新竹市中山路598號,新竹市,moe-cc-sites,門牌,1,0
732,新竹市中正路20號,新竹市中正路20號,新竹市中正路20號3樓,新竹市,moe-cc-sites,門牌,1,0
733,新竹市中正路521號,新竹市中正路521號,新竹市中正路521號,新竹市,moe-cc-sites,門牌,1,0
734,新竹市中華路2段49號,新竹市中華路2段49號,新竹市中華路2段49號6樓之1,新竹市,moe-cc-sites,門牌,1,0
734,新竹市中華路2段49號,新竹市中華路2段49號,新竹市中華路二段49號,新竹市,moe-cc-sites,門牌,1,0
735,新竹市光復路1段163巷53弄1之4號,新竹市光復路1段163巷53弄1之4號,新竹市光復路一段163巷53弄1-4號,新竹市,moe-cc-sites,門牌,1,0
736,新竹市光復路1段448號,新竹市光復路1段448號,新竹市光復路一段448號2樓,新竹市,moe-cc-sites,門牌,1,0
737,新竹市光復路1段525巷27號,新竹市光復路1段525巷27號,新竹市光復路一段525巷27號,新竹市,moe-cc-sites,門牌,1,0
738,新竹市北區國華街69號,新竹市北區國華街69號,新竹市北區國華街69號B1,新竹市,moe-cc-sites,門牌,1,0
739,新竹市北區東大路4段315號,新竹市北區東大路4段315號,新竹市北區東大路四段315號,新竹市,moe-cc-sites,門牌,1,0
740,新竹市北區水田街91巷9號,新竹市北區水田街91巷9號,新竹市北區水田街91巷9號,新竹市,moe-cc-sites,門牌,1,0
741,新竹市北大路373號,新竹市北大路373號,新竹市北大路373號2樓,新竹市,moe-cc-sites,門牌,1,0
742,新竹市北門街172號,新竹市北門街172號,新竹市北門街172號2F,新竹市,moe-cc-sites,門牌,1,0
742,新竹市北門街172號,新竹市北門街172號,新竹市北門街172號2樓,新竹市,moe-cc-sites,門牌,1,0
743,新竹市千甲路460號,新竹市千甲路460號,新竹市千甲路460號,新竹市,moe-cc-sites,門牌,1,0
744,新竹市南大路175號,新竹市南大路175號,新竹市南大路175號,新竹市,moe-cc-sites,門牌,1,0
745,新竹市南大路808巷1之1號,新竹市南大路808巷1之1號,新竹市南大路808巷1-1號,新竹市,moe-cc-sites,門牌,1,0
746,新竹市園後街40號,新竹市園後街40號,新竹市園後街40號,新竹市,moe-cc-sites,門牌,1,0
747,新竹市埔頂二路123號,新竹市埔頂二路123號,新竹市埔頂二路123號,新竹市,moe-cc-sites,門牌,1,0
748,新竹市大同路86號,新竹市大同路86號,新竹市大同路86號3樓,新竹市,moe-cc-sites,門牌,1,0
749,新竹市學府路128號,新竹市學府路128號,新竹市學府路128號3樓,新竹市,moe-cc-sites,門牌,1,0
750,新竹市學府路2號,新竹市學府路2號,新竹市學府路2號,新竹市,moe-cc-sites,門牌,1,0
751,新竹市建新路52號,新竹市建新路52號,新竹市建新路52號,新竹市,moe-cc-sites,門牌,1,0
752,新竹市忠孝路50號,新竹市忠孝路50號,新竹市忠孝路50號,新竹市,moe-cc-sites,門牌,1,0
753,新竹市慈雲路81號,新竹市慈雲路81號,新竹市慈雲路81號,新竹市,moe-cc-sites,門牌,1,0
754,新竹市成功路192巷191弄22之1號,新竹市成功路192巷191弄22之1號,新竹市成功路192巷191弄22之1號,新竹市,moe-cc-sites,門牌,1,0
755,新竹市東區三民里中華路2段2之1號,新竹市東區三民里中華路2段2之1號,新竹市東區三民里中華路二段2-1號,新竹市,moe-cc-sites,門牌,1,0
756,新竹市東區中華路2段2之1號,新竹市東區中華路2段2之1號,新竹市東區中華路二段2-1號,新竹市,moe-cc-sites,門牌,1,0
757,新竹市東區光復路1段163巷1之4號,新竹市東區光復路1段163巷1之4號,新竹市東區光復路一段163巷1之4號,新竹市,moe-cc-sites,門牌,1,0
758,新竹市東區八德路233號,新竹市東區八德路233號,新竹市東區八德路233號,新竹市,moe-cc-sites,門牌,1,0
759,新竹市東區博愛街106號,新竹市東區博愛街106號,新竹市東區博愛街106號,新竹市,moe-cc-sites,門牌,1,0
760,新竹市東區原興路198號,新竹市東區原興路198號,新竹市東區原興路198號,新竹市,moe-cc-sites,門牌,1,0
761,新竹市東區新竹市東區大學路1001號,新竹市東區大學路1001號,新竹市東區新竹市東區大學路1001號-科學三館(基礎科學大樓),新竹市,taiwanjobs,門牌,3,0
762,新竹市東區建中一路23巷21號,新竹市東區建中一路23巷21號,新竹市東區建中一路23巷21號,新竹市,moe-cc-sites,門牌,1,0
763,新竹市東區建新路52號,新竹市東區建新路52號,新竹市東區建新路52號,新竹市,moe-cc-sites,門牌,1,0
764,新竹市東區建華里2鄰學府路2號,新竹市東區建華里2鄰學府路2號,新竹市東區建華里2鄰學府路2號,新竹市,moe-cc-sites,門牌,1,0
765,新竹市東區慈濟路2號,新竹市東區慈濟路2號,新竹市東區慈濟路2號,新竹市,moe-school-directory,門牌,1,0
766,新竹市東區新莊里關新北路149號,新竹市東區新莊里關新北路149號,新竹市東區新莊里關新北路149號,新竹市,moe-cc-sites,門牌,1,0
767,新竹市東區東園里八德路155號,新竹市東區東園里八德路155號,新竹市東區東園里八德路155號?,新竹市,moe-cc-sites,門牌,1,0
768,新竹市東區東大路4段32號,新竹市東區東大路4段32號,新竹市東區東大路四段32號,新竹市,moe-cc-sites,門牌,1,0
769,新竹市東區林森路32號,新竹市東區林森路32號,新竹市東區林森路32號一樓,新竹市,moe-cc-sites,門牌,1,0
770,新竹市東區柴橋路95號,新竹市東區柴橋路95號,新竹市東區柴橋路95號,新竹市,moe-school-directory,門牌,2,0
771,新竹市東區民享一街36號,新竹市東區民享一街36號,新竹市東區民享一街36號,新竹市,moe-cc-sites,門牌,1,0
772,新竹市東區科園里科學園路162巷36號,新竹市東區科園里科學園路162巷36號,新竹市東區科園里科學園路162巷36號,新竹市,moe-cc-sites,門牌,1,0
773,新竹市東區科學園路95號,新竹市東區科學園路95號,新竹市東區科學園路95號,新竹市,moe-cc-sites,門牌,1,0
774,新竹市東區立功里光復路2段42巷12弄35號,新竹市東區立功里光復路2段42巷12弄35號,新竹市東區立功里光復路二段42巷12弄35號,新竹市,moe-cc-sites,門牌,1,0
775,新竹市東區竹蓮街10號,新竹市東區竹蓮街10號,新竹市東區竹蓮街10號,新竹市,moe-cc-sites,門牌,1,0
776,新竹市東區竹蓮街6號,新竹市東區竹蓮街6號,新竹市東區竹蓮街6號,新竹市,moe-cc-sites,門牌,1,0
777,新竹市東區綠水里園後街40號,新竹市東區綠水里園後街40號,新竹市東區綠水里園後街40號,新竹市,moe-cc-sites,門牌,1,0
778,新竹市東區豐功里建中一路23巷21號,新竹市東區豐功里建中一路23巷21號,新竹市東區豐功里建中一路23巷21號,新竹市,moe-cc-sites,門牌,1,0
779,新竹市東區軍功里建新路52號,新竹市東區軍功里建新路52號,新竹市東區軍功里建新路52號,新竹市,moe-cc-sites,門牌,1,0
780,新竹市東區金山里光復路1段163巷53弄1號,新竹市東區金山里光復路1段163巷53弄1號,新竹市東區金山里光復路一段163巷53弄1號,新竹市,moe-cc-sites,門牌,1,0
781,新竹市東區食品路155巷27號,新竹市東區食品路155巷27號,新竹市東區食品路155巷27號,新竹市,moe-cc-sites,門牌,1,0
782,新竹市東區食品路155巷29號,新竹市東區食品路155巷29號,新竹市東區食品路155巷29號,新竹市,moe-cc-sites,門牌,1,0
782,新竹市東區食品路155巷29號,新竹市東區食品路155巷29號,新竹市東區食品路155巷29號4樓,新竹市,moe-cc-sites,門牌,1,0
783,新竹市東區高峰里高峰路325巷8弄18號,新竹市東區高峰里高峰路325巷8弄18號,新竹市東區高峰里高峰路325巷8弄18號,新竹市,moe-cc-sites,門牌,1,0
784,新竹市東區龍山西路107號,新竹市東區龍山西路107號,新竹市東區龍山西路107號,新竹市,moe-cc-sites,門牌,1,0
785,新竹市東區龍山里光復路1段472號,新竹市東區龍山里光復路1段472號,新竹市東區龍山里光復路一段472號,新竹市,moe-cc-sites,門牌,1,0
786,新竹市東區龍山里光復路1段512號,新竹市東區龍山里光復路1段512號,新竹市東區龍山里光復路一段512號,新竹市,moe-cc-sites,門牌,1,0
787,新竹市東大路1段132號,新竹市東大路1段132號,新竹市東大路1段132號7樓,新竹市,moe-cc-sites,門牌,1,0
788,新竹市東大路2段15巷1號,新竹市東大路2段15巷1號,新竹市東大路2段15巷1號,新竹市,moe-cc-sites,門牌,1,0
789,新竹市東大路2段386號,新竹市東大路2段386號,新竹市東大路2段386號,新竹市,moe-cc-sites,門牌,1,0
790,新竹市東大路2段598巷108號,新竹市東大路2段598巷108號,新竹市東大路二段598巷108號,新竹市,moe-cc-sites,門牌,1,0
791,新竹市東大路3段335巷7號,新竹市東大路3段335巷7號,新竹市東大路三段335巷7號,新竹市,moe-cc-sites,門牌,1,0
792,新竹市東大路3段357巷6號,新竹市東大路3段357巷6號,新竹市東大路三段357巷6號,新竹市,moe-cc-sites,門牌,1,0
793,新竹市東明街138巷1號,新竹市東明街138巷1號,新竹市東明街138巷1號,新竹市,moe-cc-sites,門牌,1,0
794,新竹市東香路2段20號,新竹市東香路2段20號,新竹市東香路二段20號,新竹市,moe-cc-sites,門牌,1,0
795,新竹市武陵西三路7號,新竹市武陵西三路7號,新竹市武陵西三路7號4樓,新竹市,moe-senior-centers,門牌,1,0
796,新竹市武陵路111之1號,新竹市武陵路111之1號,新竹市武陵路111-1號,新竹市,moe-cc-sites,門牌,1,0
797,新竹市水源街77巷18號,新竹市水源街77巷18號,新竹市水源街77巷18號2樓,新竹市,moe-cc-sites,門牌,1,0
798,新竹市水田街146號,新竹市水田街146號,新竹市水田街146號2樓,新竹市,moe-cc-sites,門牌,1,0
799,新竹市水田街98號,新竹市水田街98號,新竹市水田街98號,新竹市,moe-cc-sites,門牌,1,0
800,新竹市湳雅街187巷84之1號,新竹市湳雅街187巷84之1號,新竹市湳雅街187巷84-1號,新竹市,moe-cc-sites,門牌,1,0
801,新竹市湳雅街88號,新竹市湳雅街88號,新竹市湳雅街88號,新竹市,moe-cc-sites,門牌,1,0
802,新竹市湳雅街89號,新竹市湳雅街89號,新竹市湳雅街89號2樓,新竹市,moe-cc-sites,門牌,1,0
803,新竹市綠水里博愛街106號,新竹市綠水里博愛街106號,新竹市綠水里博愛街106號,新竹市,moe-cc-sites,門牌,1,0
804,新竹市育英路69號,新竹市育英路69號,新竹市育英路69號,新竹市,moe-cc-sites,門牌,1,0
805,新竹市西大路681巷1號,新竹市西大路681巷1號,新竹市西大路681巷1號,新竹市,moe-cc-sites,門牌,1,0
806,新竹市西濱路1段1段1巷76弄1號,新竹市西濱路1段1段1巷76弄1號,新竹市西濱路一段1段1巷76弄1號,新竹市,moe-cc-sites,門牌,1,0
807,新竹市關新一街26號,新竹市關新一街26號,新竹市關新一街26號2樓,新竹市,moe-cc-sites,門牌,1,0
808,新竹市關新路19巷49號,新竹市關新路19巷49號,新竹市關新路19巷49號,新竹市,moe-cc-sites,門牌,1,0
809,新竹市關新路53號,新竹市關新路53號,新竹市關新路53號4樓,新竹市,moe-cc-sites,門牌,1,0
810,新竹市香山區?茄苳里茄苳路56號,新竹市香山區?茄苳里茄苳路56號,新竹市香山區?茄苳里茄苳路56號,新竹市,moe-cc-sites,門牌,1,0
811,新竹市香山區元培街262號,新竹市香山區元培街262號,新竹市香山區元培街262號,新竹市,moe-cc-sites,門牌,2,0
812,新竹市香山區華德福街160巷25號,新竹市香山區華德福街160巷25號,新竹市香山區華德福街160巷25號,新竹市,moe-school-directory,門牌,2,0
813,新竹市香山區西濱路2段581號,新竹市香山區西濱路2段581號,新竹市香山區西濱路二段581號,新竹市,moe-school-directory,門牌,1,0
814,新竹市體育街58號,新竹市體育街58號,新竹市體育街58號,新竹市,moe-cc-sites,門牌,1,0
815,新竹市高峰路221巷9號,新竹市高峰路221巷9號,新竹市高峰路221巷9號,新竹市,moe-cc-sites,門牌,1,0
816,高峰路325巷八弄18號,新竹市高峰路325巷八弄18號,高峰路325巷八弄18號,新竹市,moe-cc-sites,門牌,1,0
817,新竹市高峰路386巷100弄21號,新竹市高峰路386巷100弄21號,新竹市高峰路386巷100弄21號,新竹市,moe-cc-sites,門牌,1,0
818,新竹市龍山西路107號,新竹市龍山西路107號,新竹市龍山西路107號,新竹市,moe-cc-sites,門牌,1,0
819,新竹縣五峰鄉大隘村12鄰190之1號,新竹縣五峰鄉大隘村12鄰190之1號,新竹縣五峰鄉大隘村12鄰190-1號,新竹縣,moe-senior-centers,門牌,1,0
820,新竹縣北埔鄉南興村光復街28號,新竹縣北埔鄉南興村光復街28號,新竹縣北埔鄉南興村光復街28號1樓,新竹縣,moe-senior-centers,門牌,1,0
821,新竹縣北埔鄉埔心街141號,新竹縣北埔鄉埔心街141號,新竹縣北埔鄉埔心街141號,新竹縣,moe-school-directory,門牌,1,0
822,新竹縣北埔鄉外坪村一鄰8號,新竹縣北埔鄉外坪村一鄰8號,新竹縣北埔鄉外坪村一鄰8號,新竹縣,moe-school-directory,門牌,1,0
823,新竹縣寶山鄉三峰路2段600號,新竹縣寶山鄉三峰路2段600號,新竹縣寶山鄉三峰路二段600號,新竹縣,moe-school-directory,門牌,1,0
824,新竹縣寶山鄉寶新路2段251巷25號,新竹縣寶山鄉寶新路2段251巷25號,新竹縣寶山鄉寶新路二段251巷25號,新竹縣,moe-senior-centers,門牌,1,0
825,新竹縣寶山鄉雙園路2段310號,新竹縣寶山鄉雙園路2段310號,新竹縣寶山鄉雙園路二段310號,新竹縣,moe-school-directory,門牌,1,0
826,新竹縣尖石鄉嘉樂村3鄰80號,新竹縣尖石鄉嘉樂村3鄰80號,新竹縣尖石鄉嘉樂村3鄰80號,新竹縣,moe-school-directory,門牌,1,0
827,新竹縣尖石鄉梅花村四鄰95之1號,新竹縣尖石鄉梅花村四鄰95之1號,新竹縣尖石鄉梅花村四鄰95-1號,新竹縣,moe-senior-centers,門牌,1,0
828,新竹縣尖石鄉玉峰村五鄰59號,新竹縣尖石鄉玉峰村五鄰59號,新竹縣尖石鄉玉峰村五鄰59號,新竹縣,moe-school-directory,門牌,1,0
829,新竹縣尖石鄉秀巒村八鄰17號,新竹縣尖石鄉秀巒村八鄰17號,新竹縣尖石鄉秀巒村八鄰17號,新竹縣,moe-school-directory,門牌,1,0
830,峨眉鄉富興村1鄰33號,新竹縣峨眉鄉富興村1鄰33號,峨眉鄉富興村1鄰33號,新竹縣,moe-senior-centers,門牌,1,0
831,新竹縣新埔鎮北平里62號,新竹縣新埔鎮北平里62號,新竹縣新埔鎮北平里62號,新竹縣,moe-school-directory,門牌,1,0
832,新竹縣新埔鎮北平里8鄰62號,新竹縣新埔鎮北平里8鄰62號,新竹縣新埔鎮北平里8鄰62號,新竹縣,moe-school-directory,門牌,1,0
833,新埔鎮成功街240號,新竹縣新埔鎮成功街240號,新埔鎮成功街240號,新竹縣,moe-senior-centers,門牌,1,0
834,新竹縣新埔鎮照照門里九鄰39號,新竹縣新埔鎮照照門里九鄰39號,新竹縣新埔鎮照照門里九鄰39號,新竹縣,moe-school-directory,門牌,1,0
835,新竹縣新埔鎮鹿鳴里9鄰36號,新竹縣新埔鎮鹿鳴里9鄰36號,新竹縣新埔鎮鹿鳴里9鄰36號,新竹縣,moe-school-directory,門牌,1,0
836,新竹縣新豐鄉員山133號,新竹縣新豐鄉員山133號,新竹縣新豐鄉員山133號,新竹縣,moe-school-directory,門牌,1,0
837,新竹縣新豐鄉康樂路1段516號,新竹縣新豐鄉康樂路1段516號,新竹縣新豐鄉康樂路一段516號,新竹縣,moe-senior-centers,門牌,1,0
838,新竹縣新豐鄉重興村成德街36號,新竹縣新豐鄉重興村成德街36號,新竹縣新豐鄉重興村成德街36號,新竹縣,moe-cc-sites,門牌,1,0
839,新竹縣橫山鄉中豐路2段157號,新竹縣橫山鄉中豐路2段157號,新竹縣橫山鄉中豐路2段157號,新竹縣,moe-senior-centers,門牌,1,0
840,新竹縣橫山鄉沙坑村三鄰沙坑街48號,新竹縣橫山鄉沙坑村三鄰沙坑街48號,新竹縣橫山鄉沙坑村三鄰沙坑街48號,新竹縣,moe-school-directory,門牌,1,0
841,新竹縣湖口鄉仁興路135號,新竹縣湖口鄉仁興路135號,新竹縣湖口鄉仁興路135號,新竹縣,moe-school-directory,門牌,1,0
842,新竹縣湖口鄉吉祥街43號,新竹縣湖口鄉吉祥街43號,新竹縣湖口鄉吉祥街43號,新竹縣,moe-cc-sites,門牌,1,0
843,新竹縣湖口鄉成功路360號,新竹縣湖口鄉成功路360號,新竹縣湖口鄉成功路360號,新竹縣,moe-school-directory,門牌,1,0
844,新竹縣湖口鄉新生路122號,新竹縣湖口鄉新生路122號,新竹縣湖口鄉新生路122號,新竹市,moe-cc-sites,門牌,1,0
845,新竹縣湖口鄉民族街227號,新竹縣湖口鄉民族街227號,新竹縣湖口鄉民族街227號,新竹縣,moe-senior-centers,門牌,1,0
846,新竹縣湖口鄉達生路601號,新竹縣湖口鄉達生路601號,新竹縣湖口鄉達生路601號,新竹縣,moe-school-directory,門牌,1,0
847,新竹縣竹北市勝利十一路139號,新竹縣竹北市勝利十一路139號,新竹縣竹北市勝利十一路139號3樓,新竹縣,moe-cc-sites,門牌,1,0
848,新竹縣竹北市博愛街771號,新竹縣竹北市博愛街771號,新竹縣竹北市博愛街771號,新竹市,moe-cc-courses,門牌,1,0
849,新竹縣竹北市嘉政七街100號,新竹縣竹北市嘉政七街100號,新竹縣竹北市嘉政七街100號,新竹縣,moe-cc-sites,門牌,1,0
850,新竹縣竹北市嘉興路62號,新竹縣竹北市嘉興路62號,新竹縣竹北市嘉興路62號,新竹縣,moe-cc-sites,門牌,2,0
851,新竹縣竹北市嘉豐五路1段59號,新竹縣竹北市嘉豐五路1段59號,新竹縣竹北市嘉豐五路一段59號,新竹縣,moe-school-directory,門牌,1,0
852,新竹縣竹北市復興五街62號,新竹縣竹北市復興五街62號,新竹縣竹北市復興五街62號,新竹縣,moe-cc-sites,門牌,1,0
853,新竹縣竹北市智慧一路101號,新竹縣竹北市智慧一路101號,新竹縣竹北市智慧一路101號,新竹縣,moe-school-directory,門牌,1,0
854,新竹縣竹北市環北路5段107號,新竹縣竹北市環北路5段107號,新竹縣竹北市環北路五段107號,新竹縣,moe-school-directory,門牌,1,0
855,新竹縣竹北市竹仁里仁和街1號,新竹縣竹北市竹仁里仁和街1號,新竹縣竹北市竹仁里仁和街1號,新竹縣,moe-school-directory,門牌,1,0
856,新竹縣竹北市竹北村中山路190號,新竹縣竹北市竹北村中山路190號,新竹縣竹北市竹北村中山路190號,新竹縣,moe-school-directory,門牌,1,0
857,新竹縣竹北市興隆路5段461號,新竹縣竹北市興隆路5段461號,新竹縣竹北市興隆路五段461號,新竹縣,moe-school-directory,門牌,1,0
858,新竹縣竹北市莊敬北路423號,新竹縣竹北市莊敬北路423號,新竹縣竹北市莊敬北路423號,新竹縣,moe-cc-sites,門牌,1,0
859,新竹縣竹北市高鐵九路88號,新竹縣竹北市高鐵九路88號,新竹縣竹北市高鐵九路88號,新竹縣,moe-school-directory,門牌,1,0
860,新竹縣竹東鎮三重里中興路2段152巷30號,新竹縣竹東鎮三重里中興路2段152巷30號,新竹縣竹東鎮三重里中興路2段152巷30號,新竹縣,moe-cc-sites,門牌,1,0
861,新竹縣竹東鎮二重里中興路3段73巷23號,新竹縣竹東鎮二重里中興路3段73巷23號,新竹縣竹東鎮二重里中興路3段73巷23號,新竹縣,moe-cc-sites,門牌,1,0
862,新竹縣竹東鎮大同路109巷5號,新竹縣竹東鎮大同路109巷5號,新竹縣竹東鎮大同路109巷5號,新竹縣,moe-senior-centers,門牌,1,0
863,新竹縣竹東鎮康莊街107巷54號,新竹縣竹東鎮康莊街107巷54號,新竹縣竹東鎮康莊街107巷54號,新竹縣,moe-cc-sites,門牌,1,0
864,新竹縣竹東鎮忠孝街71巷1弄29號,新竹縣竹東鎮忠孝街71巷1弄29號,新竹縣竹東鎮忠孝街71巷1弄29號,新竹縣,moe-cc-sites,門牌,1,0
865,新竹縣竹東鎮東寧路2段319號,新竹縣竹東鎮東寧路2段319號,新竹縣竹東鎮東寧路2段319號,新竹縣,moe-cc-sites,門牌,1,0
866,新竹縣竹東鎮柯湖路1段157之6號,新竹縣竹東鎮柯湖路1段157之6號,新竹縣竹東鎮柯湖路一段157-6號,新竹縣,moe-cc-sites,門牌,1,0
867,新竹縣竹東鎮榮樂里大同路77號,新竹縣竹東鎮榮樂里大同路77號,新竹縣竹東鎮榮樂里大同路77號,新竹縣,moe-cc-sites,門牌,1,0
868,新竹縣竹東鎮自強路3段272巷54號,新竹縣竹東鎮自強路3段272巷54號,新竹縣竹東鎮自強路3段272巷54號,新竹縣,moe-cc-sites,門牌,1,0
869,新竹縣竹東鎮至善路9號,新竹縣竹東鎮至善路9號,新竹縣竹東鎮至善路9號1樓,新竹縣,moe-cc-sites,門牌,1,0
870,新竹縣竹東鎮長安路130號,新竹縣竹東鎮長安路130號,新竹縣竹東鎮長安路130號,新竹縣,moe-cc-sites,門牌,1,0
871,新竹縣芎林鄉上山村文山路789號,新竹縣芎林鄉上山村文山路789號,新竹縣芎林鄉上山村文山路789號,新竹縣,moe-cc-sites,門牌,1,0
872,新竹縣芎林鄉五龍村105號,新竹縣芎林鄉五龍村105號,新竹縣芎林鄉五龍村105號,新竹縣,moe-school-directory,門牌,1,0
873,新竹縣芎林鄉五龍村9鄰76號,新竹縣芎林鄉五龍村9鄰76號,新竹縣芎林鄉五龍村9鄰76號,新竹縣,moe-cc-sites,門牌,1,0
874,新竹縣芎林鄉文林村文山路238號,新竹縣芎林鄉文林村文山路238號,新竹縣芎林鄉文林村文山路238號,新竹縣,moe-senior-centers,門牌,1,0
875,新竹縣芎林鄉綠獅三街6號,新竹縣芎林鄉綠獅三街6號,新竹縣芎林鄉綠獅三街6號,新竹縣,moe-cc-sites,門牌,1,0
876,新竹縣關西鎮北山里4鄰崁下25號,新竹縣關西鎮北山里4鄰崁下25號,新竹縣關西鎮北山里4鄰崁下25號,新竹縣,moe-senior-centers,門牌,1,0
877,新竹縣關西鎮金山里107號,新竹縣關西鎮金山里107號,新竹縣關西鎮金山里107號,新竹縣,moe-school-directory,門牌,1,0
878,桃園市中壢區中榮里延平路622號,桃園市中壢區中榮里延平路622號,桃園市中壢區中榮里延平路622號,桃園市,moe-school-directory,門牌,1,0
879,桃園市中壢區內壢長春一路288號,桃園市中壢區內壢長春一路288號,桃園市中壢區內壢長春一路288號,桃園市,moe-school-directory,門牌,1,0
880,桃園市中壢區啟文路233號,桃園市中壢區啟文路233號,桃園市中壢區啟文路233號,桃園市,moe-school-directory,門牌,1,0
881,桃園市中壢區山東里十三鄰山東一路39號,桃園市中壢區山東里十三鄰山東一路39號,桃園市中壢區山東里十三鄰山東一路39號,桃園市,moe-school-directory,門牌,1,0
882,桃園市中壢區復華一街108號,桃園市中壢區復華一街108號,桃園市中壢區復華一街108號,桃園市,moe-cc-sites,門牌,1,0
883,桃園市中壢區德育路36號,桃園市中壢區德育路36號,桃園市中壢區德育路36號,桃園市,moe-cc-sites,門牌,2,0
884,桃園市中壢區林森路90號,桃園市中壢區林森路90號,桃園市中壢區林森路90號,桃園市,moe-senior-centers,門牌,1,0
885,桃園市中壢區榮民路369號,桃園市中壢區榮民路369號,桃園市中壢區榮民路369號,桃園市,moe-school-directory,門牌,1,0
886,中壢區永樂路21號,桃園市中壢區永樂路21號,中壢區永樂路21號,桃園市,moe-cc-sites,門牌,1,0
887,桃園市中壢區過嶺里雙福路12號,桃園市中壢區過嶺里雙福路12號,桃園市中壢區過嶺里雙福路12號,桃園市,moe-cc-sites,門牌,2,0
888,桃園市中壢區長春一路288號,桃園市中壢區長春一路288號,桃園市中壢區長春一路288號,桃園市,moe-school-directory,門牌,1,0
889,桃園市中壢區雙福路9號,桃園市中壢區雙福路9號,桃園市中壢區雙福路9號,桃園市,moe-cc-sites,門牌,1,0
890,桃園市中壢區青昇路123號,桃園市中壢區青昇路123號,桃園市中壢區青昇路123號,桃園市,moe-school-directory,門牌,1,0
891,桃園市中央西路2段97號,桃園市中央西路2段97號,桃園市中央西路2段97號,桃園市,moe-cc-sites,門牌,1,0
892,桃園市八德區介壽路2段1432號,桃園市八德區介壽路2段1432號,桃園市八德區介壽路二段1432號,桃園市,moe-senior-centers,門牌,1,0
893,八德區介壽路2段361巷96號,桃園市八德區介壽路2段361巷96號,八德區介壽路二段361巷96號,桃園市,moe-cc-sites,門牌,1,0
894,桃園市八德區和平路548號,桃園市八德區和平路548號,桃園市八德區和平路548號,桃園市,moe-cc-sites,門牌,1,0
895,桃園市八德區大勇里忠勇街12號,桃園市八德區大勇里忠勇街12號,桃園市八德區大勇里忠勇街12號,桃園市,moe-school-directory,門牌,1,0
896,桃園市八德區大正里大福街29號,桃園市八德區大正里大福街29號,桃園市八德區大正里大福街29號,桃園市,moe-cc-sites,門牌,1,0
897,桃園市八德區大興路992號,桃園市八德區大興路992號,桃園市八德區大興路992號,桃園市,moe-cc-sites,門牌,1,0
898,桃園市八德區廣興路601巷25號,桃園市八德區廣興路601巷25號,桃園市八德區廣興路601巷25號,桃園市,moe-school-directory,門牌,1,0
899,桃園市八德區建國路1126號,桃園市八德區建國路1126號,桃園市八德區建國路1126號,桃園市,moe-cc-sites,門牌,1,0
900,桃園市八德區忠勇西街14號,桃園市八德區忠勇西街14號,桃園市八德區忠勇西街14號,桃園市,moe-cc-sites,門牌,1,0
901,桃園市八德區興豐路2175號,桃園市八德區興豐路2175號,桃園市八德區興豐路2175號,桃園市,moe-cc-sites,門牌,1,0
902,桃園市八德區興豐路222號,桃園市八德區興豐路222號,桃園市八德區興豐路222號,桃園市,moe-school-directory,門牌,1,0
903,桃園市八德區豐田路268號,桃園市八德區豐田路268號,桃園市八德區豐田路268號,桃園市,moe-school-directory,門牌,1,0
904,桃園市大園區中山南路351號,桃園市大園區中山南路351號,桃園市大園區中山南路351號,桃園市,moe-senior-centers,門牌,1,0
905,桃園市大園區中正東路160號,桃園市大園區中正東路160號,桃園市大園區中正東路160號,桃園市,moe-cc-sites,門牌,1,0
906,桃園市大園區中正東路1段189巷35號,桃園市大園區中正東路1段189巷35號,桃園市大園區中正東路一段189巷35號,桃園市,moe-school-directory,門牌,1,0
907,桃園市大園區內海里2鄰學府路76巷32號,桃園市大園區內海里2鄰學府路76巷32號,桃園市大園區內海里2鄰學府路76巷32號,桃園市,moe-school-directory,門牌,1,0
908,大園區大園里32鄰新生路106號,桃園市大園區大園里32鄰新生路106號,大園區大園里32鄰新生路106號,桃園市,moe-cc-sites,門牌,1,0
909,桃園市大園區橫峰里中正東路160號,桃園市大園區橫峰里中正東路160號,桃園市大園區橫峰里中正東路160號,桃園市,moe-school-directory,門牌,1,0
910,桃園市大園區海港路2巷87號,桃園市大園區海港路2巷87號,桃園市大園區海港路2巷87號,桃園市,moe-school-directory,門牌,2,0
911,桃園市大園區溪海里十一鄰和平西路1段420號,桃園市大園區溪海里十一鄰和平西路1段420號,桃園市大園區溪海里十一鄰和平西路一段420號,桃園市,moe-school-directory,門牌,1,0
912,桃園市大園區潮音路1段188號,桃園市大園區潮音路1段188號,桃園市大園區潮音路一段188號,桃園市,moe-school-directory,門牌,1,0
913,桃園市大園區菓林里十二鄰崁下41號,桃園市大園區菓林里十二鄰崁下41號,桃園市大園區菓林里十二鄰崁下41號,桃園市,moe-school-directory,門牌,1,0
914,大園鄉大觀路118號,桃園市大園鄉大觀路118號,大園鄉大觀路118號,桃園市,moe-cc-sites,門牌,1,0
915,桃園市大溪區中山路30號,桃園市大溪區中山路30號,桃園市大溪區中山路30號,桃園市,moe-cc-sites,門牌,1,0
916,桃園市大溪區仁愛路11號,桃園市大溪區仁愛路11號,桃園市大溪區仁愛路11號,桃園市,moe-cc-sites,門牌,1,0
917,桃園市大溪區仁愛里廟前6之1號,桃園市大溪區仁愛里廟前6之1號,桃園市大溪區仁愛里廟前6之1號,桃園市,moe-cc-sites,門牌,1,0
918,桃園市大溪區瑞源里石園路760巷120號,桃園市大溪區瑞源里石園路760巷120號,桃園市大溪區瑞源里石園路760巷120號,桃園市,moe-school-directory,門牌,1,0
919,桃園市大溪區金山路50號,桃園市大溪區金山路50號,桃園市大溪區金山路50號,桃園市,moe-school-directory,門牌,1,0
920,富岡中華街45號,桃園市富岡中華街45號,富岡中華街45號,桃園市,moe-cc-sites,門牌,1,0
921,平鎮區中豐路363號,桃園市平鎮區中豐路363號,平鎮區中豐路363號,桃園市,moe-cc-sites,門牌,1,0
922,桃園市平鎮區和平路190號,桃園市平鎮區和平路190號,桃園市平鎮區和平路190號3樓,桃園市,moe-cc-sites,門牌,2,0
922,桃園市平鎮區和平路190號,桃園市平鎮區和平路190號,桃園市平鎮區和平路190號,桃園市,moe-cc-sites,門牌,1,0
923,平鎮區廣成街10號,桃園市平鎮區廣成街10號,平鎮區廣成街10號,桃園市,moe-cc-sites,門牌,1,0
924,平鎮區廣泰路168號,桃園市平鎮區廣泰路168號,平鎮區廣泰路168號,桃園市,moe-cc-sites,門牌,1,0
925,平鎮區德育路271號,桃園市平鎮區德育路271號,平鎮區德育路271號,桃園市,moe-cc-sites,門牌,1,0
926,平鎮區振興路2號,桃園市平鎮區振興路2號,平鎮區振興路2號,桃園市,moe-cc-sites,門牌,1,0
927,平鎮區新光路65巷50號,桃園市平鎮區新光路65巷50號,平鎮區新光路65巷50號二樓,桃園市,moe-cc-sites,門牌,1,0
928,平鎮區東勢里金陵路5段55號,桃園市平鎮區東勢里金陵路5段55號,平鎮區東勢里金陵路五段55號,桃園市,moe-cc-sites,門牌,1,0
929,桃園市平鎮區義興街55號,桃園市平鎮區義興街55號,桃園市平鎮區義興街55號,桃園市,moe-school-directory,門牌,1,0
930,桃園市平鎮區育達路160號,桃園市平鎮區育達路160號,桃園市平鎮區育達路160號,桃園市,moe-school-directory,門牌,1,0
931,平鎮區龍南路315號,桃園市平鎮區龍南路315號,平鎮區龍南路315號,桃園市,moe-cc-sites,門牌,1,0
932,桃園市平鎮區龍興里龍南路315號,桃園市平鎮區龍興里龍南路315號,桃園市平鎮區龍興里龍南路315號,桃園市,moe-school-directory,門牌,1,0
933,桃園市復興區三光里四鄰8號,桃園市復興區三光里四鄰8號,桃園市復興區三光里四鄰8號,桃園市,moe-school-directory,門牌,1,0
934,桃園市復興區三民里復興路2段771號,桃園市復興區三民里復興路2段771號,桃園市復興區三民里復興路二段771號,桃園市,moe-school-directory,門牌,1,0
935,桃園市復興區宇內路130號,桃園市復興區宇內路130號,桃園市復興區宇內路130號,桃園市,moe-school-directory,門牌,1,0
936,桃園市復興區流霞路151號,桃園市復興區流霞路151號,桃園市復興區流霞路151號,桃園市,moe-school-directory,門牌,1,0
937,桃園市復興區澤仁里中正路248號,桃園市復興區澤仁里中正路248號,桃園市復興區澤仁里中正路248號,桃園市,moe-school-directory,門牌,1,0
938,桃園市復興區羅浮里3鄰16號,桃園市復興區羅浮里3鄰16號,桃園市復興區羅浮里3鄰16號,桃園市,moe-senior-centers,門牌,1,0
939,桃園市復興區羅浮里3鄰18號,桃園市復興區羅浮里3鄰18號,桃園市復興區羅浮里3鄰18號,桃園市,moe-school-directory,門牌,1,0
940,桃園市復興區羅浮里三鄰16號,桃園市復興區羅浮里三鄰16號,桃園市復興區羅浮里三鄰16號,桃園市,moe-school-directory,門牌,1,0
941,桃園市復興區羅馬路4段207號,桃園市復興區羅馬路4段207號,桃園市復興區羅馬路四段207號,桃園市,moe-school-directory,門牌,1,0
942,桃園市復興區華陵里九鄰巴陵75號,桃園市復興區華陵里九鄰巴陵75號,桃園市復興區華陵里九鄰巴陵75號,桃園市,moe-school-directory,門牌,1,0
943,桃園市復興區華陵里四鄰哈嘎灣12號,桃園市復興區華陵里四鄰哈嘎灣12號,桃園市復興區華陵里四鄰哈嘎灣12號,桃園市,moe-school-directory,門牌,1,0
944,桃園市復興區高義里三鄰28號,桃園市復興區高義里三鄰28號,桃園市復興區高義里三鄰28號,桃園市,moe-school-directory,門牌,1,0
945,忠勇街12號,桃園市忠勇街12號,忠勇街12號(八德社大),桃園市,moe-cc-sites,門牌,1,0
946,桃園市新屋區中正路110巷1號,桃園市新屋區中正路110巷1號,桃園市新屋區中正路110巷1號,桃園市,moe-senior-centers,門牌,1,0
947,新屋區中華南路2段50號,桃園市新屋區中華南路2段50號,新屋區中華南路二段50號,桃園市,moe-cc-sites,門牌,1,0
948,桃園市新屋區國校路11號,桃園市新屋區國校路11號,桃園市新屋區國校路11號,桃園市,moe-school-directory,門牌,1,0
949,新屋區後庄村東福路2段515號,桃園市新屋區後庄村東福路2段515號,新屋區後庄村東福路二段515號,桃園市,moe-cc-sites,門牌,1,0
950,桃園市新屋區新生里中正路196號,桃園市新屋區新生里中正路196號,桃園市新屋區新生里中正路196號,桃園市,moe-school-directory,門牌,1,0
951,桃園市新屋區石牌里東興路780號,桃園市新屋區石牌里東興路780號,桃園市新屋區石牌里東興路780號,桃園市,moe-school-directory,門牌,1,0
952,桃園市新屋區笨港里2鄰文學路22號,桃園市新屋區笨港里2鄰文學路22號,桃園市新屋區笨港里2鄰文學路22號,桃園市,moe-school-directory,門牌,1,0
953,桃園市桃園區中山路658巷4弄3號,桃園市桃園區中山路658巷4弄3號,桃園市桃園區中山路658巷4弄3號,桃園市,moe-cc-sites,門牌,1,0
954,桃園市桃園區中平路118號,桃園市桃園區中平路118號,桃園市桃園區中平路118號,桃園市,moe-cc-sites,門牌,1,0
955,桃園市桃園區中正五街315號,桃園市桃園區中正五街315號,桃園市桃園區中正五街315號,桃園市,moe-cc-sites,門牌,1,0
956,桃園市桃園區信光路28號,桃園市桃園區信光路28號,桃園市桃園區信光路28號1樓,桃園市,moe-cc-sites,門牌,1,0
957,桃園市桃園區力行路22號,桃園市桃園區力行路22號,桃園市桃園區力行路22號1樓,桃園市,moe-cc-sites,門牌,1,0
958,桃園市桃園區力行路288巷8號,桃園市桃園區力行路288巷8號,桃園市桃園區力行路288巷8號,桃園市,moe-school-directory,門牌,2,0
959,桃園市桃園區南平路470號,桃園市桃園區南平路470號,桃園市桃園區南平路470號3樓,桃園市,moe-cc-sites,門牌,1,0
960,桃園市桃園區同德七街46之108號,桃園市桃園區同德七街46之108號,桃園市桃園區同德七街46-108號,桃園市,moe-cc-sites,門牌,1,0
961,桃園市桃園區同德五街295號,桃園市桃園區同德五街295號,桃園市桃園區同德五街295號,桃園市,moe-cc-sites,門牌,1,0
962,桃園市桃園區國聖一街2號,桃園市桃園區國聖一街2號,桃園市桃園區國聖一街2號,桃園市,moe-cc-sites,門牌,1,0
963,桃園市桃園區國際路1段1177號,桃園市桃園區國際路1段1177號,桃園市桃園區國際路一段1177號,桃園市,moe-cc-sites,門牌,1,0
964,桃園市桃園區宏昌六街316號,桃園市桃園區宏昌六街316號,桃園市桃園區宏昌六街316號,桃園市,moe-cc-sites,門牌,1,0
965,桃園市桃園區建成街88號,桃園市桃園區建成街88號,桃園市桃園區建成街88號,桃園市,moe-cc-sites,門牌,1,0
966,桃園市桃園區愛二街48號,桃園市桃園區愛二街48號,桃園市桃園區愛二街48號,桃園市,moe-cc-sites,門牌,1,0
967,桃園市桃園區正康三街275號,桃園市桃園區正康三街275號,桃園市桃園區正康三街275號,桃園市,moe-cc-sites,門牌,1,0
968,桃園市桃園區民權路32號,桃園市桃園區民權路32號,桃園市桃園區民權路32號7樓,桃園市,moe-cc-sites,門牌,1,0
969,桃園市桃園區永安北路372號,桃園市桃園區永安北路372號,桃園市桃園區永安北路372號2樓,桃園市,moe-cc-sites,門牌,1,0
970,桃園市桃園區永安北路399號,桃園市桃園區永安北路399號,桃園市桃園區永安北路399號,桃園市,moe-cc-sites,門牌,1,0
971,桃園市桃園區永安北路439號,桃園市桃園區永安北路439號,桃園市桃園區永安北路439號,桃園市,moe-cc-sites,門牌,1,0
972,桃園巿大園鄉華興路40號,桃園市桃園巿大園鄉華興路40號,桃園巿大園鄉華興路40號,桃園市,moe-cc-sites,門牌,1,0
973,桃園市楊梅區三元街99號,桃園市楊梅區三元街99號,桃園市楊梅區三元街99號,桃園市,moe-school-directory,門牌,1,0
974,桃園市楊梅區上湖里上湖二路88號,桃園市楊梅區上湖里上湖二路88號,桃園市楊梅區上湖里上湖二路88號,桃園市,moe-school-directory,門牌,1,0
975,楊梅區上湖里楊湖路3段679之1號,桃園市楊梅區上湖里楊湖路3段679之1號,楊梅區上湖里楊湖路三段679之1號,桃園市,moe-cc-sites,門牌,1,0
976,桃園市楊梅區中興路137號,桃園市楊梅區中興路137號,桃園市楊梅區中興路137號,桃園市,moe-school-directory,門牌,1,0
977,楊梅區大成路2號,桃園市楊梅區大成路2號,楊梅區大成路2號,桃園市,moe-cc-sites,門牌,1,0
978,桃園市楊梅區梅獅路539巷1號,桃園市楊梅區梅獅路539巷1號,桃園市楊梅區梅獅路539巷1號,桃園市,moe-school-directory,門牌,1,0
979,桃園市楊梅區豐野里中正路456號,桃園市楊梅區豐野里中正路456號,桃園市楊梅區豐野里中正路456號,桃園市,moe-school-directory,門牌,1,0
980,桃園市楊梅區金龍三路95號,桃園市楊梅區金龍三路95號,桃園市楊梅區金龍三路95號,桃園市,moe-school-directory,門牌,1,0
981,桃園市楊梅區高山里高上路1段1號,桃園市楊梅區高山里高上路1段1號,桃園市楊梅區高山里高上路一段1號,桃園市,moe-school-directory,門牌,1,0
982,桃園市蘆竹區仁愛路2段1號,桃園市蘆竹區仁愛路2段1號,桃園市蘆竹區仁愛路二段1號,桃園市,moe-school-directory,門牌,1,0
983,蘆竹區內新路162號,桃園市蘆竹區內新路162號,蘆竹區內新路162號,桃園市,moe-cc-sites,門牌,1,0
984,蘆竹區南山路2段448號,桃園市蘆竹區南山路2段448號,蘆竹區南山路二段448號,桃園市,moe-cc-sites,門牌,1,0
985,蘆竹區南崁路1段99號,桃園市蘆竹區南崁路1段99號,蘆竹區南崁路1段99號4F之3,桃園市,moe-cc-sites,門牌,1,0
986,蘆竹區坑子里貓尾崎12鄰1號,桃園市蘆竹區坑子里貓尾崎12鄰1號,蘆竹區坑子里貓尾崎12鄰1號,桃園市,moe-cc-sites,門牌,1,0
987,桃園市蘆竹區大竹路國中巷35號,桃園市蘆竹區大竹路國中巷35號,桃園市蘆竹區大竹路國中巷35號,桃園市,moe-school-directory,門牌,1,0
988,桃園市蘆竹區宏竹里大華街98號,桃園市蘆竹區宏竹里大華街98號,桃園市蘆竹區宏竹里大華街98號,桃園市,moe-school-directory,門牌,1,0
989,桃園市蘆竹區文中路1段35號,桃園市蘆竹區文中路1段35號,桃園市蘆竹區文中路一段35號,桃園市,moe-school-directory,門牌,1,0
990,桃園市蘆竹區新興里新興街355號,桃園市蘆竹區新興里新興街355號,桃園市蘆竹區新興里新興街355號,桃園市,moe-school-directory,門牌,1,0
991,桃園市蘆竹區羊稠里吉林路160號,桃園市蘆竹區羊稠里吉林路160號,桃園市蘆竹區羊稠里吉林路160號,桃園市,moe-school-directory,門牌,1,0
992,蘆竹區長壽里仁愛路2段20號,桃園市蘆竹區長壽里仁愛路2段20號,蘆竹區長壽里仁愛路二段20號2 樓,桃園市,moe-cc-sites,門牌,1,0
993,桃園市觀音區上大里大湖路1段540號,桃園市觀音區上大里大湖路1段540號,桃園市觀音區上大里大湖路一段540號,桃園市,moe-school-directory,門牌,1,0
994,桃園市觀音區仁愛路2段521號,桃園市觀音區仁愛路2段521號,桃園市觀音區仁愛路二段521號,桃園市,moe-school-directory,門牌,1,0
995,桃園市觀音區大潭里濱海路大潭段687號,桃園市觀音區大潭里濱海路大潭段687號,桃園市觀音區大潭里濱海路大潭段687號,桃園市,moe-school-directory,門牌,1,0
996,桃園市觀音區大觀路3段466號,桃園市觀音區大觀路3段466號,桃園市觀音區大觀路三段466號,桃園市,moe-school-directory,門牌,1,0
997,桃園市觀音區新坡里中山路2段519號,桃園市觀音區新坡里中山路2段519號,桃園市觀音區新坡里中山路2段519號,桃園市,moe-school-directory,門牌,1,0
998,桃園市觀音區新坡里中山路2段717號,桃園市觀音區新坡里中山路2段717號,桃園市觀音區新坡里中山路二段717號,桃園市,moe-school-directory,門牌,1,0
999,桃園市觀音區新村路2段12號,桃園市觀音區新村路2段12號,桃園市觀音區新村路二段12號,桃園市,moe-school-directory,門牌,1,0
1000,桃園市觀音區白玉里下庄子53之1號,桃園市觀音區白玉里下庄子53之1號,桃園市觀音區白玉里下庄子53之1號,桃園市,moe-school-directory,門牌,1,0
1001,桃園市觀音區育仁路2段1號,桃園市觀音區育仁路2段1號,桃園市觀音區育仁路二段1號 育仁國小,桃園市,moe-senior-centers,門牌,1,0
1002,桃園市觀音區草新里新生路1148號,桃園市觀音區草新里新生路1148號,桃園市觀音區草新里新生路1148號,桃園市,moe-cc-sites,門牌,1,0
1003,桃園市觀音區草漯里28鄰四維路73號,桃園市觀音區草漯里28鄰四維路73號,桃園市觀音區草漯里28鄰四維路73號,桃園市,moe-school-directory,門牌,1,0
1004,桃園市觀音區草漯里新生路1462號,桃園市觀音區草漯里新生路1462號,桃園市觀音區草漯里新生路1462號,桃園市,moe-school-directory,門牌,1,0
1005,桃園市觀音區觀音里四鄰文化路2號,桃園市觀音區觀音里四鄰文化路2號,桃園市觀音區觀音里四鄰文化路2號,桃園市,moe-school-directory,門牌,1,0
1006,桃園市龍潭區三坑里永昌路51巷85號,桃園市龍潭區三坑里永昌路51巷85號,桃園市龍潭區三坑里永昌路51巷85號,桃園市,moe-school-directory,門牌,1,0
1007,桃園市龍潭區中原路1段50號,桃園市龍潭區中原路1段50號,桃園市龍潭區中原路一段50號,桃園市,moe-school-directory,門牌,1,0
1008,桃園市龍潭區佳安里文化路137號,桃園市龍潭區佳安里文化路137號,桃園市龍潭區佳安里文化路137號,桃園市,moe-school-directory,門牌,1,0
1009,桃園市龍潭區佳安里文化路188號,桃園市龍潭區佳安里文化路188號,桃園市龍潭區佳安里文化路188號,桃園市,moe-school-directory,門牌,1,0
1010,桃園市龍潭區成功路190巷227號,桃園市龍潭區成功路190巷227號,桃園市龍潭區成功路190巷227號,桃園市,moe-cc-sites,門牌,1,0
1011,桃園市龍潭區渴望園區渴望路660巷50弄1號,桃園市龍潭區渴望園區渴望路660巷50弄1號,桃園市龍潭區渴望園區渴望路660巷50弄1號,桃園市,moe-school-directory,門牌,1,0
1012,桃園市龍潭區烏林里中豐路401號,桃園市龍潭區烏林里中豐路401號,桃園市龍潭區烏林里中豐路401號,桃園市,moe-school-directory,門牌,1,0
1013,桃園市龍潭區金龍路223號,桃園市龍潭區金龍路223號,桃園市龍潭區金龍路223號,桃園市,moe-school-directory,門牌,1,0
1014,桃園市龍潭區高原里高原路568號,桃園市龍潭區高原里高原路568號,桃園市龍潭區高原里高原路568號,桃園市,moe-school-directory,門牌,1,0
1015,桃園市龍潭區龍潭里南龍路13號,桃園市龍潭區龍潭里南龍路13號,桃園市龍潭區龍潭里南龍路13號,桃園市,moe-school-directory,門牌,1,0
1016,桃園市龜山區兔坑里大同路916號,桃園市龜山區兔坑里大同路916號,桃園市龜山區兔坑里大同路916號,桃園市,moe-school-directory,門牌,1,0
1017,桃園市龜山區南美里南上路99號,桃園市龜山區南美里南上路99號,桃園市龜山區南美里南上路99號,桃園市,moe-school-directory,門牌,1,0
1018,桃園市龜山區大湖里文三二街80號,桃園市龜山區大湖里文三二街80號,桃園市龜山區大湖里文三二街80號,桃園市,moe-school-directory,門牌,1,0
1019,桃園市龜山區山德里頂興路2號,桃園市龜山區山德里頂興路2號,桃園市龜山區山德里頂興路2號,桃園市,moe-school-directory,門牌,1,0
1020,桃園市龜山區明德路162巷100號,桃園市龜山區明德路162巷100號,桃園市龜山區明德路162巷100號,桃園市,moe-school-directory,門牌,1,0
1021,桃園市龜山區楓樹里光峰路277號,桃園市龜山區楓樹里光峰路277號,桃園市龜山區楓樹里光峰路277號,桃園市,moe-school-directory,門牌,1,0
1022,桃園市龜山區樂善二路778號,桃園市龜山區樂善二路778號,桃園市龜山區樂善二路778號,桃園市,moe-school-directory,門牌,2,0
1023,桃園市龜山區樂學路339巷2號,桃園市龜山區樂學路339巷2號,桃園市龜山區樂學路339巷2號,桃園市,moe-school-directory,門牌,1,0
1024,龜山區自強南路97號,桃園市龜山區自強南路97號,龜山區自強南路97號,桃園市,moe-cc-sites,門牌,1,0
1025,桃園市龜山區頂興路2號,桃園市龜山區頂興路2號,桃園市龜山區頂興路2號,桃園市,moe-cc-sites,門牌,1,0
1026,龜山區頂興路83巷1弄1號,桃園市龜山區頂興路83巷1弄1號,龜山區頂興路83巷1弄1號,桃園市,moe-cc-sites,門牌,1,0
1027,桃園市龜山區龍壽里龍校街30號,桃園市龜山區龍壽里龍校街30號,桃園市龜山區龍壽里龍校街30號,桃園市,moe-school-directory,門牌,1,0
1028,龜山鄉山德村頂興路2巷14號,桃園市龜山鄉山德村頂興路2巷14號,龜山鄉山德村頂興路2巷14號,桃園市,moe-cc-sites,門牌,1,0
1029,澎湖縣七美鄉中和村4鄰埔內1號,澎湖縣七美鄉中和村4鄰埔內1號,澎湖縣七美鄉中和村4鄰埔內1號,澎湖縣,moe-school-directory,門牌,1,0
1030,澎湖縣七美鄉南港村1鄰43號,澎湖縣七美鄉南港村1鄰43號,澎湖縣七美鄉南港村1鄰43號,澎湖縣,moe-senior-centers,門牌,1,0
1031,澎湖縣湖西鄉隘門村16號,澎湖縣湖西鄉隘門村16號,澎湖縣湖西鄉隘門村16號,澎湖縣,moe-senior-centers,門牌,1,0
1032,澎湖縣白沙鄉中屯村29之1號,澎湖縣白沙鄉中屯村29之1號,澎湖縣白沙鄉中屯村29-1號,澎湖縣,moe-senior-centers,門牌,1,0
1033,澎湖縣西嶼鄉合界村76之2號,澎湖縣西嶼鄉合界村76之2號,澎湖縣西嶼鄉合界村76之2號,澎湖縣,moe-school-directory,門牌,1,0
1034,澎湖縣西嶼鄉竹灣村70之4號,澎湖縣西嶼鄉竹灣村70之4號,澎湖縣西嶼鄉竹灣村70-4號,澎湖縣,moe-senior-centers,門牌,1,0
1035,澎湖縣馬公市永福街30號,澎湖縣馬公市永福街30號,澎湖縣馬公市永福街30號,澎湖縣,moe-senior-centers,門牌,1,0
1036,澎湖縣馬公市自立路21號,澎湖縣馬公市自立路21號,澎湖縣馬公市自立路21號,澎湖縣,moe-cc-sites,門牌,1,0
1037,臺中市423東勢區東崎街4段242號,臺中市423東勢區東崎街4段242號,臺中市423東勢區東崎街四段242號,臺中市,moe-cc-sites,門牌,1,0
1038,臺中市中區成功路338號,臺中市中區成功路338號,台中市中區成功路338號,臺中市,moe-senior-centers,門牌,1,0
1039,臺中市中區柳川里興中街88號,臺中市中區柳川里興中街88號,臺中市中區柳川里興中街88號1樓會議室,臺中市,moe-cc-sites,門牌,1,0
1040,臺中市北區北屯路10號,臺中市北區北屯路10號,台中市北區北屯路10號5樓,臺中市,moe-cc-sites,門牌,1,0
1040,臺中市北區北屯路10號,臺中市北區北屯路10號,臺中市北區北屯路10號5樓,臺中市,moe-cc-sites,門牌,1,0
1041,公訓中心,臺中市北區東興路3段246號,公訓中心(台中市北區東興路三段246號7樓),臺中市,moe-cc-courses,門牌,24,0
1042,臺中市北區漢口路4段21號,臺中市北區漢口路4段21號,臺中市北區漢口路四段21號,臺中市,moe-senior-centers,門牌,1,0
1043,臺中市北屯區中清路70之1號,臺中市北屯區中清路70之1號,台中市北屯區中清路70之1號,臺中市,moe-cc-sites,門牌,1,0
1044,臺中市北屯區仁和里18鄰崇德路3段1號,臺中市北屯區仁和里18鄰崇德路3段1號,臺中市北屯區仁和里18鄰崇德路三段一號,臺中市,moe-senior-centers,門牌,1,0
1045,臺中市北屯區南興三路1號,臺中市北屯區南興三路1號,臺中市北屯區南興三路1號,臺中市,moe-school-directory,門牌,1,0
1046,臺中市北屯區南興三路99號,臺中市北屯區南興三路99號,臺中市北屯區南興三路99號,臺中市,moe-school-directory,門牌,1,0
1047,臺中市北屯區崇德九路198號,臺中市北屯區崇德九路198號,臺中市北屯區崇德九路198號,臺中市,moe-school-directory,門牌,1,0
1048,臺中市北屯區景賢路290號,臺中市北屯區景賢路290號,臺中市北屯區景賢路290號,臺中市,moe-school-directory,門牌,1,0
1049,臺中市北屯區東山路1段33巷16號,臺中市北屯區東山路1段33巷16號,臺中市北屯區東山路一段33巷16號,臺中市,moe-cc-sites,門牌,1,0
1050,臺中市北屯區松竹五路2段233號,臺中市北屯區松竹五路2段233號,臺中市北屯區松竹五路二段233號,臺中市,moe-school-directory,門牌,1,0
1051,臺中市北屯區柳陽東街180號,臺中市北屯區柳陽東街180號,臺中市北屯區柳陽東街180號,臺中市,moe-school-directory,門牌,1,0
1052,臺中市北屯區經貿路1段100號,臺中市北屯區經貿路1段100號,臺中市北屯區經貿路一段100號,臺中市,moe-school-directory,門牌,1,0
1053,臺中市北屯區軍福九路369號,臺中市北屯區軍福九路369號,臺中市北屯區軍福九路369號,臺中市,moe-school-directory,門牌,1,0
1054,臺中市北屯路10號,臺中市北屯路10號,台中市北屯路10號5樓,臺中市,moe-cc-sites,門牌,1,0
1055,臺中市南區國光路11號,臺中市南區國光路11號,臺中市南區國光路11號,臺中市,moe-cc-sites,門牌,1,0
1056,臺中市南區工學三街23號,臺中市南區工學三街23號,臺中市南區工學三街23號,臺中市,moe-cc-sites,門牌,1,0
1057,臺中市南區工學二街275巷3號,臺中市南區工學二街275巷3號,臺中市南區工學二街275巷3號,臺中市,moe-cc-sites,門牌,1,0
1058,臺中市南區柳川西路1段59號,臺中市南區柳川西路1段59號,臺中市南區柳川西路一段59號,臺中市,moe-senior-centers,門牌,1,0
1059,臺中市南區樹德里25鄰復興北路566號,臺中市南區樹德里25鄰復興北路566號,臺中市南區樹德里25鄰復興北路566號,臺中市,moe-school-directory,門牌,1,0
1060,臺中市南區福田二街23號,臺中市南區福田二街23號,臺中市南區福田二街23號,臺中市,moe-cc-sites,門牌,1,0
1061,臺中市南區臺中市南區興大路145號,臺中市南區興大路145號,臺中市南區臺中市南區興大路145號,臺中市,taiwanjobs,門牌,1,0
1062,臺中市南屯區三義里一鄰干城街88號,臺中市南屯區三義里一鄰干城街88號,臺中市南屯區三義里一鄰干城街88號,臺中市,moe-school-directory,門牌,1,0
1063,臺中市南屯區南屯路2段530號,臺中市南屯區南屯路2段530號,台中市南屯區南屯路2段530號,臺中市,moe-cc-sites,門牌,1,0
1064,臺中市南屯區培德路11號,臺中市南屯區培德路11號,台中市南屯區培德路11號,臺中市,moe-cc-sites,門牌,1,0
1065,臺中市南屯區大墩11街518號,臺中市南屯區大墩11街518號,臺中市南屯區大墩11街518號,臺中市,moe-cc-sites,門牌,1,0
1066,臺中市南屯區嶺東路188號,臺中市南屯區嶺東路188號,臺中市南屯區嶺東路188號,臺中市,moe-school-directory,門牌,1,0
1067,臺中市南屯區嶺東路2號,臺中市南屯區嶺東路2號,臺中市南屯區嶺東路2號,臺中市,moe-school-directory,門牌,1,0
1068,臺中市南屯區干城街127號,臺中市南屯區干城街127號,台中市南屯區干城街127號,臺中市,moe-cc-sites,門牌,1,0
1069,臺中市南屯區文山南巷301號,臺中市南屯區文山南巷301號,台中市南屯區文山南巷301號,臺中市,moe-cc-sites,門牌,1,0
1070,臺中市南屯區文山南路301號,臺中市南屯區文山南路301號,臺中市南屯區文山南路301號,臺中市,moe-cc-sites,門牌,1,0
1071,臺中市南屯區文心南二路439巷5號,臺中市南屯區文心南二路439巷5號,臺中市南屯區文心南二路439巷5號,臺中市,moe-cc-sites,門牌,1,0
1072,臺中市南屯區文心南五路331號,臺中市南屯區文心南五路331號,臺中市南屯區文心南五路331號,臺中市,moe-cc-sites,門牌,1,0
1073,臺中市南屯區新民巷14之3號,臺中市南屯區新民巷14之3號,臺中市南屯區新民巷14-3號,臺中市,moe-cc-sites,門牌,1,0
1074,臺中市南屯區東興路3段260號,臺中市南屯區東興路3段260號,臺中市南屯區東興路三段260號,臺中市,moe-cc-sites,門牌,1,0
1075,臺中市南屯區河南路4段150之2號,臺中市南屯區河南路4段150之2號,臺中市南屯區河南路四段150-2號,臺中市,moe-cc-sites,門牌,1,0
1076,臺中市南屯區河南路4段690巷5號,臺中市南屯區河南路4段690巷5號,台中市南屯區河南路4段690巷5號,臺中市,moe-cc-sites,門牌,1,0
1077,臺中市南屯區溫泉路228號,臺中市南屯區溫泉路228號,台中市南屯區溫泉路228號,臺中市,moe-cc-sites,門牌,1,0
1078,臺中市南屯區萬和路1段50號,臺中市南屯區萬和路1段50號,台中市南屯區萬和路1段50號,臺中市,moe-cc-sites,門牌,1,0
1079,臺中市南屯區黎明路1段965巷38號,臺中市南屯區黎明路1段965巷38號,台中市南屯區黎明路1段965巷38號,臺中市,moe-cc-sites,門牌,1,0
1080,臺中市后里區三光路139號,臺中市后里區三光路139號,台中市后里區三光路139號,臺中市,moe-cc-sites,門牌,1,0
1080,臺中市后里區三光路139號,臺中市后里區三光路139號,臺中市后里區三光路139號,臺中市,moe-cc-sites,門牌,1,0
1081,臺中市后里區三光路42號,臺中市后里區三光路42號,臺中市后里區三光路42號,臺中市,moe-cc-sites,門牌,1,0
1082,臺中市后里區三豐路3段968號,臺中市后里區三豐路3段968號,臺中市后里區三豐路三段968號,臺中市,moe-school-directory,門牌,1,0
1083,臺中市后里區厚里里九甲一路259號,臺中市后里區厚里里九甲一路259號,臺中市后里區厚里里九甲一路259號,臺中市,moe-cc-sites,門牌,1,0
1084,臺中市后里區墩北里三光路139號,臺中市后里區墩北里三光路139號,臺中市后里區墩北里三光路139號,臺中市,moe-cc-sites,門牌,2,0
1085,臺中市后里區大圳路538號,臺中市后里區大圳路538號,臺中市后里區大圳路538號,臺中市,moe-cc-sites,門牌,1,0
1086,臺中市后里區大山路211號,臺中市后里區大山路211號,臺中市后里區大山路211號,臺中市,moe-cc-sites,門牌,1,0
1087,臺中市后里區眉山里中眉路169號,臺中市后里區眉山里中眉路169號,臺中市后里區眉山里中眉路169號,臺中市,moe-school-directory,門牌,1,0
1088,臺中市后里區義里里甲后路1段168號,臺中市后里區義里里甲后路1段168號,臺中市后里區義里里甲后路一段168號,臺中市,moe-school-directory,門牌,1,0
1089,臺中市和平區南勢里東關路3段139之10號,臺中市和平區南勢里東關路3段139之10號,台中市和平區南勢里東關路三段139-10號,臺中市,moe-senior-centers,門牌,1,0
1090,臺中市和平區天輪里東關路二路天輪巷42號,臺中市和平區天輪里東關路二路天輪巷42號,臺中市和平區天輪里東關路二路天輪巷42號,臺中市,moe-school-directory,門牌,1,0
1091,和平區東關路1段松鶴3巷10號,臺中市和平區東關路1段松鶴3巷10號,和平區東關路一段松鶴3巷10號,臺中市,moe-cc-sites,門牌,1,0
1092,臺中市和平區達觀里育英巷6號,臺中市和平區達觀里育英巷6號,臺中市和平區達觀里育英巷6號,臺中市,moe-school-directory,門牌,1,0
1093,臺中市外埔區大馬路莊內巷1弄56號,臺中市外埔區大馬路莊內巷1弄56號,台中市外埔區大馬路莊內巷1弄56號,臺中市,moe-cc-sites,門牌,1,0
1094,臺中市外埔區東西巷13號,臺中市外埔區東西巷13號,臺中市外埔區東西巷13號,臺中市,moe-cc-sites,門牌,1,0
1095,臺中市大安區中山北路1巷10號,臺中市大安區中山北路1巷10號,臺中市大安區中山北路1巷10號,臺中市,moe-cc-sites,門牌,1,0
1096,臺中市大安區中松路233號,臺中市大安區中松路233號,臺中市大安區中松路233號,臺中市,moe-cc-sites,門牌,1,0
1097,臺中市大安區大安港路1100號,臺中市大安區大安港路1100號,臺中市大安區大安港路1100號,臺中市,moe-cc-sites,門牌,1,0
1098,臺中市大安區東安里福東一路79號,臺中市大安區東安里福東一路79號,臺中市大安區東安里福東一路79號,臺中市,moe-senior-centers,門牌,1,0
1099,臺中市大安區龜殼里3鄰中松路297號,臺中市大安區龜殼里3鄰中松路297號,臺中市大安區龜殼里3鄰中松路297號,臺中市,moe-school-directory,門牌,1,0
1100,臺中市大甲區中山路2段202號,臺中市大甲區中山路2段202號,台中市大甲區中山路二段202號,臺中市,moe-senior-centers,門牌,1,0
1101,臺中市大甲區中山里甲東路512號,臺中市大甲區中山里甲東路512號,臺中市大甲區中山里甲東路512號,臺中市,moe-cc-sites,門牌,1,0
1102,臺中市大甲區仁愛街138號,臺中市大甲區仁愛街138號,台中市大甲區仁愛街138號,臺中市,moe-cc-sites,門牌,1,0
1103,大甲區大安港路53巷3號,臺中市大甲區大安港路53巷3號,大甲區大安港路53巷3號,臺中市,moe-cc-sites,門牌,1,0
1103,臺中市大甲區大安港路53巷3號,臺中市大甲區大安港路53巷3號,臺中市大甲區大安港路53巷3號,臺中市,moe-cc-sites,門牌,1,0
1104,臺中市大甲區德化里和平路290號,臺中市大甲區德化里和平路290號,臺中市大甲區德化里和平路290號,臺中市,moe-cc-sites,門牌,1,0
1105,大甲區德興路61號,臺中市大甲區德興路61號,大甲區德興路61號,臺中市,moe-cc-sites,門牌,1,0
1106,大甲區德興路65號,臺中市大甲區德興路65號,大甲區德興路65號,臺中市,moe-cc-sites,門牌,1,0
1106,臺中市大甲區德興路65號,臺中市大甲區德興路65號,臺中市大甲區德興路65號,臺中市,moe-cc-sites,門牌,1,0
1107,臺中市大甲區文武里德興路61號,臺中市大甲區文武里德興路61號,臺中市大甲區文武里德興路61號,臺中市,moe-cc-sites,門牌,1,0
1108,臺中市大甲區文武里德興路63號,臺中市大甲區文武里德興路63號,臺中市大甲區文武里德興路63號,臺中市,moe-cc-sites,門牌,1,0
1109,臺中市大甲區文武里育德路233號,臺中市大甲區文武里育德路233號,臺中市大甲區文武里育德路233號,臺中市,moe-school-directory,門牌,1,0
1110,臺中市大甲區東陽新村71號,臺中市大甲區東陽新村71號,臺中市大甲區東陽新村71號,臺中市,moe-cc-sites,門牌,1,0
1111,臺中市大甲區武陵里文曲路81號,臺中市大甲區武陵里文曲路81號,臺中市大甲區武陵里文曲路81號,臺中市,moe-cc-sites,門牌,1,0
1112,臺中市大甲區水源路167號,臺中市大甲區水源路167號,臺中市大甲區水源路167號,臺中市,moe-cc-sites,門牌,1,0
1113,臺中市大甲區甲東路520號,臺中市大甲區甲東路520號,台中市大甲區甲東路520號,臺中市,moe-cc-sites,門牌,1,0
1113,臺中市大甲區甲東路520號,臺中市大甲區甲東路520號,臺中市大甲區甲東路520號,臺中市,moe-cc-sites,門牌,1,0
1114,臺中市大甲區經國路21巷9號,臺中市大甲區經國路21巷9號,臺中市大甲區經國路21巷9號,臺中市,moe-cc-sites,門牌,1,0
1115,大甲區經國路95巷13號,臺中市大甲區經國路95巷13號,大甲區經國路95巷13號,臺中市,moe-cc-sites,門牌,1,0
1115,臺中市大甲區經國路95巷13號,臺中市大甲區經國路95巷13號,臺中市大甲區經國路95巷13號,臺中市,moe-cc-sites,門牌,1,0
1116,大甲區義和里中山路1段484巷45號,臺中市大甲區義和里中山路1段484巷45號,大甲區義和里中山路一段484巷45號,臺中市,moe-cc-sites,門牌,1,0
1116,臺中市大甲區義和里中山路1段484巷45號,臺中市大甲區義和里中山路1段484巷45號,臺中市大甲區義和里中山路一段484巷45號,臺中市,moe-cc-sites,門牌,1,0
1117,臺中市大甲區育德路113號,臺中市大甲區育德路113號,台中市大甲區育德路113號,臺中市,moe-cc-sites,門牌,1,0
1117,臺中市大甲區育德路113號,臺中市大甲區育德路113號,臺中市大甲區育德路113號,臺中市,moe-cc-sites,門牌,1,0
1118,大甲區育德路233號,臺中市大甲區育德路233號,大甲區育德路233號,臺中市,moe-cc-sites,門牌,1,0
1119,臺中市大甲區興安路29之1號,臺中市大甲區興安路29之1號,臺中市大甲區興安路29之1號,臺中市,moe-cc-sites,門牌,1,0
1120,臺中市大甲區興安路92號,臺中市大甲區興安路92號,臺中市大甲區興安路92號,臺中市,moe-cc-sites,門牌,1,0
1121,大甲區通天路110之2號,臺中市大甲區通天路110之2號,大甲區通天路110-2號,臺中市,moe-cc-sites,門牌,1,0
1121,臺中市大甲區通天路110之2號,臺中市大甲區通天路110之2號,臺中市大甲區通天路110-2號,臺中市,moe-cc-sites,門牌,1,0
1121,臺中市大甲區通天路110之2號,臺中市大甲區通天路110之2號,台中市大甲區通天路110之2號,臺中市,moe-cc-sites,門牌,1,0
1122,臺中市大甲區鎮瀾街207號,臺中市大甲區鎮瀾街207號,台中市大甲區鎮瀾街207號,臺中市,moe-cc-sites,門牌,1,0
1123,臺中市大甲區開元路71號,臺中市大甲區開元路71號,臺中市大甲區開元路71號,臺中市,moe-cc-sites,門牌,1,0
1124,大甲區順天路146號,臺中市大甲區順天路146號,大甲區順天路146號3樓,臺中市,moe-cc-sites,門牌,1,0
1125,臺中市大甲區順天路67號,臺中市大甲區順天路67號,臺中市大甲區順天路67號,臺中市,moe-cc-sites,門牌,1,0
1126,臺中市大甲區順帆路96號,臺中市大甲區順帆路96號,台中市大甲區順帆路96號,臺中市,moe-cc-sites,門牌,1,0
1127,臺中市大肚區平和街28號,臺中市大肚區平和街28號,臺中市大肚區平和街28號2樓,臺中市,moe-cc-sites,門牌,1,0
1128,臺中市大肚區榮華街630號,臺中市大肚區榮華街630號,台中市大肚區榮華街630號,臺中市,moe-cc-sites,門牌,1,0
1128,臺中市大肚區榮華街630號,臺中市大肚區榮華街630號,臺中市大肚區榮華街630號,臺中市,moe-cc-sites,門牌,1,0
1129,臺中市大肚區沙田路3段888巷9之1號,臺中市大肚區沙田路3段888巷9之1號,臺中市大肚區沙田路3段888巷9-1號,臺中市,moe-senior-centers,門牌,1,0
1130,臺中市大里區中山路330號,臺中市大里區中山路330號,台中市大里區中山路330號,臺中市,moe-cc-sites,門牌,1,0
1131,臺中市大里區健民里練武路67號,臺中市大里區健民里練武路67號,臺中市大里區健民里練武路67號,臺中市,moe-school-directory,門牌,1,0
1132,臺中市大里區新仁路2段42號,臺中市大里區新仁路2段42號,臺中市大里區新仁路二段42號,臺中市,moe-cc-sites,門牌,1,0
1133,臺中市大里區東興路100號,臺中市大里區東興路100號,臺中市大里區東興路100號,臺中市,moe-cc-sites,門牌,1,0
1134,臺中市大里區益民路2段57巷47號,臺中市大里區益民路2段57巷47號,臺中市大里區益民路二段57巷47號,臺中市,moe-cc-sites,門牌,1,0
1135,臺中市大里區立新街338號,臺中市大里區立新街338號,臺中市大里區立新街338號,臺中市,moe-cc-sites,門牌,1,0
1136,臺中市大雅區三和里春亭2街1號,臺中市大雅區三和里春亭2街1號,臺中市大雅區三和里春亭2街1號,臺中市,moe-school-directory,門牌,1,0
1137,臺中市大雅區中山北路235號,臺中市大雅區中山北路235號,台中市大雅區中山北路235號,臺中市,moe-cc-sites,門牌,1,0
1138,臺中市大雅區二和里學府路230號,臺中市大雅區二和里學府路230號,臺中市大雅區二和里學府路230號,臺中市,moe-school-directory,門牌,1,0
1139,臺中市大雅區員林里中清路4段158號,臺中市大雅區員林里中清路4段158號,臺中市大雅區員林里中清路四段158號,臺中市,moe-cc-sites,門牌,1,0
1140,臺中市大雅區學府路230號,臺中市大雅區學府路230號,台中市大雅區學府路230號,臺中市,moe-cc-sites,門牌,1,0
1141,臺中市大雅區橫山里永和路8號,臺中市大雅區橫山里永和路8號,臺中市大雅區橫山里永和路8號,臺中市,moe-senior-centers,門牌,1,0
1142,臺中市天保街60號,臺中市天保街60號,臺中市天保街60號,臺中市,moe-cc-sites,門牌,1,0
1143,臺中市太平區中山路3段67巷60弄1號,臺中市太平區中山路3段67巷60弄1號,臺中市太平區中山路三段67巷60弄1號,臺中市,moe-cc-sites,門牌,2,0
1144,臺中市太平區中平九街181號,臺中市太平區中平九街181號,臺中市太平區中平九街181號,臺中市,moe-cc-sites,門牌,1,0
1145,臺中市太平區廍仔坑路26號,臺中市太平區廍仔坑路26號,臺中市太平區廍仔坑路26號,臺中市,moe-school-directory,門牌,1,0
1146,臺中市太平區立功路68號,臺中市太平區立功路68號,臺中市太平區立功路68號,臺中市,moe-school-directory,門牌,1,0
1147,臺中市太平區興隆路76號,臺中市太平區興隆路76號,臺中市太平區興隆路76號(廣興宮旁),臺中市,moe-cc-sites,門牌,1,0
1148,臺中市新社區復盛村中和街3段國中巷10號,臺中市新社區復盛村中和街3段國中巷10號,臺中市新社區復盛村中和街三段國中巷10號,臺中市,moe-cc-sites,門牌,1,0
1149,臺中市新社區新社里興社街4段一巷2號,臺中市新社區新社里興社街4段一巷2號,臺中市新社區新社里興社街四段一巷二號,臺中市,moe-senior-centers,門牌,1,0
1150,臺中市東勢區上新里忠孝街150之1號,臺中市東勢區上新里忠孝街150之1號,臺中市東勢區上新里忠孝街150-1號,臺中市,moe-cc-sites,門牌,1,0
1151,臺中市東勢區中寧里匠寮巷52號,臺中市東勢區中寧里匠寮巷52號,臺中市東勢區中寧里匠寮巷52號,臺中市,moe-cc-sites,門牌,1,0
1152,臺中市東勢區中寧里文化街115巷3號,臺中市東勢區中寧里文化街115巷3號,臺中市東勢區中寧里文化街115巷3號,臺中市,moe-cc-sites,門牌,1,0
1153,臺中市東勢區中山路28號,臺中市東勢區中山路28號,台中市東勢區中山路28號6樓,臺中市,moe-cc-sites,門牌,1,0
1154,臺中市東勢區中正路206號,臺中市東勢區中正路206號,臺中市東勢區中正路206號,臺中市,moe-senior-centers,門牌,1,0
1155,臺中市東勢區中泰街88號,臺中市東勢區中泰街88號,臺中市東勢區中泰街88號,臺中市,moe-cc-sites,門牌,2,0
1155,臺中市東勢區中泰街88號,臺中市東勢區中泰街88號,台中市東勢區中泰街88號,臺中市,moe-cc-sites,門牌,1,0
1156,臺中市東勢區南平里南片巷100之1號,臺中市東勢區南平里南片巷100之1號,臺中市東勢區南平里南片巷100之1號,臺中市,moe-cc-sites,門牌,1,0
1157,臺中市東勢區南平里本街南片巷100之1號,臺中市東勢區南平里本街南片巷100之1號,台中市東勢區南平里本街南片巷100之1號,臺中市,moe-cc-sites,門牌,1,0
1157,臺中市東勢區南平里本街南片巷100之1號,臺中市東勢區南平里本街南片巷100之1號,臺中市東勢區南平里本街南片巷100之1號,臺中市,moe-cc-sites,門牌,1,0
1158,臺中市東勢區文昌前街1號,臺中市東勢區文昌前街1號,台中市東勢區文昌前街1號,臺中市,moe-cc-sites,門牌,1,0
1158,臺中市東勢區文昌前街1號,臺中市東勢區文昌前街1號,臺中市東勢區文昌前街1號,臺中市,moe-cc-sites,門牌,1,0
1159,臺中市東勢區東坑路西盛巷60號,臺中市東勢區東坑路西盛巷60號,台中市東勢區東坑路西盛巷60號,臺中市,moe-cc-sites,門牌,1,0
1159,臺中市東勢區東坑路西盛巷60號,臺中市東勢區東坑路西盛巷60號,臺中市東勢區東坑路西盛巷60號,臺中市,moe-cc-sites,門牌,1,0
1160,臺中市東勢區東安里文化街113號,臺中市東勢區東安里文化街113號,臺中市東勢區東安里文化街113號,臺中市,moe-cc-sites,門牌,1,0
1161,臺中市東勢區泰昌里名流街28巷2號,臺中市東勢區泰昌里名流街28巷2號,臺中市東勢區泰昌里名流街28巷2號,臺中市,moe-cc-sites,門牌,1,0
1162,臺中市東勢區第五橫街1號,臺中市東勢區第五橫街1號,臺中市東勢區第五橫街1號,臺中市,moe-cc-sites,門牌,1,0
1163,臺中市東區十甲里東英七街41號,臺中市東區十甲里東英七街41號,臺中市東區十甲里東英七街41號,臺中市,moe-cc-sites,門牌,1,0
1164,臺中市東區大振街33號,臺中市東區大振街33號,臺中市東區大振街33號,臺中市,moe-cc-sites,門牌,1,0
1165,臺中市東區東勢里福明街118號,臺中市東區東勢里福明街118號,臺中市東區東勢里福明街118號,臺中市,moe-cc-sites,門牌,1,0
1166,臺中市東區東橋里大智路359號,臺中市東區東橋里大智路359號,臺中市東區東橋里大智路359號,臺中市,moe-senior-centers,門牌,1,0
1167,臺中市東區樂業一路151號,臺中市東區樂業一路151號,臺中市東區樂業一路151號,臺中市,moe-cc-sites,門牌,1,0
1168,臺中市梧棲區中和街16號,臺中市梧棲區中和街16號,臺中市梧棲區中和街16號,臺中市,moe-cc-sites,門牌,1,0
1169,臺中市梧棲區中央路1段238之1號,臺中市梧棲區中央路1段238之1號,臺中市梧棲區中央路一段238-1號,臺中市,moe-cc-sites,門牌,1,0
1170,臺中市梧棲區中央路1段536之2號,臺中市梧棲區中央路1段536之2號,臺中市梧棲區中央路一段536-2號,臺中市,moe-cc-sites,門牌,1,0
1171,臺中市梧棲區中興路128巷11號,臺中市梧棲區中興路128巷11號,臺中市梧棲區中興路128巷11號,臺中市,moe-cc-sites,門牌,1,0
1172,臺中市梧棲區博愛北路55號,臺中市梧棲區博愛北路55號,臺中市梧棲區博愛北路55號,臺中市,moe-cc-sites,門牌,1,0
1173,臺中市梧棲區大庄里文華街168巷1號,臺中市梧棲區大庄里文華街168巷1號,臺中市梧棲區大庄里文華街168巷1號,臺中市,moe-cc-sites,門牌,1,0
1174,臺中市梧棲區居仁街209巷7號,臺中市梧棲區居仁街209巷7號,臺中市梧棲區居仁街209巷7號,臺中市,moe-cc-sites,門牌,1,0
1175,臺中市梧棲區建國北街635號,臺中市梧棲區建國北街635號,臺中市梧棲區建國北街635號4樓,臺中市,moe-cc-sites,門牌,1,0
1176,臺中市梧棲區民生街15之77號,臺中市梧棲區民生街15之77號,臺中市梧棲區民生街15之77 號,臺中市,moe-cc-sites,門牌,1,0
1177,臺中市梧棲區港埠路2段306號,臺中市梧棲區港埠路2段306號,臺中市梧棲區港埠路二段306號,臺中市,moe-cc-sites,門牌,1,0
1178,臺中市梧棲區臺灣大道8段699號,臺中市梧棲區臺灣大道8段699號,臺中市梧棲區臺灣大道八段699號,臺中市,moe-senior-centers,門牌,1,0
1179,臺中市梧棲區草湳里文化路1段6號,臺中市梧棲區草湳里文化路1段6號,臺中市梧棲區草湳里文化路一段6號,臺中市,moe-school-directory,門牌,1,0
1180,臺中市梧棲區頂寮里梧北路117號,臺中市梧棲區頂寮里梧北路117號,臺中市梧棲區頂寮里梧北路117號,臺中市,moe-cc-sites,門牌,1,0
1181,臺中市沙鹿區中棲路三條圳巷67號,臺中市沙鹿區中棲路三條圳巷67號,臺中市沙鹿區中棲路三條圳巷67號,臺中市,moe-cc-sites,門牌,1,0
1182,臺中市沙鹿區中清路7段168號,臺中市沙鹿區中清路7段168號,臺中市沙鹿區中清路七段168號,臺中市,moe-cc-courses,門牌,1,0
1183,臺中市沙鹿區保定路107號,臺中市沙鹿區保定路107號,臺中市沙鹿區保定路107號,臺中市,moe-school-directory,門牌,1,0
1184,臺中市沙鹿區北中七街39號,臺中市沙鹿區北中七街39號,臺中市沙鹿區北中七街39號,臺中市,moe-cc-sites,門牌,1,0
1185,臺中市沙鹿區沙鹿里中正街34號,臺中市沙鹿區沙鹿里中正街34號,臺中市沙鹿區沙鹿里中正街34號,臺中市,moe-cc-sites,門牌,1,0
1186,臺中市沙鹿區鹿寮里三條圳二街167號,臺中市沙鹿區鹿寮里三條圳二街167號,臺中市沙鹿區鹿寮里三條圳二街167號,臺中市,moe-cc-sites,門牌,1,0
1187,臺中市清水區中清路9段876巷29號,臺中市清水區中清路9段876巷29號,臺中市清水區中清路9段876巷29號,臺中市,moe-cc-sites,門牌,1,0
1188,臺中市清水區中華路532號,臺中市清水區中華路532號,臺中市清水區中華路532號,臺中市,moe-cc-sites,門牌,1,0
1189,臺中市清水區五權路336號,臺中市清水區五權路336號,臺中市清水區五權路336號,臺中市,moe-senior-centers,門牌,1,0
1190,臺中市清水區建國路126號,臺中市清水區建國路126號,臺中市清水區建國路126號9F-3,臺中市,moe-cc-sites,門牌,1,0
1191,臺中市清水區建國路80號,臺中市清水區建國路80號,台中市清水區建國路80號,臺中市,moe-cc-sites,門牌,1,0
1191,臺中市清水區建國路80號,臺中市清水區建國路80號,臺中市清水區建國路80號,臺中市,moe-cc-sites,門牌,1,0
1192,臺中市清水區楊厝里鱉海路325號,臺中市清水區楊厝里鱉海路325號,臺中市清水區楊厝里鱉海路325號,臺中市,moe-school-directory,門牌,1,0
1193,臺中市清水區橋江南街68號,臺中市清水區橋江南街68號,台中市清水區橋江南街68號,臺中市,moe-cc-sites,門牌,1,0
1194,臺中市清水區民有路46巷19號,臺中市清水區民有路46巷19號,臺中市清水區民有路46巷19號,臺中市,moe-cc-sites,門牌,1,0
1195,臺中市清水區港新五路300號,臺中市清水區港新五路300號,臺中市清水區港新五路300號,臺中市,moe-cc-sites,門牌,1,0
1196,臺中市清水區鰲峰路250號,臺中市清水區鰲峰路250號,臺中市清水區鰲峰路250號,臺中市,moe-school-directory,門牌,1,0
1197,臺中市潭子區弘文街100號,臺中市潭子區弘文街100號,臺中市潭子區弘文街100號,臺中市,moe-school-directory,門牌,1,0
1198,臺中市潭子區潭興路1段168號,臺中市潭子區潭興路1段168號,臺中市潭子區潭興路一段168號,臺中市,moe-school-directory,門牌,1,0
1199,臺中市潭子區潭興路1段258巷16號,臺中市潭子區潭興路1段258巷16號,臺中市潭子區潭興路一段258巷16號,臺中市,moe-school-directory,門牌,1,0
1200,臺中市潭子區潭興路1段25號,臺中市潭子區潭興路1段25號,臺中市潭子區潭興路一段25號,臺中市,moe-school-directory,門牌,1,0
1201,臺中市潭子區興華一路445號,臺中市潭子區興華一路445號,台中市潭子區興華一路445號,臺中市,moe-cc-sites,門牌,1,0
1202,臺中市烏日區五光路948號,臺中市烏日區五光路948號,台中市烏日區五光路948號號,臺中市,moe-cc-sites,門牌,1,0
1203,臺中市烏日區公園路36號,臺中市烏日區公園路36號,臺中市烏日區公園路36號,臺中市,moe-school-directory,門牌,1,0
1204,臺中市烏日區慶光路798號,臺中市烏日區慶光路798號,台中市烏日區慶光路798號,臺中市,moe-cc-sites,門牌,1,0
1205,臺中市石岡區九房里8鄰石城街復興巷11之3號,臺中市石岡區九房里8鄰石城街復興巷11之3號,臺中市石岡區九房里8鄰石城街復興巷11之3號,臺中市,moe-cc-sites,門牌,1,0
1206,臺中市石岡區九房里明德路121號,臺中市石岡區九房里明德路121號,台中市石岡區九房里明德路121號,臺中市,moe-cc-sites,門牌,1,0
1207,臺中市石岡區明德路105號,臺中市石岡區明德路105號,台中市石岡區明德路105號,臺中市,moe-cc-sites,門牌,1,0
1207,臺中市石岡區明德路105號,臺中市石岡區明德路105號,臺中市石岡區明德路105號,臺中市,moe-cc-sites,門牌,1,0
1208,臺中市石岡區梅子里豐勢路國中巷1號,臺中市石岡區梅子里豐勢路國中巷1號,臺中市石岡區梅子里豐勢路國中巷1號,臺中市,moe-school-directory,門牌,1,0
1209,臺中市石岡區石岡街1號,臺中市石岡區石岡街1號,台中市石岡區石岡街1號,臺中市,moe-cc-sites,門牌,1,0
1209,臺中市石岡區石岡街1號,臺中市石岡區石岡街1號,臺中市石岡區石岡街1號,臺中市,moe-cc-sites,門牌,1,0
1210,臺中市石岡區石岡街下坑巷153號,臺中市石岡區石岡街下坑巷153號,台中市石岡區石岡街下坑巷153 號,臺中市,moe-cc-sites,門牌,1,0
1211,臺中市石岡區豐勢路308號,臺中市石岡區豐勢路308號,台中市石岡區豐勢路308號,臺中市,moe-cc-sites,門牌,2,0
1212,臺中市石岡區豐勢路國中巷1號,臺中市石岡區豐勢路國中巷1號,台中市石岡區豐勢路國中巷1號,臺中市,moe-cc-sites,門牌,1,0
1213,臺中市神岡區社南里社南街136號,臺中市神岡區社南里社南街136號,臺中市神岡區社南里社南街136號,臺中市,moe-school-directory,門牌,1,0
1214,臺中市神岡區神圳路1號,臺中市神岡區神圳路1號,台中市神岡區神圳路1號,臺中市,moe-cc-sites,門牌,1,0
1215,臺中市神岡區神岡里中正南街80巷8號,臺中市神岡區神岡里中正南街80巷8號,臺中市神岡區神岡里中正南街80巷8號,臺中市,moe-cc-sites,門牌,1,0
1216,臺中巿太平區長億六街1號,臺中市臺中巿太平區長億六街1號,臺中巿太平區長億六街1號,臺中市,moe-cc-sites,門牌,1,0
1217,臺中市西區東興路3段246號,臺中市西區東興路3段246號,台中市西區東興路三段246號,臺中市,moe-cc-sites,門牌,1,0
1217,臺中市西區東興路3段246號,臺中市西區東興路3段246號,臺中市西區東興路三段246號7樓,臺中市,moe-cc-sites,門牌,1,0
1218,臺中市西區臺中市民生路227號,臺中市西區臺中市民生路227號,臺中市西區台中市民生路227號（英才校區）,臺中市,taiwanjobs,門牌,1,0
1219,臺中市西區臺灣大道2段566號,臺中市西區臺灣大道2段566號,臺中市西區台灣大道二段566號,臺中市,moe-cc-sites,門牌,1,0
1220,臺中市西屯區何南里臺灣大道2段659號,臺中市西屯區何南里臺灣大道2段659號,臺中市西屯區何南里台灣大道二段659號4樓,臺中市,moe-senior-centers,門牌,1,0
1221,臺中市西屯區東大路1段555號,臺中市西屯區東大路1段555號,臺中市西屯區東大路一段555號,臺中市,moe-school-directory,門牌,1,0
1222,臺中市西屯區臺中市西屯區文華路100號,臺中市西屯區臺中市西屯區文華路100號,臺中市西屯區臺中市西屯區文華路100號,臺中市,taiwanjobs,門牌,2,0
1222,臺中市西屯區臺中市西屯區文華路100號,臺中市西屯區臺中市西屯區文華路100號,臺中市西屯區台中市西屯區文華路100號,臺中市,taiwanjobs,門牌,2,0
1223,臺中市西屯區臺中市西屯區科園路21號,臺中市西屯區臺中市西屯區科園路21號,臺中市西屯區臺中市西屯區科園路21號,臺中市,taiwanjobs,門牌,1,0
1224,臺中市西屯區龍洋巷52之1號,臺中市西屯區龍洋巷52之1號,台中市西屯區龍洋巷52-1號,臺中市,moe-cc-sites,門牌,1,0
1224,臺中市西屯區龍洋巷52之1號,臺中市西屯區龍洋巷52之1號,臺中市西屯區龍洋巷52-1號,臺中市,moe-cc-sites,門牌,1,0
1225,臺中市豐原區三豐路2段89巷45號,臺中市豐原區三豐路2段89巷45號,臺中市豐原區三豐路二段89巷45號,臺中市,moe-cc-sites,門牌,1,0
1226,臺中市豐原區信義街200號,臺中市豐原區信義街200號,臺中市豐原區信義街200號,臺中市,moe-cc-sites,門牌,1,0
1227,臺中市豐原區信義街208號,臺中市豐原區信義街208號,臺中市豐原區信義街208號,臺中市,moe-cc-sites,門牌,1,0
1228,臺中市豐原區信義街218號,臺中市豐原區信義街218號,臺中市豐原區信義街218號,臺中市,moe-cc-sites,門牌,1,0
1229,臺中市豐原區北陽路8號,臺中市豐原區北陽路8號,臺中市豐原區北陽路8號2樓,臺中市,moe-cc-sites,門牌,1,0
1230,臺中市豐原區圓環西路95號,臺中市豐原區圓環西路95號,臺中市豐原區圓環西路95號,臺中市,moe-cc-sites,門牌,1,0
1231,臺中市豐原區大湳里圓環北路1段190號,臺中市豐原區大湳里圓環北路1段190號,臺中市豐原區大湳里圓環北路一段190號,臺中市,moe-cc-sites,門牌,1,0
1232,臺中市豐原區安康路280號,臺中市豐原區安康路280號,臺中市豐原區安康路280號,臺中市,moe-cc-sites,門牌,1,0
1233,臺中市豐原區永康路181巷6號,臺中市豐原區永康路181巷6號,臺中市豐原區永康路181巷6號,臺中市,moe-cc-sites,門牌,1,0
1234,臺中市豐原區福德路2之1號,臺中市豐原區福德路2之1號,臺中市豐原區福德路2-1號,臺中市,moe-cc-sites,門牌,1,0
1235,臺中市豐原區育仁路81號,臺中市豐原區育仁路81號,臺中市豐原區育仁路81號,臺中市,moe-senior-centers,門牌,1,0
1236,臺中市豐原區豐南街2號,臺中市豐原區豐南街2號,臺中市豐原區豐南街2號8樓,臺中市,moe-cc-sites,門牌,1,0
1237,臺中市豐原區豐原大道1段609號,臺中市豐原區豐原大道1段609號,臺中市豐原區豐原大道一段609號,臺中市,moe-cc-sites,門牌,1,0
1238,臺中市豐原區豐東路118巷18號,臺中市豐原區豐東路118巷18號,臺中市豐原區豐東路118巷18號,臺中市,moe-cc-sites,門牌,1,0
1239,臺中市霧峰區中正路738之1號,臺中市霧峰區中正路738之1號,台中市霧峰區中正路738-1號,臺中市,moe-cc-sites,門牌,1,0
1240,臺中市霧峰區六股路51號,臺中市霧峰區六股路51號,臺中市霧峰區六股路51號,臺中市,moe-senior-centers,門牌,1,0
1241,臺中市霧峰區坑口里信義路50號,臺中市霧峰區坑口里信義路50號,臺中市霧峰區坑口里信義路50號,臺中市,moe-school-directory,門牌,1,0
1242,臺中市霧峰區坑口里育德路91巷18號,臺中市霧峰區坑口里育德路91巷18號,臺中市霧峰區坑口里育德路91巷18號,臺中市,moe-cc-sites,門牌,1,0
1243,臺中市霧峰區柳豐路535號,臺中市霧峰區柳豐路535號,臺中市霧峰區柳豐路535號,臺中市,moe-school-directory,門牌,1,0
1244,臺中市霧峰區蘭生街43號,臺中市霧峰區蘭生街43號,臺中市霧峰區蘭生街43號,臺中市,moe-cc-sites,門牌,1,0
1245,臺中市龍井區忠和里中央路3段206號,臺中市龍井區忠和里中央路3段206號,臺中市龍井區忠和里中央路3段206號,臺中市,moe-school-directory,門牌,1,0
1246,臺中市龍井區新庄里中沙路2號,臺中市龍井區新庄里中沙路2號,臺中市龍井區新庄里中沙路2號,臺中市,moe-school-directory,門牌,1,0
1247,臺中市龍井區東海里藝術街34號,臺中市龍井區東海里藝術街34號,臺中市龍井區東海里藝術街34號,臺中市,moe-cc-sites,門牌,1,0
1248,臺中市龍井區竹坑里茄投路1段1巷35號,臺中市龍井區竹坑里茄投路1段1巷35號,臺中市龍井區竹坑里茄投路一段1巷35號,臺中市,moe-cc-sites,門牌,1,0
1249,臺中市龍井區觀光路2號,臺中市龍井區觀光路2號,臺中市龍井區觀光路2號,臺中市,moe-cc-sites,門牌,1,0
1250,臺中市龍井區龍崗里竹師路2段68號,臺中市龍井區龍崗里竹師路2段68號,臺中市龍井區龍崗里竹師路二段68號,臺中市,moe-cc-sites,門牌,1,0
1251,臺中市龍井區龍門路40號,臺中市龍井區龍門路40號,臺中市龍井區龍門路40號,臺中市,moe-senior-centers,門牌,1,0
1252,臺北市中和街534號,臺北市中和街534號,台北市中和街534號10樓,臺北市,moe-cc-sites,門牌,1,0
1253,臺北市中山區中央里長春路165號,臺北市中山區中央里長春路165號,臺北市中山區中央里長春路165號,臺北市,moe-school-directory,門牌,1,0
1254,臺北市中山區劍潭里明水路325號,臺北市中山區劍潭里明水路325號,臺北市中山區劍潭里明水路325號,臺北市,moe-school-directory,門牌,1,0
1255,臺北市中山區北市復興北路430巷1號,臺北市中山區復興北路430巷1號,臺北市中山區北市復興北路430巷1號,臺北市,taipei-cc,門牌,5,0
1256,臺北市中山區新庄里新生北路3段55號,臺北市中山區新庄里新生北路3段55號,臺北市中山區新庄里新生北路三段55號,臺北市,moe-school-directory,門牌,1,0
1257,臺北市中山區北市松江路70巷11號,臺北市中山區松江路70巷11號,臺北市中山區北市松江路70巷11號,臺北市,taipei-cc,門牌,4,0
1258,臺北市中山區金泰里樂群二路262號,臺北市中山區金泰里樂群二路262號,臺北市中山區金泰里樂群二路262號,臺北市,moe-school-directory,門牌,1,0
1259,臺北市中山區集英里中山北路3段40號,臺北市中山區集英里中山北路3段40號,臺北市中山區集英里中山北路三段40號,臺北市,moe-school-directory,門牌,1,0
1260,臺北市中正區中華路2段307巷17號,臺北市中正區中華路2段307巷17號,臺北市中正區中華路二段307巷17號,臺北市,moe-school-directory,門牌,1,0
1261,臺北市中正區富水里汀州路3段58號,臺北市中正區富水里汀州路3段58號,臺北市中正區富水里汀州路3段58號,臺北市,moe-school-directory,門牌,1,0
1262,臺北市中正區幸福里濟南路1段71號,臺北市中正區幸福里濟南路1段71號,臺北市中正區幸福里濟南路1段71號,臺北市,moe-school-directory,門牌,1,0
1263,臺北市中正區建國里公園路21號,臺北市中正區建國里公園路21號,臺北市中正區建國里公園路21號,臺北市,moe-school-directory,門牌,1,0
1264,臺北市中正區建國里公園路29號,臺北市中正區建國里公園路29號,臺北市中正區建國里公園路29號,臺北市,moe-school-directory,門牌,1,0
1265,臺北市中正區建國里重慶南路1段165號,臺北市中正區建國里重慶南路1段165號,臺北市中正區建國里重慶南路1段165號,臺北市,moe-school-directory,門牌,1,0
1266,臺北市中正區林興里汀州路3段4號,臺北市中正區林興里汀州路3段4號,臺北市中正區林興里汀州路三段4號,臺北市,moe-school-directory,門牌,1,0
1267,臺北市中正區梅花里忠孝東路2段101號,臺北市中正區梅花里忠孝東路2段101號,臺北市中正區梅花里忠孝東路2段101號,臺北市,moe-school-directory,門牌,1,0
1268,臺北市中正區永功里中華路2段465號,臺北市中正區永功里中華路2段465號,臺北市中正區永功里中華路二段465號,臺北市,moe-school-directory,門牌,1,0
1269,臺北市信義區三張里松仁路158巷1號,臺北市信義區三張里松仁路158巷1號,臺北市信義區三張里松仁路158巷1號,臺北市,moe-school-directory,門牌,1,0
1270,臺北市信義區中行里福德街221巷15號,臺北市信義區中行里福德街221巷15號,臺北市信義區中行里福德街221巷15號,臺北市,moe-school-directory,門牌,1,0
1271,臺北市信義區光復南路133號,臺北市信義區光復南路133號,11072台北市信義區光復南路133號_藝趣空間(E201),臺北市,moe-cc-courses,門牌,1,0
1272,臺北市信義區大道里忠孝東路5段790巷27號,臺北市信義區大道里忠孝東路5段790巷27號,臺北市信義區大道里忠孝東路五段790巷27號,臺北市,moe-school-directory,門牌,1,0
1273,臺北市信義區安康里松德路168巷15號,臺北市信義區安康里松德路168巷15號,臺北市信義區安康里松德路168巷15號,臺北市,moe-school-directory,門牌,1,0
1274,臺北市信義區廣居里忠孝東路5段236巷15號,臺北市信義區廣居里忠孝東路5段236巷15號,臺北市信義區廣居里忠孝東路五段236巷15號,臺北市,moe-school-directory,門牌,1,0
1275,臺北市信義區新仁里基隆路1段156號,臺北市信義區新仁里基隆路1段156號,臺北市信義區新仁里基隆路一段156號,臺北市,moe-school-directory,門牌,1,0
1276,臺北市信義區松仁路22鄰95巷20號,臺北市信義區松仁路22鄰95巷20號,臺北市信義區松仁路22鄰95巷20號,臺北市,moe-school-directory,門牌,1,0
1277,臺北市信義區松隆里松山路655號,臺北市信義區松隆里松山路655號,臺北市信義區松隆里松山路655號,臺北市,moe-school-directory,門牌,1,0
1278,臺北市信義區黎順里基隆路2段155號,臺北市信義區黎順里基隆路2段155號,臺北市信義區黎順里基隆路二段155號,臺北市,moe-school-directory,門牌,1,0
1279,臺北市內湖區內湖區五分街6號,臺北市內湖區五分街6號,臺北市內湖區內湖區五分街6號4樓視聽室,臺北市,taipei-cc,門牌,2,0
1280,臺北市內湖區北投區長安里光明路251號,臺北市內湖區北投區長安里光明路251號,臺北市內湖區北投區長安里光明路251號地下一樓視聽室,臺北市,taipei-cc,門牌,1,0
1281,臺北市內湖區南港區南港里南港路1段350號,臺北市內湖區南港區南港里南港路1段350號,臺北市內湖區南港區南港里南港路一段350號3樓視聽室,臺北市,taipei-cc,門牌,2,0
1282,臺北市內湖區南港區南港里市民大道8段367號,臺北市內湖區南港區南港里市民大道8段367號,臺北市內湖區南港區南港里市民大道八段367號2樓大教室,臺北市,taipei-cc,門牌,2,0
1283,臺北市內湖區南湖里康寧路3段220號,臺北市內湖區南湖里康寧路3段220號,臺北市內湖區南湖里康寧路三段220號,臺北市,moe-school-directory,門牌,1,0
1284,臺北市內湖區港華里環山路2段100號,臺北市內湖區港華里環山路2段100號,臺北市內湖區港華里環山路二段100號,臺北市,moe-school-directory,門牌,1,0
1285,臺北市內湖區港都里內湖路1段629巷42號,臺北市內湖區港都里內湖路1段629巷42號,臺北市內湖區港都里內湖路一段629巷42號,臺北市,moe-school-directory,門牌,1,0
1286,臺北市內湖區湖濱里內湖路2段314號,臺北市內湖區湖濱里內湖路2段314號,臺北市內湖區湖濱里內湖路二段314號,臺北市,moe-school-directory,門牌,1,0
1287,臺北市內湖區內湖區湖興里民權東路6段99號,臺北市內湖區湖興里民權東路6段99號,臺北市內湖區內湖區湖興里民權東路六段99號六樓視聽室,臺北市,taipei-cc,門牌,3,0
1288,臺北市內湖區葫洲里康寧路3段60號,臺北市內湖區葫洲里康寧路3段60號,臺北市內湖區葫洲里康寧路三段60號,臺北市,moe-school-directory,門牌,1,0
1289,臺北市內湖區行善路179號,臺北市內湖區行善路179號,臺北市內湖區行善路179號,臺北市,moe-school-directory,門牌,1,0
1290,臺北市北投區一德里中央北路4段581號,臺北市北投區一德里中央北路4段581號,臺北市北投區一德里中央北路4段581號,臺北市,moe-school-directory,門牌,1,0
1291,臺北市北投區凱達格蘭文化館教學點-北投區中山路3之1號,臺北市北投區凱達格蘭文化館教學點-北投區中山路3之1號,臺北市北投區凱達格蘭文化館教學點-北投區中山路3之1號,臺北市,taipei-cc,門牌,14,0
1292,臺北市北投區北投國小教學點-北投區中央北路1段73號,臺北市北投區北投國小教學點-北投區中央北路1段73號,臺北市北投區北投國小教學點-北投區中央北路一段73號,臺北市,taipei-cc,門牌,19,0
1293,臺北市北投區北投路2段17號,臺北市北投區北投路2段17號,台北市北投區北投路二段17號,臺北市,moe-cc-sites,門牌,1,0
1294,臺北市北投區大同里北投路2段55號,臺北市北投區大同里北投路2段55號,臺北市北投區大同里北投路二段55號,臺北市,moe-school-directory,門牌,1,0
1295,臺北市北投區奇岩里公館路220號,臺北市北投區奇岩里公館路220號,臺北市北投區奇岩里公館路220號,臺北市,moe-school-directory,門牌,1,0
1296,臺北市北投區建民里文林北路77號,臺北市北投區建民里文林北路77號,臺北市北投區建民里文林北路77號,臺北市,moe-school-directory,門牌,1,0
1297,臺北市北投區泉源里泉源路221號,臺北市北投區泉源里泉源路221號,臺北市北投區泉源里泉源路221號,臺北市,moe-school-directory,門牌,1,0
1298,臺北市北投區淳覺植饌咖啡坊教學點-北投區育仁路16號,臺北市北投區淳覺植饌咖啡坊教學點-北投區育仁路16號,臺北市北投區淳覺植饌咖啡坊教學點-北投區育仁路16號3樓,臺北市,taipei-cc,門牌,1,0
1299,臺北市北投區珠海路155號,臺北市北投區珠海路155號,臺北市北投區珠海路155號,臺北市,moe-school-directory,門牌,1,0
1300,臺北市北投區開明里復興四路70號,臺北市北投區開明里復興四路70號,臺北市北投區開明里復興四路70號,臺北市,moe-school-directory,門牌,1,0
1301,臺北市北投區關渡國中教學點-北投區關渡里知行路212號,臺北市北投區關渡國中教學點-北投區關渡里知行路212號,臺北市北投區關渡國中教學點-北投區關渡里知行路212號,臺北市,taipei-cc,門牌,5,0
1302,臺北市南港區南港里重陽路366號,臺北市南港區南港里重陽路366號,臺北市南港區南港里重陽路366號,臺北市,moe-school-directory,門牌,1,0
1303,臺北市南港區東新街65號,臺北市南港區東新街65號,臺北市南港區東新街65號,臺北市,moe-senior-centers,門牌,1,0
1304,臺北市士林區三玉里天母東路120號,臺北市士林區三玉里天母東路120號,臺北市士林區三玉里天母東路120號,臺北市,moe-school-directory,門牌,1,0
1305,臺北市士林區平菁街101號,臺北市士林區平菁街101號,臺北市士林區平菁街101號,臺北市,taipei-cc,門牌,1,0
1306,臺北市士林區平菁街102號,臺北市士林區平菁街102號,臺北市士林區平菁街102號,臺北市,taipei-cc,門牌,1,0
1307,臺北市士林區臨溪里至善路2段321號,臺北市士林區臨溪里至善路2段321號,臺北市士林區臨溪里至善路二段321號,臺北市,moe-school-directory,門牌,1,0
1308,臺北市士林區陽明里建業路73巷8號,臺北市士林區陽明里建業路73巷8號,臺北市士林區陽明里建業路73巷8號,臺北市,moe-school-directory,門牌,1,0
1309,臺北市大同區建泰里南京西路64巷17號,臺北市大同區建泰里南京西路64巷17號,臺北市大同區建泰里南京西路64巷17號,臺北市,moe-school-directory,門牌,1,0
1310,臺北市大同區建泰里長安西路37之1號,臺北市大同區建泰里長安西路37之1號,臺北市大同區建泰里長安西路37之1號,臺北市,moe-school-directory,門牌,1,0
1311,臺北市大同區民權里承德路2段235號,臺北市大同區民權里承德路2段235號,臺北市大同區民權里承德路二段235號,臺北市,moe-school-directory,門牌,1,0
1312,臺北市大同區至聖里大龍街187巷1號,臺北市大同區至聖里大龍街187巷1號,臺北市大同區至聖里大龍街187巷1號,臺北市,moe-school-directory,門牌,1,0
1313,臺北市大同區重慶里承德路3段336號,臺北市大同區重慶里承德路3段336號,臺北市大同區重慶里承德路三段336號,臺北市,moe-school-directory,門牌,1,0
1314,臺北市大同區隆和里民權西路225巷24號,臺北市大同區隆和里民權西路225巷24號,臺北市大同區隆和里民權西路225巷24號,臺北市,moe-school-directory,門牌,1,0
1315,臺北市大同區隆和里重慶北路3段1號,臺北市大同區隆和里重慶北路3段1號,臺北市大同區隆和里重慶北路三段1號,臺北市,moe-school-directory,門牌,1,0
1316,臺北市大安區信義路4段186巷7號,臺北市大安區信義路4段186巷7號,台北市大安區信義路四段186巷7號1樓,臺北市,moe-cc-sites,門牌,1,0
1317,臺北市大安區古風里羅斯福路3段201號,臺北市大安區古風里羅斯福路3段201號,臺北市大安區古風里羅斯福路3段201號,臺北市,moe-school-directory,門牌,1,0
1318,臺北市大安區學府里羅斯福路4段113巷13號,臺北市大安區學府里羅斯福路4段113巷13號,臺北市大安區學府里羅斯福路四段113巷13號,臺北市,moe-school-directory,門牌,1,0
1319,臺北市大安區敦化南路2段11巷52號,臺北市大安區敦化南路2段11巷52號,臺北市大安區敦化南路二段11巷52號,臺北市,moe-cc-sites,門牌,1,0
1320,臺北市大安區敦安里安和路1段60號,臺北市大安區敦安里安和路1段60號,臺北市大安區敦安里安和路1段60號,臺北市,moe-school-directory,門牌,1,0
1321,臺北市大安區義安里信義路4段186巷8號,臺北市大安區義安里信義路4段186巷8號,臺北市大安區義安里信義路四段186巷8號,臺北市,moe-school-directory,門牌,1,0
1322,臺北市大安區芳和里臥龍街100號,臺北市大安區芳和里臥龍街100號,臺北市大安區芳和里臥龍街100號,臺北市,moe-school-directory,門牌,1,0
1323,臺北市大安區通安里安和路2段99號,臺北市大安區通安里安和路2段99號,臺北市大安區通安里安和路二段99號,臺北市,moe-school-directory,門牌,1,0
1324,臺北市大安區龍坡里辛亥路1段113號,臺北市大安區龍坡里辛亥路1段113號,臺北市大安區龍坡里辛亥路1段113號,臺北市,moe-school-directory,門牌,1,0
1325,臺北市大安區龍門里建國南路2段269號,臺北市大安區龍門里建國南路2段269號,臺北市大安區龍門里建國南路二段269號,臺北市,moe-school-directory,門牌,1,0
1326,臺北市大安區龍陣里復興南路2段148巷24號,臺北市大安區龍陣里復興南路2段148巷24號,臺北市大安區龍陣里復興南路二段148巷24號,臺北市,moe-school-directory,門牌,1,0
1327,臺北市大安區龍雲里四維路156號,臺北市大安區龍雲里四維路156號,臺北市大安區龍雲里四維路156號,臺北市,moe-school-directory,門牌,1,0
1328,臺北市延平北路5段136巷1號,臺北市延平北路5段136巷1號,臺北市延平北路5段136巷1號3-9樓,臺北市,moe-senior-centers,門牌,1,0
1329,忠孝東路4段553巷50號,臺北市忠孝東路4段553巷50號,忠孝東路四段553巷50號對面,臺北市,moe-cc-courses,門牌,1,0
1330,臺北市承德路4段190號,臺北市承德路4段190號,臺北市承德路4段190號及192號3樓,臺北市,moe-cc-sites,門牌,1,0
1331,臺北市文山區指南路3段38巷5之2號,臺北市文山區指南路3段38巷5之2號,臺北市文山區指南路三段38巷5-2號,臺北市,moe-school-directory,門牌,1,0
1332,臺北市文山區政大里政大一街353號,臺北市文山區政大里政大一街353號,臺北市文山區政大里政大一街353號,臺北市,moe-school-directory,門牌,1,0
1333,臺北市文山區木柵路4段159巷14之1號,臺北市文山區木柵路4段159巷14之1號,臺北市文山區木柵路4段159巷14-1號,臺北市,moe-school-directory,門牌,1,0
1334,臺北市文山區木柵里木柵路3段102巷12號,臺北市文山區木柵里木柵路3段102巷12號,臺北市文山區木柵里木柵路三段102巷12號,臺北市,moe-school-directory,門牌,1,0
1335,臺北市文山區木柵里木柵路3段191號,臺北市文山區木柵里木柵路3段191號,臺北市文山區木柵里木柵路3段191號,臺北市,moe-school-directory,門牌,1,0
1336,臺北市文山區樟文里木新路3段312號,臺北市文山區樟文里木新路3段312號,臺北市文山區樟文里木新路三段312號,臺北市,moe-school-directory,門牌,1,0
1337,臺北市文山區文山區福興路80號,臺北市文山區福興路80號,臺北市文山區文山區福興路80號,臺北市,taipei-cc,門牌,2,0
1338,臺北市文山區興光里興隆路3段115巷1號,臺北市文山區興光里興隆路3段115巷1號,臺北市文山區興光里興隆路三段115巷1號,臺北市,moe-school-directory,門牌,1,0
1339,臺北市文山區興望里福興路2號,臺北市文山區興望里福興路2號,臺北市文山區興望里福興路2號,臺北市,moe-school-directory,門牌,1,0
1340,臺北市文山區興邦里興隆路2段235號,臺北市文山區興邦里興隆路2段235號,臺北市文山區興邦里興隆路2段235號,臺北市,moe-school-directory,門牌,1,0
1341,臺北市文山區萬興里秀明路2段114號,臺北市文山區萬興里秀明路2段114號,臺北市文山區萬興里秀明路2段114號,臺北市,moe-school-directory,門牌,1,0
1342,臺北市杭州南路1段15之1號,臺北市杭州南路1段15之1號,台北市杭州南路一段15-1號B1,臺北市,moe-senior-centers,門牌,1,0
1343,東園街90之1號,臺北市東園街90之1號,東園街90-1號,臺北市,moe-cc-courses,門牌,1,0
1344,臺北市松山區吉祥里八德路4段101號,臺北市松山區吉祥里八德路4段101號,臺北市松山區吉祥里八德路四段101號,臺北市,moe-school-directory,門牌,1,0
1345,臺北內湖區碧山路56號,臺北市臺北內湖區碧山路56號,台北內湖區碧山路56號,臺北市,moe-cc-sites,門牌,1,0
1345,臺北內湖區碧山路56號,臺北市臺北內湖區碧山路56號,臺北內湖區碧山路56號,臺北市,moe-cc-sites,門牌,1,0
1346,臺北市萬華區日善里西藏路213號,臺北市萬華區日善里西藏路213號,臺北市萬華區日善里西藏路213號,臺北市,moe-school-directory,門牌,1,0
1347,臺北市萬華區莒光路315號,臺北市萬華區莒光路315號,臺北市萬華區莒光路315號,臺北市,taipei-cc,門牌,5,0
1348,臺南市七股區塩埕里塩埕1號,臺南市七股區塩埕里塩埕1號,臺南市七股區塩埕里塩埕1號,臺南市,moe-school-directory,門牌,1,0
1349,臺南市七股區大埕里大寮36之2號,臺南市七股區大埕里大寮36之2號,臺南市七股區大埕里大寮36之2號,臺南市,moe-school-directory,門牌,1,0
1350,臺南市七股區頂山里153之2號,臺南市七股區頂山里153之2號,臺南市七股區頂山里153-2號,臺南市,moe-cc-sites,門牌,1,0
1350,臺南市七股區頂山里153之2號,臺南市七股區頂山里153之2號,台南市七股區頂山里153-2號,臺南市,moe-cc-sites,門牌,1,0
1351,臺南市七股區龍山里4號,臺南市七股區龍山里4號,臺南市七股區龍山里4號之3,臺南市,moe-cc-sites,門牌,1,0
1352,臺南市下營區中山路2段122巷9號,臺南市下營區中山路2段122巷9號,台南市下營區中山路二段122巷9號,臺南市,moe-senior-centers,門牌,1,0
1353,臺南市下營區仁里里13鄰中山路2段72號,臺南市下營區仁里里13鄰中山路2段72號,臺南市下營區仁里里13鄰中山路二段72號,臺南市,moe-school-directory,門牌,1,0
1354,臺南市下營區新北街27號,臺南市下營區新北街27號,台南市下營區新北街27號,臺南市,moe-cc-sites,門牌,2,0
1355,臺南市下營區紅甲里中庄子71號,臺南市下營區紅甲里中庄子71號,臺南市下營區紅甲里中庄子71號,臺南市,moe-school-directory,門牌,1,0
1356,臺南市中西區信義街25號,臺南市中西區信義街25號,台南市中西區信義街25號,臺南市,moe-cc-sites,門牌,1,0
1357,臺南市中西區民權路3段370號,臺南市中西區民權路3段370號,臺南市中西區民權路三段370號,臺南市,moe-senior-centers,門牌,1,0
1358,臺南市仁德區中正路2段209號,臺南市仁德區中正路2段209號,台南市仁德區中正路二段209號,臺南市,moe-senior-centers,門牌,1,0
1359,臺南市仁德區中洲里依仁二街100號,臺南市仁德區中洲里依仁二街100號,臺南市仁德區中洲里依仁二街100號,臺南市,moe-school-directory,門牌,1,0
1360,臺南市仁德區仁愛里保仁路68號,臺南市仁德區仁愛里保仁路68號,臺南市仁德區仁愛里保仁路68號,臺南市,moe-school-directory,門牌,1,0
1361,臺南市仁德區太子二街125巷13號,臺南市仁德區太子二街125巷13號,台南市仁德區太子二街125巷13號,臺南市,moe-cc-sites,門牌,2,0
1362,臺南市仁德區文化路2段358巷201弄9之2號,臺南市仁德區文化路2段358巷201弄9之2號,台南市仁德區文化路二段358巷201弄9-2號,臺南市,moe-cc-sites,門牌,1,0
1363,臺南市仁德區文華路2段358巷201弄9之2號,臺南市仁德區文華路2段358巷201弄9之2號,臺南市仁德區文華路二段358巷201弄9-2號,臺南市,moe-cc-sites,門牌,2,0
1363,臺南市仁德區文華路2段358巷201弄9之2號,臺南市仁德區文華路2段358巷201弄9之2號,台南市仁德區文華路二段358巷201弄9-2號,臺南市,moe-cc-sites,門牌,1,0
1364,臺南市仁德區正義一街39號,臺南市仁德區正義一街39號,台南市仁德區正義一街39號,臺南市,moe-cc-sites,門牌,2,0
1364,臺南市仁德區正義一街39號,臺南市仁德區正義一街39號,臺南市仁德區正義一街39號,臺南市,moe-cc-sites,門牌,1,0
1365,臺南市佳里區下營里15鄰頂廍136號,臺南市佳里區下營里15鄰頂廍136號,臺南市佳里區下營里15鄰頂廍136號,臺南市,moe-school-directory,門牌,1,0
1366,臺南市佳里區下營里頂?117號,臺南市佳里區下營里頂?117號,臺南市佳里區下營里頂?117號,臺南市,moe-cc-sites,門牌,1,0
1366,臺南市佳里區下營里頂?117號,臺南市佳里區下營里頂?117號,臺南市佳里區下營里頂?117號2樓,臺南市,moe-cc-sites,門牌,1,0
1367,臺南市佳里區下營里頂廍117號,臺南市佳里區下營里頂廍117號,臺南市佳里區下營里頂廍117號,臺南市,moe-cc-sites,門牌,1,0
1368,臺南市佳里區佳化里麻興路2段636號,臺南市佳里區佳化里麻興路2段636號,臺南市佳里區佳化里麻興路二段636號,臺南市,moe-school-directory,門牌,1,0
1369,臺南市佳里區佳南路446號,臺南市佳里區佳南路446號,台南市佳里區佳南路446號,臺南市,moe-cc-sites,門牌,1,0
1370,臺南市佳里區佳東路211號,臺南市佳里區佳東路211號,台南市佳里區佳東路211號,臺南市,moe-cc-sites,門牌,2,0
1370,臺南市佳里區佳東路211號,臺南市佳里區佳東路211號,臺南市佳里區佳東路211號,臺南市,moe-cc-sites,門牌,1,0
1371,臺南市佳里區佳興里16鄰佳里興376之2號,臺南市佳里區佳興里16鄰佳里興376之2號,臺南市佳里區佳興里16鄰佳里興376-2號,臺南市,moe-cc-sites,門牌,1,0
1372,臺南市佳里區信義一街336號,臺南市佳里區信義一街336號,臺南市佳里區信義一街336號,臺南市,moe-cc-sites,門牌,3,0
1372,臺南市佳里區信義一街336號,臺南市佳里區信義一街336號,台南市佳里區信義一街336號,臺南市,moe-cc-sites,門牌,1,0
1373,臺南市佳里區光華街150巷2之2號,臺南市佳里區光華街150巷2之2號,臺南市佳里區光華街150巷2-2號,臺南市,moe-cc-sites,門牌,2,0
1373,臺南市佳里區光華街150巷2之2號,臺南市佳里區光華街150巷2之2號,台南市佳里區光華街150巷2-2號,臺南市,moe-cc-sites,門牌,1,0
1373,臺南市佳里區光華街150巷2之2號,臺南市佳里區光華街150巷2之2號,台南市佳里區光華街150巷2-2號2樓,臺南市,moe-cc-sites,門牌,1,0
1374,臺南市佳里區光華街156號,臺南市佳里區光華街156號,臺南市佳里區光華街156號,臺南市,moe-cc-sites,門牌,2,0
1374,臺南市佳里區光華街156號,臺南市佳里區光華街156號,台南市佳里區光華街156號,臺南市,moe-cc-sites,門牌,1,0
1375,臺南市佳里區公園路282號,臺南市佳里區公園路282號,臺南市佳里區公園路282號,臺南市,moe-cc-sites,門牌,1,0
1376,臺南市佳里區公園路445號,臺南市佳里區公園路445號,臺南市佳里區公園路445號,臺南市,moe-cc-sites,門牌,1,0
1377,臺南市佳里區六安130號,臺南市佳里區六安130號,臺南市佳里區六安130號,臺南市,moe-cc-sites,門牌,1,0
1378,臺南市佳里區六安里六安128之5號,臺南市佳里區六安里六安128之5號,臺南市佳里區六安里六安128-5號,臺南市,moe-cc-sites,門牌,1,0
1379,臺南市佳里區塭內里11鄰埔頂5之1號,臺南市佳里區塭內里11鄰埔頂5之1號,臺南市佳里區塭內里11鄰埔頂5-1號,臺南市,moe-school-directory,門牌,1,0
1380,臺南市佳里區安北路116號,臺南市佳里區安北路116號,台南市佳里區安北路116號,臺南市,moe-cc-sites,門牌,1,0
1381,臺南市佳里區安西里118之3號,臺南市佳里區安西里118之3號,臺南市佳里區安西里118之3號,臺南市,moe-cc-sites,門牌,2,0
1381,臺南市佳里區安西里118之3號,臺南市佳里區安西里118之3號,台南市佳里區安西里118之3號,臺南市,moe-cc-sites,門牌,1,0
1382,臺南市佳里區安西里51鄰安西130之128號,臺南市佳里區安西里51鄰安西130之128號,台南市佳里區安西里51鄰安西130-128號,臺南市,moe-cc-sites,門牌,1,0
1383,臺南市佳里區安西里佳北路480號,臺南市佳里區安西里佳北路480號,臺南市佳里區安西里佳北路480號,臺南市,moe-cc-sites,門牌,1,0
1384,臺南市佳里區文化路230號,臺南市佳里區文化路230號,臺南市佳里區文化路230號,臺南市,moe-cc-sites,門牌,1,0
1385,臺南市佳里區文化路672號,臺南市佳里區文化路672號,臺南市佳里區文化路672號,臺南市,moe-cc-sites,門牌,1,0
1386,臺南市佳里區文新里安西130之128號,臺南市佳里區文新里安西130之128號,臺南市佳里區文新里安西130之128號,臺南市,moe-cc-sites,門牌,1,0
1387,臺南市佳里區新生路57號,臺南市佳里區新生路57號,台南市佳里區新生路57號,臺南市,moe-cc-sites,門牌,2,0
1387,臺南市佳里區新生路57號,臺南市佳里區新生路57號,臺南市佳里區新生路57號,臺南市,moe-cc-sites,門牌,2,0
1388,臺南市佳里區民安里宅興二街59號,臺南市佳里區民安里宅興二街59號,臺南市佳里區民安里宅興二街59號,臺南市,moe-school-directory,門牌,1,0
1389,臺南市佳里區番仔寮66之1號,臺南市佳里區番仔寮66之1號,臺南市佳里區番仔寮66之1號,臺南市,moe-cc-sites,門牌,1,0
1390,臺南市佳里區義民街358號,臺南市佳里區義民街358號,臺南市佳里區義民街358號,臺南市,moe-cc-sites,門牌,1,0
1391,臺南市佳里區麻佳路3段370巷88號,臺南市佳里區麻佳路3段370巷88號,臺南市佳里區麻佳路三段370巷88號,臺南市,moe-school-directory,門牌,1,0
1392,臺南市六甲區七甲街89巷4號,臺南市六甲區七甲街89巷4號,臺南市六甲區七甲街89巷4號,臺南市,moe-cc-sites,門牌,1,0
1393,臺南市六甲區中正路118號,臺南市六甲區中正路118號,臺南市六甲區中正路118號,臺南市,moe-cc-sites,門牌,1,0
1394,臺南市六甲區中正路146巷1之1號,臺南市六甲區中正路146巷1之1號,臺南市六甲區中正路146巷1-1號,臺南市,moe-cc-sites,門牌,1,0
1395,臺南市六甲區龍湖里珊瑚路301號,臺南市六甲區龍湖里珊瑚路301號,臺南市六甲區龍湖里珊瑚路301號,臺南市,moe-school-directory,門牌,1,0
1396,臺南市北區公園里公園路180號,臺南市北區公園里公園路180號,臺南市北區公園里公園路180號,臺南市,moe-school-directory,門牌,1,0
1397,臺南市北區北成路212號,臺南市北區北成路212號,台南市北區北成路212號,臺南市,moe-cc-sites,門牌,1,0
1397,臺南市北區北成路212號,臺南市北區北成路212號,臺南市北區北成路212號,臺南市,moe-cc-sites,門牌,1,0
1398,臺南市北區大光里長榮路5段277號,臺南市北區大光里長榮路5段277號,臺南市北區大光里長榮路五段277號,臺南市,moe-school-directory,門牌,1,0
1399,臺南市北門區三光里119號,臺南市北門區三光里119號,臺南市北門區三光里119號,臺南市,moe-cc-sites,門牌,1,0
1400,臺南市北門區二重港28號,臺南市北門區二重港28號,臺南市北門區二重港28號,臺南市,moe-cc-sites,門牌,1,0
1401,臺南市北門區北門里井仔腳1之1號,臺南市北門區北門里井仔腳1之1號,臺南市北門區北門里井仔腳1-1號,臺南市,moe-school-directory,門牌,1,0
1402,臺南市北門區文山里4鄰溪底寮50號,臺南市北門區文山里4鄰溪底寮50號,臺南市北門區文山里4鄰溪底寮50號,臺南市,moe-school-directory,門牌,1,0
1403,臺南市北門區蚵寮里791號,臺南市北門區蚵寮里791號,臺南市北門區蚵寮里791號,臺南市,moe-school-directory,門牌,2,0
1404,臺南市南化區227號,臺南市南化區227號,台南市南化區227號,臺南市,moe-cc-sites,門牌,1,0
1404,臺南市南化區227號,臺南市南化區227號,臺南市南化區227號,臺南市,moe-cc-sites,門牌,1,0
1405,臺南市南化區南化里124號,臺南市南化區南化里124號,臺南市南化區南化里124號,臺南市,moe-cc-sites,門牌,1,0
1406,臺南市南化區南化里172之1號,臺南市南化區南化里172之1號,台南市南化區南化里172之1號,臺南市,moe-cc-sites,門牌,1,0
1406,臺南市南化區南化里172之1號,臺南市南化區南化里172之1號,臺南市南化區南化里172之1號,臺南市,moe-cc-sites,門牌,1,0
1407,臺南市南化區南化里230號,臺南市南化區南化里230號,台南市南化區南化里230號,臺南市,moe-cc-sites,門牌,1,0
1407,臺南市南化區南化里230號,臺南市南化區南化里230號,臺南市南化區南化里230號,臺南市,moe-cc-sites,門牌,1,0
1408,臺南市南區南門路232號,臺南市南區南門路232號,臺南市南區南門路232號,臺南市,moe-school-directory,門牌,1,0
1409,臺南市南區喜樹路133號,臺南市南區喜樹路133號,臺南市南區喜樹路133號,臺南市,moe-senior-centers,門牌,1,0
1410,南市安南區海環街84號,臺南市南市安南區海環街84號,南市安南區海環街84號-1,臺南市,moe-cc-sites,門牌,1,0
1411,臺南市善化區中正路451號,臺南市善化區中正路451號,台南市善化區中正路451號,臺南市,moe-cc-sites,門牌,1,0
1412,臺南市善化區光復路182號,臺南市善化區光復路182號,台南市善化區光復路182號,臺南市,moe-cc-sites,門牌,1,0
1413,臺南市善化區六分寮26之1號,臺南市善化區六分寮26之1號,臺南市善化區六分寮26-1號,臺南市,moe-cc-sites,門牌,1,0
1414,臺南市善化區六分里六分寮471號,臺南市善化區六分里六分寮471號,臺南市善化區六分里六分寮471號,臺南市,moe-cc-sites,門牌,1,0
1415,臺南市善化區六德里1鄰六分寮200之1號,臺南市善化區六德里1鄰六分寮200之1號,臺南市善化區六德里1鄰六分寮200-1號,臺南市,moe-school-directory,門牌,1,0
1416,臺南市善化區小新里97號,臺南市善化區小新里97號,台南市善化區小新里97號,臺南市,moe-cc-sites,門牌,1,0
1416,臺南市善化區小新里97號,臺南市善化區小新里97號,臺南市善化區小新里97號,臺南市,moe-cc-sites,門牌,1,0
1417,臺南市善化區東勢寮東隆里186之5號,臺南市善化區東勢寮東隆里186之5號,台南市善化區東勢寮東隆里186-5號,臺南市,moe-cc-sites,門牌,1,0
1417,臺南市善化區東勢寮東隆里186之5號,臺南市善化區東勢寮東隆里186之5號,臺南市善化區東勢寮東隆里186-5號,臺南市,moe-cc-sites,門牌,1,0
1418,臺南市善化區東隆里186之5號,臺南市善化區東隆里186之5號,台南市善化區東隆里186之5號,臺南市,moe-cc-sites,門牌,1,0
1418,臺南市善化區東隆里186之5號,臺南市善化區東隆里186之5號,臺南市善化區東隆里186之5號,臺南市,moe-cc-sites,門牌,1,0
1419,臺南市善化區溪美里71號,臺南市善化區溪美里71號,臺南市善化區溪美里71號,臺南市,moe-senior-centers,門牌,1,0
1420,臺南市善化區牛庄里138之2號,臺南市善化區牛庄里138之2號,台南市善化區牛庄里138之2號,臺南市,moe-cc-sites,門牌,1,0
1420,臺南市善化區牛庄里138之2號,臺南市善化區牛庄里138之2號,臺南市善化區牛庄里138之2號,臺南市,moe-cc-sites,門牌,1,0
1421,臺南市善化區牛庄里38之18號,臺南市善化區牛庄里38之18號,臺南市善化區牛庄里38-18號,臺南市,moe-cc-sites,門牌,2,0
1422,臺南市善化區胡家里4鄰胡厝寮300號,臺南市善化區胡家里4鄰胡厝寮300號,臺南市善化區胡家里4鄰胡厝寮300號,臺南市,moe-school-directory,門牌,1,0
1423,臺南市善化區蓮潭里17鄰陽光大道366號,臺南市善化區蓮潭里17鄰陽光大道366號,臺南市善化區蓮潭里17鄰陽光大道366號,臺南市,moe-school-directory,門牌,2,0
1424,臺南市善化區陽明路57巷76號,臺南市善化區陽明路57巷76號,台南市善化區陽明路57巷76號,臺南市,moe-cc-sites,門牌,1,0
1425,臺南市大內區環湖里56號,臺南市大內區環湖里56號,臺南市大內區環湖里56號,臺南市,moe-senior-centers,門牌,1,0
1426,臺南市學甲區三慶里頂洲108號,臺南市學甲區三慶里頂洲108號,臺南市學甲區三慶里頂洲108號,臺南市,moe-school-directory,門牌,1,0
1427,臺南市學甲區中山路116號,臺南市學甲區中山路116號,臺南市學甲區中山路116號,臺南市,moe-cc-sites,門牌,1,0
1428,臺南市學甲區信義路17巷7號,臺南市學甲區信義路17巷7號,臺南市學甲區信義路17巷7號,臺南市,moe-cc-sites,門牌,1,0
1429,臺南市學甲區光華里8鄰過港子65號,臺南市學甲區光華里8鄰過港子65號,臺南市學甲區光華里8鄰過港子65號,臺南市,moe-cc-sites,門牌,2,0
1429,臺南市學甲區光華里8鄰過港子65號,臺南市學甲區光華里8鄰過港子65號,台南市學甲區光華里8鄰過港子65號,臺南市,moe-cc-sites,門牌,2,0
1430,臺南市學甲區光華里過港子65號,臺南市學甲區光華里過港子65號,臺南市學甲區光華里過港子65號,臺南市,moe-cc-sites,門牌,1,0
1431,臺南市學甲區東興街61號,臺南市學甲區東興街61號,台南市學甲區東興街61號,臺南市,moe-cc-sites,門牌,2,0
1431,臺南市學甲區東興街61號,臺南市學甲區東興街61號,臺南市學甲區東興街61號,臺南市,moe-cc-sites,門牌,1,0
1432,臺南市學甲區民權路97號,臺南市學甲區民權路97號,台南市學甲區民權路97號,臺南市,moe-cc-sites,門牌,2,0
1432,臺南市學甲區民權路97號,臺南市學甲區民權路97號,臺南市學甲區民權路97號,臺南市,moe-cc-sites,門牌,1,0
1433,臺南市學甲區綿和路40號,臺南市學甲區綿和路40號,臺南市學甲區綿和路40號,臺南市,moe-cc-sites,門牌,1,0
1434,臺南市安南區九份子大道8號,臺南市安南區九份子大道8號,臺南市安南區九份子大道8號,臺南市,moe-school-directory,門牌,2,0
1435,臺南市安南區功安一街162號,臺南市安南區功安一街162號,台南市安南區功安一街162號,臺南市,moe-cc-sites,門牌,1,0
1435,臺南市安南區功安一街162號,臺南市安南區功安一街162號,臺南市安南區功安一街162號,臺南市,moe-cc-sites,門牌,1,0
1436,臺南市安南區安中路2段300號,臺南市安南區安中路2段300號,台南市安南區安中路二段300號1樓,臺南市,moe-cc-sites,門牌,1,0
1436,臺南市安南區安中路2段300號,臺南市安南區安中路2段300號,臺南市安南區安中路二段300號1樓,臺南市,moe-cc-sites,門牌,1,0
1437,臺南市安南區安和路1段220巷52號,臺南市安南區安和路1段220巷52號,台南市安南區安和路一段220巷52號,臺南市,moe-cc-sites,門牌,1,0
1437,臺南市安南區安和路1段220巷52號,臺南市安南區安和路1段220巷52號,臺南市安南區安和路一段220巷52號,臺南市,moe-cc-sites,門牌,1,0
1438,臺南市安南區安和路4段25巷32號,臺南市安南區安和路4段25巷32號,台南市安南區安和路四段25巷32號,臺南市,moe-cc-sites,門牌,1,0
1438,臺南市安南區安和路4段25巷32號,臺南市安南區安和路4段25巷32號,臺南市安南區安和路四段25巷32號,臺南市,moe-cc-sites,門牌,1,0
1439,臺南市安南區安興街435巷12號,臺南市安南區安興街435巷12號,台南市安南區安興街435巷12號,臺南市,moe-cc-sites,門牌,1,0
1439,臺南市安南區安興街435巷12號,臺南市安南區安興街435巷12號,臺南市安南區安興街435巷12號,臺南市,moe-cc-sites,門牌,1,0
1440,臺南市安南區安西一街26號,臺南市安南區安西一街26號,台南市安南區安西一街26號,臺南市,moe-cc-sites,門牌,1,0
1440,臺南市安南區安西一街26號,臺南市安南區安西一街26號,臺南市安南區安西一街26號,臺南市,moe-cc-sites,門牌,1,0
1441,臺南市安南區本原街1段160號,臺南市安南區本原街1段160號,台南市安南區本原街一段160號,臺南市,moe-cc-sites,門牌,1,0
1442,臺南市安南區海中街101巷10號,臺南市安南區海中街101巷10號,台南市安南區海中街101巷10號,臺南市,moe-cc-sites,門牌,2,0
1442,臺南市安南區海中街101巷10號,臺南市安南區海中街101巷10號,臺南市安南區海中街101巷10號,臺南市,moe-cc-sites,門牌,1,0
1443,臺南市安南區海中街169巷59之1號,臺南市安南區海中街169巷59之1號,台南市安南區海中街169巷59之1號,臺南市,moe-cc-sites,門牌,1,0
1443,臺南市安南區海中街169巷59之1號,臺南市安南區海中街169巷59之1號,臺南市安南區海中街169巷59之1號,臺南市,moe-cc-sites,門牌,1,0
1444,臺南市安南區海佃路2段509巷65號,臺南市安南區海佃路2段509巷65號,台南市安南區海佃路二段509巷65號,臺南市,moe-cc-sites,門牌,1,0
1444,臺南市安南區海佃路2段509巷65號,臺南市安南區海佃路2段509巷65號,臺南市安南區海佃路二段509巷65號,臺南市,moe-cc-sites,門牌,1,0
1445,臺南市安南區海尾路160號,臺南市安南區海尾路160號,臺南市安南區海尾路160號,臺南市,moe-cc-sites,門牌,1,0
1446,臺南市安南區海環街186號,臺南市安南區海環街186號,台南市安南區海環街186號,臺南市,moe-cc-sites,門牌,1,0
1446,臺南市安南區海環街186號,臺南市安南區海環街186號,臺南市安南區海環街186號,臺南市,moe-cc-sites,門牌,1,0
1447,臺南市安南區育安街211號,臺南市安南區育安街211號,台南市安南區育安街211號,臺南市,moe-cc-sites,門牌,1,0
1447,臺南市安南區育安街211號,臺南市安南區育安街211號,臺南市安南區育安街211號,臺南市,moe-cc-sites,門牌,1,0
1448,臺南市安南區郡安路5段164巷12弄1號,臺南市安南區郡安路5段164巷12弄1號,台南市安南區郡安路五段164巷12弄1號,臺南市,moe-cc-sites,門牌,1,0
1449,臺南市安南區長和路3段96號,臺南市安南區長和路3段96號,台南市安南區長和路三段96號,臺南市,moe-cc-sites,門牌,1,0
1449,臺南市安南區長和路3段96號,臺南市安南區長和路3段96號,臺南市安南區長和路三段96號,臺南市,moe-cc-sites,門牌,1,0
1450,臺南市安南區長溪路1段76號,臺南市安南區長溪路1段76號,臺南市安南區長溪路一段76號,臺南市,moe-school-directory,門牌,1,0
1451,臺南市安南區長溪路2段561號,臺南市安南區長溪路2段561號,台南市安南區長溪路二段561號,臺南市,moe-cc-sites,門牌,1,0
1451,臺南市安南區長溪路2段561號,臺南市安南區長溪路2段561號,臺南市安南區長溪路二段561號,臺南市,moe-cc-sites,門牌,1,0
1452,臺南市安南區長溪路3段249號,臺南市安南區長溪路3段249號,臺南市安南區長溪路三段249號,臺南市,moe-school-directory,門牌,1,0
1453,臺南市安定區中榮里許中營27之1號,臺南市安定區中榮里許中營27之1號,臺南市安定區中榮里許中營27之1號,臺南市,moe-cc-sites,門牌,1,0
1454,臺南市安平區建平里怡平路8號,臺南市安平區建平里怡平路8號,臺南市安平區建平里怡平路8號,臺南市,moe-senior-centers,門牌,1,0
1455,臺南市官田區大崎里大崎66號,臺南市官田區大崎里大崎66號,臺南市官田區大崎里大崎66號,臺南市,moe-school-directory,門牌,1,0
1456,臺南市官田區官田里11號,臺南市官田區官田里11號,臺南市官田區官田里11號,臺南市,moe-school-directory,門牌,2,0
1457,臺南市官田區官田里24鄰392號,臺南市官田區官田里24鄰392號,台南市官田區官田里24鄰392號,臺南市,moe-cc-sites,門牌,1,0
1458,臺南市官田區工業路31號,臺南市官田區工業路31號,臺南市官田區工業路31號,臺南市,moe-cc-sites,門牌,1,0
1459,臺南市官田區渡拔里拔仔林77之1號,臺南市官田區渡拔里拔仔林77之1號,臺南市官田區渡拔里拔仔林77之1號,臺南市,moe-school-directory,門牌,1,0
1460,臺南市官田區渡頭里三塊厝78之1號,臺南市官田區渡頭里三塊厝78之1號,台南市官田區渡頭里三塊厝78-1號,臺南市,moe-cc-sites,門牌,2,0
1460,臺南市官田區渡頭里三塊厝78之1號,臺南市官田區渡頭里三塊厝78之1號,臺南市官田區渡頭里三塊厝78-1號,臺南市,moe-cc-sites,門牌,1,0
1461,臺南市官田區隆田里隆林路60號,臺南市官田區隆田里隆林路60號,臺南市官田區隆田里隆林路60號,臺南市,moe-school-directory,門牌,1,0
1462,臺南市將軍區將軍里將貴58號,臺南市將軍區將軍里將貴58號,臺南市將軍區將軍里將貴58號,臺南市,moe-school-directory,門牌,2,0
1463,將軍區巷埔里北埔89之9號,臺南市將軍區巷埔里北埔89之9號,將軍區巷埔里北埔89-9號,臺南市,moe-cc-sites,門牌,1,0
1464,臺南市將軍區忠嘉里昌平1之1號,臺南市將軍區忠嘉里昌平1之1號,臺南市將軍區忠嘉里昌平1之1號,臺南市,moe-school-directory,門牌,1,0
1465,臺南市將軍區忠興196號,臺南市將軍區忠興196號,台南市將軍區忠興196號,臺南市,moe-cc-sites,門牌,1,0
1466,臺南市將軍區苓仔寮里17鄰苓和132號,臺南市將軍區苓仔寮里17鄰苓和132號,臺南市將軍區苓仔寮里17鄰苓和132號,臺南市,moe-school-directory,門牌,1,0
1467,臺南市山上區山上里134之1號,臺南市山上區山上里134之1號,臺南市山上區山上里134之1號,臺南市,moe-cc-sites,門牌,1,0
1468,臺南市左鎮區岡林里31號,臺南市左鎮區岡林里31號,臺南市左鎮區岡林里31號,臺南市,moe-cc-sites,門牌,2,0
1468,臺南市左鎮區岡林里31號,臺南市左鎮區岡林里31號,台南市左鎮區岡林里31號,臺南市,moe-cc-sites,門牌,1,0
1469,臺南市左鎮區榮和里61之1號,臺南市左鎮區榮和里61之1號,臺南市左鎮區榮和里61之1號,臺南市,moe-school-directory,門牌,1,0
1470,左鎮區澄山里77之2號,臺南市左鎮區澄山里77之2號,左鎮區澄山里77之2號,臺南市,moe-cc-sites,門牌,1,0
1471,臺南市後壁區195號,臺南市後壁區195號,臺南市後壁區195號,臺南市,moe-cc-sites,門牌,1,0
1472,臺南市後壁區上茄苳里48之5號,臺南市後壁區上茄苳里48之5號,臺南市後壁區上茄苳里48之5號,臺南市,moe-school-directory,門牌,1,0
1473,臺南市後壁區侯伯里59之90號,臺南市後壁區侯伯里59之90號,台南市後壁區侯伯里 59-90號,臺南市,moe-cc-sites,門牌,1,0
1474,臺南市後壁區新東里100之80號,臺南市後壁區新東里100之80號,台南市後壁區新東里100之80號,臺南市,moe-cc-sites,門牌,1,0
1474,臺南市後壁區新東里100之80號,臺南市後壁區新東里100之80號,臺南市後壁區新東里100之80號,臺南市,moe-cc-sites,門牌,1,0
1475,後壁區新東里80之1號,臺南市後壁區新東里80之1號,後壁區新東里80-1號,臺南市,moe-cc-sites,門牌,1,0
1476,臺南市後壁區福安里烏樹林145號,臺南市後壁區福安里烏樹林145號,臺南市後壁區福安里烏樹林145號,臺南市,moe-school-directory,門牌,1,0
1477,臺南市後壁區菁寮里282號,臺南市後壁區菁寮里282號,臺南市後壁區菁寮里282號,臺南市,moe-school-directory,門牌,1,0
1478,臺南市後壁區長短樹里8鄰長短樹8之3號,臺南市後壁區長短樹里8鄰長短樹8之3號,臺南市後壁區長短樹里8鄰長短樹8之3號,臺南市,moe-school-directory,門牌,1,0
1479,臺南市後璧區新東里新港東路91之5號,臺南市後璧區新東里新港東路91之5號,臺南市後璧區新東里新港東路91-5號,臺南市,moe-cc-sites,門牌,1,0
1480,臺南市文化路672號,臺南市文化路672號,臺南市文化路672號,臺南市,moe-cc-sites,門牌,2,0
1480,臺南市文化路672號,臺南市文化路672號,台南市文化路672號,臺南市,moe-cc-sites,門牌,1,0
1481,臺南市新化區中山路167號,臺南市新化區中山路167號,台南市新化區中山路167號,臺南市,moe-cc-sites,門牌,1,0
1481,臺南市新化區中山路167號,臺南市新化區中山路167號,臺南市新化區中山路167號,臺南市,moe-cc-sites,門牌,1,0
1482,臺南市新化區中正路421號,臺南市新化區中正路421號,臺南市新化區中正路421號,臺南市,moe-cc-sites,門牌,1,0
1483,臺南市新化區中興路377號,臺南市新化區中興路377號,臺南市新化區中興路377號,臺南市,moe-cc-sites,門牌,1,0
1484,臺南市新化區和平街29號,臺南市新化區和平街29號,臺南市新化區和平街29號,臺南市,moe-cc-sites,門牌,1,0
1485,臺南市新化區山?里78號,臺南市新化區山?里78號,臺南市新化區山?里78號,臺南市,moe-cc-sites,門牌,1,0
1486,臺南市新化區忠孝路2號,臺南市新化區忠孝路2號,臺南市新化區忠孝路2號,臺南市,moe-school-directory,門牌,1,0
1487,臺南市新化區正新路97號,臺南市新化區正新路97號,臺南市新化區正新路97號,臺南市,moe-cc-sites,門牌,2,0
1487,臺南市新化區正新路97號,臺南市新化區正新路97號,台南市新化區正新路97號,臺南市,moe-cc-sites,門牌,1,0
1488,臺南市新化區民生路15之1號,臺南市新化區民生路15之1號,臺南市新化區民生路15之1號,臺南市,moe-cc-sites,門牌,1,0
1489,臺南市新化區知義里新和庄18之9號,臺南市新化區知義里新和庄18之9號,台南市新化區知義里新和庄18之9號,臺南市,moe-cc-sites,門牌,1,0
1489,臺南市新化區知義里新和庄18之9號,臺南市新化區知義里新和庄18之9號,臺南市新化區知義里新和庄18之9號,臺南市,moe-cc-sites,門牌,1,0
1490,臺南市新市區大營里豐榮55號,臺南市新市區大營里豐榮55號,臺南市新市區大營里豐榮55號,臺南市,moe-cc-sites,門牌,1,0
1491,臺南市新市區大社里430號,臺南市新市區大社里430號,臺南市新市區大社里430號,臺南市,moe-cc-sites,門牌,1,0
1492,臺南市新市區大順三路125號,臺南市新市區大順三路125號,台南市新市區大順三路125號3樓,臺南市,moe-cc-sites,門牌,1,0
1492,臺南市新市區大順三路125號,臺南市新市區大順三路125號,臺南市新市區大順三路125號3樓,臺南市,moe-cc-sites,門牌,1,0
1493,臺南市新市區社內里91之22號,臺南市新市區社內里91之22號,臺南市新市區社內里91之22號,臺南市,moe-cc-sites,門牌,2,0
1494,臺南市新市區社內里99之22號,臺南市新市區社內里99之22號,臺南市新市區社內里99之22號,臺南市,moe-cc-sites,門牌,1,0
1495,臺南市新市區西拉雅大道888巷1號,臺南市新市區西拉雅大道888巷1號,臺南市新市區西拉雅大道888巷1號,臺南市,moe-school-directory,門牌,1,0
1496,臺南市新營區中山路93之2號,臺南市新營區中山路93之2號,臺南市新營區中山路93-2號2樓,臺南市,moe-cc-sites,門牌,2,0
1496,臺南市新營區中山路93之2號,臺南市新營區中山路93之2號,台南市新營區中山路93-2號2樓,臺南市,moe-cc-sites,門牌,1,0
1497,新營區中正路39之9號,臺南市新營區中正路39之9號,新營區中正路39之9號,臺南市,moe-cc-sites,門牌,1,0
1498,臺南市新營區太子路188號,臺南市新營區太子路188號,台南市新營區太子路188號,臺南市,moe-cc-sites,門牌,1,0
1499,新營區新東里10鄰東仁街10巷39號,臺南市新營區新東里10鄰東仁街10巷39號,新營區新東里10鄰東仁街10巷39號,臺南市,moe-cc-sites,門牌,1,0
1500,臺南市新營區新東里東學路77號,臺南市新營區新東里東學路77號,臺南市新營區新東里東學路77號,臺南市,moe-school-directory,門牌,1,0
1501,新營區新進路45號,臺南市新營區新進路45號,新營區新進路45號,臺南市,moe-cc-sites,門牌,1,0
1502,臺南市新營區東仁街10巷39號,臺南市新營區東仁街10巷39號,台南市新營區東仁街10巷39號,臺南市,moe-cc-sites,門牌,1,0
1502,臺南市新營區東仁街10巷39號,臺南市新營區東仁街10巷39號,臺南市新營區東仁街10巷39號,臺南市,moe-cc-sites,門牌,1,0
1503,臺南市新營區東興路77號,臺南市新營區東興路77號,臺南市新營區東興路77號,臺南市,moe-cc-sites,門牌,1,0
1504,臺南市新營區民族路21之61號,臺南市新營區民族路21之61號,臺南市新營區民族路21-61號,臺南市,moe-senior-centers,門牌,1,0
1505,臺南市新營區民族路4之3號,臺南市新營區民族路4之3號,臺南市新營區民族路4-3號,臺南市,moe-cc-sites,門牌,1,0
1506,臺南市新營區民生路43之35號,臺南市新營區民生路43之35號,臺南市新營區民生路43-35號,臺南市,moe-cc-sites,門牌,1,0
1507,臺南市新營區民生路43之53號,臺南市新營區民生路43之53號,台南市新營區民生路43-53號,臺南市,moe-cc-sites,門牌,1,0
1507,臺南市新營區民生路43之53號,臺南市新營區民生路43之53號,臺南市新營區民生路43-53號,臺南市,moe-cc-sites,門牌,1,0
1508,臺南市東區臺南市東區大學路1號,臺南市東區大學路1號,臺南市東區台南市東區大學路1號,臺南市,taiwanjobs,門牌,2,0
1509,東區育樂街197巷10之1號,臺南市東區育樂街197巷10之1號,東區育樂街197巷10-1號B2,臺南市,moe-cc-sites,門牌,1,0
1510,臺南市東區裕忠路456號,臺南市東區裕忠路456號,台南市東區裕忠路456號,新北市,moe-cc-sites,門牌,1,0
1511,臺南市東區裕農路878號,臺南市東區裕農路878號,台南市東區裕農路878號,臺南市,moe-senior-centers,門牌,1,0
1512,臺南市東山區東原里23鄰8號,臺南市東山區東原里23鄰8號,臺南市東山區東原里23鄰8號,臺南市,moe-school-directory,門牌,1,0
1513,臺南市東山區東原里瓦厝70號,臺南市東山區東原里瓦厝70號,臺南市東山區東原里瓦厝70號,臺南市,moe-school-directory,門牌,1,0
1514,臺南市東山區福安街2號,臺南市東山區福安街2號,臺南市東山區福安街2號,臺南市,moe-cc-sites,門牌,2,0
1514,臺南市東山區福安街2號,臺南市東山區福安街2號,台南市東山區福安街2號,臺南市,moe-cc-sites,門牌,1,0
1515,臺南市東山區青葉路2段49號,臺南市東山區青葉路2段49號,台南市東山區青葉路二段49號,臺南市,moe-cc-sites,門牌,2,0
1515,臺南市東山區青葉路2段49號,臺南市東山區青葉路2段49號,臺南市東山區青葉路二段49號,臺南市,moe-cc-sites,門牌,1,0
1516,臺南市柳營區226之1號,臺南市柳營區226之1號,台南市柳營區226-1號,臺南市,moe-cc-sites,門牌,1,0
1516,臺南市柳營區226之1號,臺南市柳營區226之1號,臺南市柳營區226-1號,臺南市,moe-cc-sites,門牌,1,0
1517,臺南市柳營區中山東路2段956號,臺南市柳營區中山東路2段956號,台南市柳營區中山東路二段956號,臺南市,moe-cc-sites,門牌,1,0
1517,臺南市柳營區中山東路2段956號,臺南市柳營區中山東路2段956號,臺南市柳營區中山東路二段956號,臺南市,moe-cc-sites,門牌,1,0
1518,臺南市柳營區中山西路1段362號,臺南市柳營區中山西路1段362號,台南市柳營區中山西路一段362號,臺南市,moe-cc-sites,門牌,1,0
1518,臺南市柳營區中山西路1段362號,臺南市柳營區中山西路1段362號,臺南市柳營區中山西路一段362號,臺南市,moe-cc-sites,門牌,1,0
1519,臺南市柳營區重溪里義士路2段2號,臺南市柳營區重溪里義士路2段2號,臺南市柳營區重溪里義士路二段2號,臺南市,moe-school-directory,門牌,1,0
1520,臺南市楠西區四維路69號,臺南市楠西區四維路69號,臺南市楠西區四維路69號北側大樓(震後暫遷),臺南市,moe-school-directory,門牌,1,0
1521,臺南市楠西區東勢路160巷30號,臺南市楠西區東勢路160巷30號,臺南市楠西區東勢路160巷30號,臺南市,moe-cc-sites,門牌,1,0
1522,臺南市歸仁區中正北路1段191之1號,臺南市歸仁區中正北路1段191之1號,台南市歸仁區中正北路一段191-1號,臺南市,moe-cc-sites,門牌,1,0
1522,臺南市歸仁區中正北路1段191之1號,臺南市歸仁區中正北路1段191之1號,臺南市歸仁區中正北路一段191-1號,臺南市,moe-cc-sites,門牌,1,0
1523,臺南市歸仁區中正北路1段191號,臺南市歸仁區中正北路1段191號,台南市歸仁區中正北路一段191號,臺南市,moe-cc-sites,門牌,1,0
1524,臺南市歸仁區中正北路3段60號,臺南市歸仁區中正北路3段60號,臺南市歸仁區中正北路三段60號,臺南市,moe-senior-centers,門牌,1,0
1525,臺南市歸仁區信義南路100號,臺南市歸仁區信義南路100號,臺南市歸仁區信義南路100號,臺南市,moe-school-directory,門牌,1,0
1526,臺南市歸仁區文化街1段100號,臺南市歸仁區文化街1段100號,台南市歸仁區文化街一段100號,臺南市,moe-cc-sites,門牌,1,0
1527,臺南市歸仁區文化街2段2號,臺南市歸仁區文化街2段2號,台南市歸仁區文化街二段2號,臺南市,moe-cc-sites,門牌,1,0
1527,臺南市歸仁區文化街2段2號,臺南市歸仁區文化街2段2號,臺南市歸仁區文化街二段2號,臺南市,moe-cc-sites,門牌,1,0
1528,臺南市永康區三民里水漾路110號,臺南市永康區三民里水漾路110號,臺南市永康區三民里水漾路110號,臺南市,moe-school-directory,門牌,1,0
1529,臺南市永康區中山北路264巷185號,臺南市永康區中山北路264巷185號,臺南市永康區中山北路264巷185號,臺南市,moe-cc-sites,門牌,1,0
1530,臺南市永康區中華一路39巷96號,臺南市永康區中華一路39巷96號,臺南市永康區中華一路39巷96號,臺南市,moe-cc-sites,門牌,1,0
1531,臺南市永康區中華路58巷70號,臺南市永康區中華路58巷70號,台南市永康區中華路58巷70號,臺南市,moe-cc-sites,門牌,1,0
1531,臺南市永康區中華路58巷70號,臺南市永康區中華路58巷70號,臺南市永康區中華路58巷70號,臺南市,moe-cc-sites,門牌,1,0
1532,臺南市永康區勝利街11巷10號,臺南市永康區勝利街11巷10號,臺南市永康區勝利街11巷10號,臺南市,moe-cc-sites,門牌,1,0
1533,臺南市永康區國光二街11號,臺南市永康區國光二街11號,台南市永康區國光二街11號,臺南市,moe-cc-sites,門牌,1,0
1533,臺南市永康區國光二街11號,臺南市永康區國光二街11號,臺南市永康區國光二街11號,臺南市,moe-cc-sites,門牌,1,0
1534,臺南市永康區大橋一街73巷34號,臺南市永康區大橋一街73巷34號,台南市永康區大橋一街73巷34號,臺南市,moe-cc-sites,門牌,1,0
1534,臺南市永康區大橋一街73巷34號,臺南市永康區大橋一街73巷34號,臺南市永康區大橋一街73巷34號,臺南市,moe-cc-sites,門牌,1,0
1535,臺南市永康區大橋里大橋二街197之1號,臺南市永康區大橋里大橋二街197之1號,臺南市永康區大橋里大橋二街197-1號,臺南市,moe-cc-sites,門牌,1,0
1536,臺南市永康區大灣東路239號,臺南市永康區大灣東路239號,臺南市永康區大灣東路239號,臺南市,moe-cc-sites,門牌,2,0
1537,臺南市永康區復華三街5之1號,臺南市永康區復華三街5之1號,臺南市永康區復華三街5-1號,臺南市,moe-cc-sites,門牌,2,0
1537,臺南市永康區復華三街5之1號,臺南市永康區復華三街5之1號,台南市永康區復華三街5-1號,臺南市,moe-cc-sites,門牌,1,0
1538,臺南市永康區成功里中華路58巷70號,臺南市永康區成功里中華路58巷70號,臺南市永康區成功里中華路58巷70號,臺南市,moe-cc-sites,門牌,1,0
1539,臺南市永康區永大路1段287巷16號,臺南市永康區永大路1段287巷16號,臺南市永康區永大路一段287巷16號,臺南市,moe-cc-sites,門牌,1,0
1540,臺南市永康區永大路3段618巷111號,臺南市永康區永大路3段618巷111號,台南市永康區永大路三段618巷111號,臺南市,moe-cc-sites,門牌,1,0
1540,臺南市永康區永大路3段618巷111號,臺南市永康區永大路3段618巷111號,臺南市永康區永大路三段618巷111號,臺南市,moe-cc-sites,門牌,1,0
1541,臺南市永康區烏竹北街85號,臺南市永康區烏竹北街85號,臺南市永康區烏竹北街85號,臺南市,moe-cc-sites,門牌,2,0
1541,臺南市永康區烏竹北街85號,臺南市永康區烏竹北街85號,台南市永康區烏竹北街85號,臺南市,moe-cc-sites,門牌,1,0
1542,臺南市永康區烏竹里烏竹北街85號,臺南市永康區烏竹里烏竹北街85號,臺南市永康區烏竹里烏竹北街85號,臺南市,moe-cc-sites,門牌,1,0
1543,臺南市永康區王行路866巷29弄118號,臺南市永康區王行路866巷29弄118號,台南市永康區王行路866巷29弄118號,臺南市,moe-cc-sites,門牌,1,0
1543,臺南市永康區王行路866巷29弄118號,臺南市永康區王行路866巷29弄118號,臺南市永康區王行路866巷29弄118號,臺南市,moe-cc-sites,門牌,1,0
1544,臺南市永康區王行里永科七路200號,臺南市永康區王行里永科七路200號,臺南市永康區王行里永科七路200號,臺南市,moe-cc-sites,門牌,1,0
1545,臺南市永康區王行里王行路866巷29弄118號,臺南市永康區王行里王行路866巷29弄118號,臺南市永康區王行里王行路866巷29弄118號,臺南市,moe-cc-sites,門牌,1,0
1546,臺南市永康區網寮里永興路351號,臺南市永康區網寮里永興路351號,臺南市永康區網寮里永興路351號,臺南市,moe-cc-sites,門牌,1,0
1547,臺南市玉井區中山路1號,臺南市玉井區中山路1號,臺南市玉井區中山路1號之1,臺南市,moe-school-directory,門牌,1,0
1548,臺南市玉井區中正路21巷43號,臺南市玉井區中正路21巷43號,臺南市玉井區中正路21巷43號,臺南市,moe-cc-sites,門牌,2,0
1549,臺南市玉井區中華路228號,臺南市玉井區中華路228號,台南市玉井區中華路228號,臺南市,moe-cc-sites,門牌,1,0
1550,臺南市玉井區健康街10號,臺南市玉井區健康街10號,臺南市玉井區健康街10號,臺南市,moe-cc-sites,門牌,1,0
1551,臺南市玉井區層林里115號,臺南市玉井區層林里115號,臺南市玉井區層林里115號,臺南市,moe-school-directory,門牌,1,0
1552,臺南市玉井區樹糖街22號,臺南市玉井區樹糖街22號,台南市玉井區樹糖街22號,臺南市,moe-cc-sites,門牌,2,0
1553,臺南市白河區中山路124號,臺南市白河區中山路124號,台南市白河區中山路124號,臺南市,moe-cc-sites,門牌,1,0
1553,臺南市白河區中山路124號,臺南市白河區中山路124號,臺南市白河區中山路124號,臺南市,moe-cc-sites,門牌,1,0
1554,臺南事官田區工業路31號,臺南市臺南事官田區工業路31號,台南事官田區工業路31號,臺南市,moe-cc-sites,門牌,1,0
1554,臺南事官田區工業路31號,臺南市臺南事官田區工業路31號,臺南事官田區工業路31號,臺南市,moe-cc-sites,門牌,1,0
1555,臺南士柳營區中山西路1段362號,臺南市臺南士柳營區中山西路1段362號,臺南士柳營區中山西路一段362號,臺南市,moe-cc-sites,門牌,1,0
1556,臺南士柳營區柳營路2段59號,臺南市臺南士柳營區柳營路2段59號,臺南士柳營區柳營路二段59號,臺南市,moe-cc-sites,門牌,1,0
1557,臺南士柳營區篤農里6鄰小腳腿226之1號,臺南市臺南士柳營區篤農里6鄰小腳腿226之1號,臺南士柳營區篤農里6鄰小腳腿226-1號,臺南市,moe-cc-sites,門牌,1,0
1558,臺南市西港區慶安路229號,臺南市西港區慶安路229號,臺南市西港區慶安路229號,臺南市,moe-school-directory,門牌,1,0
1559,臺南市關廟區新埔里新埔三街32號,臺南市關廟區新埔里新埔三街32號,台南市關廟區新埔里新埔三街32號,臺南市,moe-cc-sites,門牌,2,0
1559,臺南市關廟區新埔里新埔三街32號,臺南市關廟區新埔里新埔三街32號,臺南市關廟區新埔里新埔三街32號,臺南市,moe-cc-sites,門牌,1,0
1560,臺南市關廟區東勢里旺萊路139巷12號,臺南市關廟區東勢里旺萊路139巷12號,台南市關廟區東勢里旺萊路139巷12號,臺南市,moe-cc-sites,門牌,1,0
1561,臺南市關廟區龜洞里南雄南路568號,臺南市關廟區龜洞里南雄南路568號,臺南市關廟區龜洞里南雄南路568號,臺南市,moe-school-directory,門牌,2,0
1562,臺南市新市區南136線道577號,臺南市靠近新市區大社里大社關懷據點-大社里605號,臺南市新市區南136線道577號 （靠近新市區大社里大社關懷據點-大社里605號前200公尺),臺南市,moe-cc-sites,門牌,1,0
1562,臺南市臺南市新市區南136線道577號,臺南市靠近新市區大社里大社關懷據點-大社里605號,臺南市臺南市新市區南136線道577號 （靠近新市區大社里大社關懷據點-大社里605號前200公尺),臺南市,moe-cc-sites,門牌,1,0
1562,臺南市臺南市新市區南136線道路上,臺南市靠近新市區大社里大社關懷據點-大社里605號,臺南市臺南市新市區南136線道路上 （靠近新市區大社里大社關懷據點-大社里605號前200公尺),臺南市,moe-cc-sites,門牌,1,0
1563,臺南市鹽水區坔頭港里202號,臺南市鹽水區坔頭港里202號,臺南市鹽水區坔頭港里202號,臺南市,moe-school-directory,門牌,1,0
1564,臺南市鹽水區治水路254號,臺南市鹽水區治水路254號,臺南市鹽水區治水路254號之1,臺南市,moe-senior-centers,門牌,1,0
1565,臺南市鹽水區竹林里竹子脚92之1號,臺南市鹽水區竹林里竹子脚92之1號,臺南市鹽水區竹林里竹子脚92-1號,臺南市,moe-school-directory,門牌,1,0
1566,臺南市麻豆區中正路266號,臺南市麻豆區中正路266號,臺南市麻豆區中正路266號,臺南市,moe-cc-sites,門牌,1,0
1567,臺南市麻豆區井東里11鄰安業113號,臺南市麻豆區井東里11鄰安業113號,臺南市麻豆區井東里11鄰安業113號,臺南市,moe-school-directory,門牌,1,0
1568,臺南市麻豆區井東里磚子井141號,臺南市麻豆區井東里磚子井141號,臺南市麻豆區井東里磚子井141號,臺南市,moe-school-directory,門牌,1,0
1569,臺南市麻豆區北勢寮70之11號,臺南市麻豆區北勢寮70之11號,台南市麻豆區北勢寮70-11號,臺南市,moe-cc-sites,門牌,1,0
1569,臺南市麻豆區北勢寮70之11號,臺南市麻豆區北勢寮70之11號,臺南市麻豆區北勢寮70-11號,臺南市,moe-cc-sites,門牌,1,0
1570,臺南市麻豆區北勢里尪祖廟41號,臺南市麻豆區北勢里尪祖廟41號,台南市麻豆區北勢里尪祖廟41號,臺南市,moe-cc-sites,門牌,1,0
1571,臺南市麻豆區南勢里168號,臺南市麻豆區南勢里168號,臺南市麻豆區南勢里168號,臺南市,moe-school-directory,門牌,1,0
1572,臺南市麻豆區南勢里36?204號,臺南市麻豆區南勢里36?204號,臺南市麻豆區南勢里36?204號,臺南市,moe-cc-sites,門牌,1,0
1573,臺南市麻豆區南勢里36‑204號,臺南市麻豆區南勢里36‑204號,臺南市麻豆區南勢里36‑204號,臺南市,moe-cc-sites,門牌,1,0
1574,臺南市麻豆區南勢里總爺12之1號,臺南市麻豆區南勢里總爺12之1號,臺南市麻豆區南勢里總爺12-1號,臺南市,moe-cc-sites,門牌,1,0
1575,臺南市麻豆區大埕里65號,臺南市麻豆區大埕里65號,台南市麻豆區大埕里65號,臺南市,moe-cc-sites,門牌,2,0
1575,臺南市麻豆區大埕里65號,臺南市麻豆區大埕里65號,臺南市麻豆區大埕里65號,臺南市,moe-cc-sites,門牌,1,0
1576,臺南市麻豆區大埕里中正路139號,臺南市麻豆區大埕里中正路139號,台南市麻豆區大埕里中正路139號,臺南市,moe-cc-sites,門牌,2,0
1576,臺南市麻豆區大埕里中正路139號,臺南市麻豆區大埕里中正路139號,臺南市麻豆區大埕里中正路139號,臺南市,moe-cc-sites,門牌,1,0
1577,臺南市麻豆區巷口里信義路1之1號,臺南市麻豆區巷口里信義路1之1號,臺南市麻豆區巷口里信義路1之1號,臺南市,moe-cc-sites,門牌,1,0
1578,臺南市麻豆區平等路51之15號,臺南市麻豆區平等路51之15號,台南市麻豆區平等路51-15號,臺南市,moe-cc-sites,門牌,1,0
1579,臺南市麻豆區新生北路676號,臺南市麻豆區新生北路676號,台南市麻豆區新生北路676號,臺南市,moe-cc-sites,門牌,1,0
1580,臺南市麻豆區民族路12號,臺南市麻豆區民族路12號,臺南市麻豆區民族路12號,臺南市,moe-cc-sites,門牌,1,0
1581,臺南市麻豆區油車里18號,臺南市麻豆區油車里18號,台南市麻豆區油車里18號,臺南市,moe-cc-sites,門牌,2,0
1581,臺南市麻豆區油車里18號,臺南市麻豆區油車里18號,臺南市麻豆區油車里18號,臺南市,moe-cc-sites,門牌,1,0
1582,臺南市麻豆區海埔里80之1號,臺南市麻豆區海埔里80之1號,台南市麻豆區海埔里80-1號,臺南市,moe-cc-sites,門牌,1,0
1583,臺南市麻豆區港尾里五鄰麻學路2段799號,臺南市麻豆區港尾里五鄰麻學路2段799號,臺南市麻豆區港尾里五鄰麻學路二段799號,臺南市,moe-school-directory,門牌,1,0
1584,臺南市麻豆區港尾里客子寮36之32號,臺南市麻豆區港尾里客子寮36之32號,台南市麻豆區港尾里客子寮36-32號,臺南市,moe-cc-sites,門牌,1,0
1584,臺南市麻豆區港尾里客子寮36之32號,臺南市麻豆區港尾里客子寮36之32號,臺南市麻豆區港尾里客子寮36-32號,臺南市,moe-cc-sites,門牌,1,0
1585,臺南市麻豆區磚井里139之17號,臺南市麻豆區磚井里139之17號,台南市麻豆區磚井里139之17號,臺南市,moe-cc-sites,門牌,1,0
1585,臺南市麻豆區磚井里139之17號,臺南市麻豆區磚井里139之17號,臺南市麻豆區磚井里139之17號,臺南市,moe-cc-sites,門牌,1,0
1586,臺南市麻豆區關帝廟23號,臺南市麻豆區關帝廟23號,台南市麻豆區關帝廟23號,臺南市,moe-cc-sites,門牌,1,0
1587,臺南市麻豆區麻佳路1段42號,臺南市麻豆區麻佳路1段42號,台南市麻豆區麻佳路一段42號之1,臺南市,moe-cc-sites,門牌,1,0
1588,臺南市麻豆區麻學路1段956號,臺南市麻豆區麻學路1段956號,臺南市麻豆區麻學路一段956號,臺南市,moe-school-directory,門牌,1,0
1589,臺南市麻豆區麻豆口54之7號,臺南市麻豆區麻豆口54之7號,台南市麻豆區麻豆口54-7號,臺南市,moe-cc-sites,門牌,2,0
1589,臺南市麻豆區麻豆口54之7號,臺南市麻豆區麻豆口54之7號,臺南市麻豆區麻豆口54-7號,臺南市,moe-cc-sites,門牌,1,0
1590,臺南市龍崎區21號,臺南市龍崎區21號,台南市龍崎區21 號,臺南市,moe-cc-sites,門牌,1,0
1591,臺南市龍崎區崎頂里新市子258號,臺南市龍崎區崎頂里新市子258號,臺南市龍崎區崎頂里新市子258號,臺南市,moe-school-directory,門牌,1,0
1592,臺南市龍崎區崎頂里新市子33號,臺南市龍崎區崎頂里新市子33號,臺南市龍崎區崎頂里新市子33號,臺南市,moe-senior-centers,門牌,1,0
1593,臺南市龍崎區崎頂里新市子41號,臺南市龍崎區崎頂里新市子41號,臺南市龍崎區崎頂里新市子41號,臺南市,moe-cc-sites,門牌,2,0
1594,臺南市＿新營區長榮路2段78號,臺南市＿新營區長榮路2段78號,臺南市＿新營區長榮路二段78號,臺南市,moe-cc-sites,門牌,1,0
1595,臺東縣卑南鄉溫泉村溫泉路291號,臺東縣卑南鄉溫泉村溫泉路291號,臺東縣卑南鄉溫泉村溫泉路291號,臺東縣,moe-school-directory,門牌,1,0
1596,大武村民族街29號,臺東縣大武村民族街29號,大武村民族街29號,臺東縣,moe-cc-sites,門牌,1,0
1597,臺東縣大武鄉大武村民族街2巷49號,臺東縣大武鄉大武村民族街2巷49號,臺東縣大武鄉大武村民族街2巷49號,臺東縣,moe-school-directory,門牌,1,0
1598,臺東縣大武鄉尚武村學府路3之1號,臺東縣大武鄉尚武村學府路3之1號,台東縣大武鄉尚武村學府路3-1號,臺東縣,moe-senior-centers,門牌,1,0
1599,臺東縣太麻里鄉市隆路51號,臺東縣太麻里鄉市隆路51號,台東縣太麻里鄉市隆路51號,臺東縣,moe-senior-centers,門牌,1,0
1600,臺東縣太麻里鄉德輝路12號,臺東縣太麻里鄉德輝路12號,臺東縣太麻里鄉德輝路12號,臺東縣,moe-senior-centers,門牌,1,0
1601,臺東縣太麻里鄉香蘭村四鄰28號,臺東縣太麻里鄉香蘭村四鄰28號,臺東縣太麻里鄉香蘭村四鄰28號,臺東縣,moe-school-directory,門牌,1,0
1602,臺東縣延平鄉桃源村1鄰昇平路8之1號,臺東縣延平鄉桃源村1鄰昇平路8之1號,臺東縣延平鄉桃源村1鄰昇平路8之1號,臺東縣,moe-senior-centers,門牌,1,0
1603,臺東縣延平鄉紅葉村紅谷路1號,臺東縣延平鄉紅葉村紅谷路1號,臺東縣延平鄉紅葉村紅谷路1號,臺東縣,moe-school-directory,門牌,1,0
1604,臺東縣成功鎮三民里吉林街22號,臺東縣成功鎮三民里吉林街22號,臺東縣成功鎮三民里吉林街22號之6,臺東縣,moe-senior-centers,門牌,1,0
1605,臺東縣東河鄉北源村3鄰30號,臺東縣東河鄉北源村3鄰30號,臺東縣東河鄉北源村3鄰30號,臺東縣,moe-school-directory,門牌,1,0
1606,臺東縣東河鄉東河村16鄰30號,臺東縣東河鄉東河村16鄰30號,台東縣東河鄉東河村16鄰30號,臺東縣,moe-senior-centers,門牌,1,0
1607,臺東縣池上鄉大埔村5鄰大埔49之1號,臺東縣池上鄉大埔村5鄰大埔49之1號,臺東縣池上鄉大埔村5鄰大埔49-1號,臺東縣,moe-senior-centers,門牌,1,0
1608,臺東縣池上鄉萬安村5鄰13號,臺東縣池上鄉萬安村5鄰13號,台東縣池上鄉萬安村5鄰13號,臺東縣,moe-senior-centers,門牌,1,0
1609,臺東縣海端鄉海端村七鄰5號,臺東縣海端鄉海端村七鄰5號,臺東縣海端鄉海端村七鄰5號,臺東縣,moe-school-directory,門牌,1,0
1610,臺東縣臺東市中華路1段684號,臺東縣臺東市中華路1段684號,臺東縣台東市中華路一段684號教學大樓1F原發中心,臺東縣,moe-cc-sites,門牌,1,0
1610,臺東縣臺東市中華路1段684號,臺東縣臺東市中華路1段684號,臺東縣臺東市中華路一段684號教學大樓1F(T111辦公室),臺東縣,moe-cc-sites,門牌,1,0
1610,臺東縣臺東市中華路1段684號,臺東縣臺東市中華路1段684號,臺東縣臺東市中華路一段684號教學大樓1F原發中心,臺東縣,moe-cc-sites,門牌,1,0
1611,臺東市博愛路425號,臺東縣臺東市博愛路425號,臺東市博愛路425號,臺東縣,moe-senior-centers,門牌,1,0
1612,臺東縣臺東市山西路1段256號,臺東縣臺東市山西路1段256號,臺東縣臺東市山西路一段256號,臺東縣,moe-school-directory,門牌,1,0
1613,臺東市成功路146號,臺東縣臺東市成功路146號,台東市成功路146號,臺東縣,moe-cc-sites,門牌,1,0
1614,臺東縣蘭嶼鄉東清村1號,臺東縣蘭嶼鄉東清村1號,臺東縣蘭嶼鄉東清村1號,臺東縣,moe-school-directory,門牌,1,0
1615,臺東縣達仁鄉土坂村10號,臺東縣達仁鄉土坂村10號,臺東縣達仁鄉土坂村10號,臺東縣,moe-school-directory,門牌,1,0
1616,臺東縣達仁鄉安朔村8鄰113號,臺東縣達仁鄉安朔村8鄰113號,臺東縣達仁鄉安朔村8鄰113號,臺東縣,moe-school-directory,門牌,1,0
1617,臺東縣達仁鄉臺?村1鄰5之1號,臺東縣達仁鄉臺?村1鄰5之1號,臺東縣達仁鄉台?村1鄰5之1號,臺東縣,moe-senior-centers,門牌,1,0
1618,臺東縣達仁鄉臺坂村10鄰59之1號,臺東縣達仁鄉臺坂村10鄰59之1號,臺東縣達仁鄉臺坂村10鄰59-1號,臺東縣,moe-school-directory,門牌,1,0
1619,臺東縣金峰鄉正興村106號,臺東縣金峰鄉正興村106號,台東縣金峰鄉正興村106號,臺東縣,moe-senior-centers,門牌,1,0
1620,臺東縣長濱鄉寧埔村八桑安35號,臺東縣長濱鄉寧埔村八桑安35號,台東縣長濱鄉寧埔村八桑安35號,臺東縣,moe-senior-centers,門牌,1,0
1621,臺東縣長濱鄉竹湖村十鄰14號,臺東縣長濱鄉竹湖村十鄰14號,臺東縣長濱鄉竹湖村十鄰14號,臺東縣,moe-school-directory,門牌,1,0
1622,臺東縣長濱鄉長濱村五鄰長濱11號,臺東縣長濱鄉長濱村五鄰長濱11號,臺東縣長濱鄉長濱村五鄰長濱11號,臺東縣,moe-school-directory,門牌,1,0
1623,臺東縣長濱鄉長濱村長光21鄰67號,臺東縣長濱鄉長濱村長光21鄰67號,臺東縣長濱鄉長濱村長光21鄰67號,臺東縣,moe-senior-centers,門牌,1,0
1624,臺東縣關山鎮忠孝路18號,臺東縣關山鎮忠孝路18號,台東縣關山鎮忠孝路18號2樓,臺東縣,moe-senior-centers,門牌,1,0
1625,臺東縣關山鎮電光里中興路93號,臺東縣關山鎮電光里中興路93號,臺東縣關山鎮電光里中興路93號,臺東縣,moe-school-directory,門牌,1,0
1626,臺東縣鹿野鄉瑞源村同興路156號,臺東縣鹿野鄉瑞源村同興路156號,臺東縣鹿野鄉瑞源村同興路156號,臺東縣,moe-senior-centers,門牌,1,0
1627,臺東縣鹿野鄉瑞源村瑞景路1段327號,臺東縣鹿野鄉瑞源村瑞景路1段327號,臺東縣鹿野鄉瑞源村瑞景路一段327號,臺東縣,moe-senior-centers,門牌,1,0
1628,花蓮縣光復鄉自強路80巷29號,花蓮縣光復鄉自強路80巷29號,花蓮縣光復鄉自強路80巷29號,花蓮縣,moe-senior-centers,門牌,1,0
1629,花蓮縣光復鄉西富村民有街51巷3號,花蓮縣光復鄉西富村民有街51巷3號,花蓮縣光復鄉西富村民有街51巷3號,花蓮縣,moe-school-directory,門牌,1,0
1630,化仁國小--花蓮縣吉安鄉村東里11街83號,花蓮縣化仁國小--花蓮縣吉安鄉村東里11街83號,化仁國小--花蓮縣吉安鄉村東里11街83號,花蓮縣,moe-cc-courses,門牌,1,0
1631,花蓮縣吉安鄉仁里村仁里5街1號,花蓮縣吉安鄉仁里村仁里5街1號,花蓮縣吉安鄉仁里村仁里5街1號,花蓮縣,moe-senior-centers,門牌,1,0
1632,嘉里國小--花蓮縣新城鄉嘉里三街28號,花蓮縣嘉里國小--花蓮縣新城鄉嘉里三街28號,嘉里國小--花蓮縣新城鄉嘉里三街28號,花蓮縣,moe-cc-courses,門牌,1,0
1633,花蓮縣壽豐鄉溪口村溪口路87號,花蓮縣壽豐鄉溪口村溪口路87號,花蓮縣壽豐鄉溪口村溪口路87號,花蓮縣,moe-school-directory,門牌,1,0
1634,花蓮縣壽豐鄉豐山村中興街37號,花蓮縣壽豐鄉豐山村中興街37號,花蓮縣壽豐鄉豐山村中興街37號,花蓮縣,moe-senior-centers,門牌,1,0
1635,花蓮縣富里鄉永安街173號,花蓮縣富里鄉永安街173號,花蓮縣富里鄉永安街173號,花蓮縣,moe-school-directory,門牌,1,0
1636,花蓮縣富里鄉道化路74號,花蓮縣富里鄉道化路74號,花蓮縣富里鄉道化路74號,花蓮縣,moe-cc-sites,門牌,1,0
1637,花蓮縣新城鄉新城村新興1街62號,花蓮縣新城鄉新城村新興1街62號,花蓮縣新城鄉新城村新興1街62號,花蓮縣,moe-senior-centers,門牌,1,0
1638,明恥國小--花蓮市中興路41號,花蓮縣明恥國小--花蓮市中興路41號,明恥國小--花蓮市中興路41號,花蓮縣,moe-cc-courses,門牌,1,0
1639,花蓮縣玉里鎮中禹里225號,花蓮縣玉里鎮中禹里225號,花蓮縣玉里鎮中禹里225號,花蓮縣,moe-school-directory,門牌,1,0
1640,花蓮縣玉里鎮民生街52巷13號,花蓮縣玉里鎮民生街52巷13號,花蓮縣玉里鎮民生街52巷13號,花蓮縣,moe-cc-sites,門牌,3,0
1641,花蓮縣瑞穗鄉中山路3段215之6號,花蓮縣瑞穗鄉中山路3段215之6號,花蓮縣瑞穗鄉中山路三段215之6號,花蓮縣,moe-cc-sites,門牌,1,0
1642,花蓮縣瑞穗鄉富源路2之1號,花蓮縣瑞穗鄉富源路2之1號,花蓮縣瑞穗鄉富源路2-1號,花蓮縣,moe-senior-centers,門牌,1,0
1643,花蓮縣秀林鄉景美村加灣111號,花蓮縣秀林鄉景美村加灣111號,花蓮縣秀林鄉景美村加灣111號,花蓮縣,moe-senior-centers,門牌,1,0
1644,花蓮縣秀林鄉秀林村秀林路76號,花蓮縣秀林鄉秀林村秀林路76號,花蓮縣秀林鄉秀林村秀林路76號,花蓮縣,moe-school-directory,門牌,1,0
1645,花蓮縣花蓮市中山路418號,花蓮縣花蓮市中山路418號,花蓮縣花蓮市中山路418號,花蓮縣,moe-school-directory,門牌,1,0
1646,花蓮市中福路96號,花蓮縣花蓮市中福路96號,花蓮市中福路96號(二樓),花蓮縣,moe-cc-sites,門牌,1,0
1647,花蓮縣花蓮市介仁街178號,花蓮縣花蓮市介仁街178號,花蓮縣花蓮市介仁街178號,花蓮縣,moe-school-directory,門牌,1,0
1648,花蓮縣花蓮市公園路40號,花蓮縣花蓮市公園路40號,花蓮縣花蓮市公園路40號,花蓮縣,moe-school-directory,門牌,1,0
1649,花蓮市和平路599號,花蓮縣花蓮市和平路599號,花蓮市和平路599號(二樓),花蓮縣,moe-cc-sites,門牌,2,0
1650,花蓮縣花蓮市林政街7號,花蓮縣花蓮市林政街7號,花蓮縣花蓮市林政街7號,花蓮縣,moe-cc-sites,門牌,1,0
1651,花蓮鳳林鎮中華路2號,花蓮縣花蓮鳳林鎮中華路2號,花蓮鳳林鎮中華路2號,花蓮縣,moe-cc-sites,門牌,1,0
1652,莊敬路7號,花蓮縣莊敬路7號,莊敬路7號--莊敬路7號,花蓮縣,moe-cc-courses,門牌,2,0
1653,花蓮縣萬榮鄉紅葉村1鄰4號,花蓮縣萬榮鄉紅葉村1鄰4號,花蓮縣萬榮鄉紅葉村1鄰4號,花蓮縣,moe-school-directory,門牌,1,0
1654,花蓮縣萬榮鄉紅葉村1鄰9號,花蓮縣萬榮鄉紅葉村1鄰9號,花蓮縣萬榮鄉紅葉村1鄰9號,花蓮縣,moe-senior-centers,門牌,1,0
1655,花蓮縣豐濱鄉港口村大港口43號,花蓮縣豐濱鄉港口村大港口43號,花蓮縣豐濱鄉港口村大港口43號,花蓮縣,moe-school-directory,門牌,1,0
1656,花蓮縣鳳林鎮南平里八德路56號,花蓮縣鳳林鎮南平里八德路56號,花蓮縣鳳林鎮南平里八德路56號,花蓮縣,moe-senior-centers,門牌,1,0
1657,花蓮縣鳳林鎮林榮路221號,花蓮縣鳳林鎮林榮路221號,花蓮縣鳳林鎮林榮路221號,花蓮縣,moe-cc-sites,門牌,1,0
1658,黑以妮手作幸福工坊--花蓮市中美11街15號,花蓮縣黑以妮手作幸福工坊--花蓮市中美11街15號,黑以妮手作幸福工坊--花蓮市中美11街15號,花蓮縣,moe-cc-courses,門牌,1,0
1659,苗栗縣三灣鄉三灣村兜角13鄰22號,苗栗縣三灣鄉三灣村兜角13鄰22號,苗栗縣三灣鄉 三灣村兜角13鄰22號3樓,苗栗縣,moe-cc-sites,門牌,1,0
1660,三灣鄉三灣村忠信路17號,苗栗縣三灣鄉三灣村忠信路17號,三灣鄉三灣村忠信路17號(三灣國中),苗栗縣,moe-cc-sites,門牌,1,0
1661,苗栗縣三灣鄉三灣村肚兜角13鄰22號,苗栗縣三灣鄉三灣村肚兜角13鄰22號,苗栗縣三灣鄉三灣村肚兜角13鄰22號3樓,苗栗縣,moe-cc-sites,門牌,2,0
1662,苗栗縣三灣鄉中山路49號,苗栗縣三灣鄉中山路49號,苗栗縣三灣鄉中山路49號,苗栗縣,moe-senior-centers,門牌,1,0
1663,苗栗縣三灣鄉忠信路17號,苗栗縣三灣鄉忠信路17號,苗栗縣三灣鄉忠信路17號,苗栗縣,moe-cc-sites,門牌,1,0
1664,苗栗縣三義鄉廣盛村6鄰80號,苗栗縣三義鄉廣盛村6鄰80號,苗栗縣三義鄉廣盛村6鄰80號,苗栗縣,moe-senior-centers,門牌,1,0
1665,苗栗縣三義鄉雙湖村106號,苗栗縣三義鄉雙湖村106號,苗栗縣三義鄉雙湖村106號-2,苗栗縣,moe-cc-sites,門牌,1,0
1666,苗栗縣三義鄉雙湖村17鄰106之2號,苗栗縣三義鄉雙湖村17鄰106之2號,苗栗縣三義鄉雙湖村17鄰106-2號,苗栗縣,moe-cc-sites,門牌,1,0
1666,三義鄉雙湖村17鄰106之2號,苗栗縣三義鄉雙湖村17鄰106之2號,三義鄉雙湖村17鄰106之2號,苗栗縣,moe-cc-sites,門牌,1,0
1667,苗栗縣三義鄉雙湖村17鄰106號,苗栗縣三義鄉雙湖村17鄰106號,苗栗縣三義鄉雙湖村17鄰106號-2,苗栗縣,moe-cc-sites,門牌,1,0
1668,苗栗縣三義鄉雙潭村光復路45號,苗栗縣三義鄉雙潭村光復路45號,苗栗縣三義鄉雙潭村光復路45號,苗栗縣,moe-cc-sites,門牌,2,0
1669,三義鄉雙潭村雙連潭110之7號,苗栗縣三義鄉雙潭村雙連潭110之7號,三義鄉雙潭村雙連潭110-7號,苗栗縣,moe-cc-sites,門牌,1,0
1669,苗栗縣三義鄉雙潭村雙連潭110之7號,苗栗縣三義鄉雙潭村雙連潭110之7號,苗栗縣三義鄉雙潭村雙連潭110-7號,苗栗縣,moe-cc-sites,門牌,1,0
1670,苗栗縣公館鄉五谷村260號,苗栗縣公館鄉五谷村260號,苗栗縣公館鄉五谷村260號,苗栗縣,moe-school-directory,門牌,1,0
1671,公館鄉南河村2鄰25號,苗栗縣公館鄉南河村2鄰25號,公館鄉南河村2鄰25號,苗栗縣,moe-cc-sites,門牌,1,0
1672,苗栗縣公館鄉玉谷村4鄰124號,苗栗縣公館鄉玉谷村4鄰124號,苗栗縣公館鄉玉谷村4鄰124號,苗栗縣,moe-senior-centers,門牌,1,0
1673,苗栗縣公館鄉福基村275號,苗栗縣公館鄉福基村275號,苗栗縣公館鄉福基村275號,苗栗縣,moe-school-directory,門牌,1,0
1674,苗栗縣公館鄉館中村宮前路101號,苗栗縣公館鄉館中村宮前路101號,苗栗縣公館鄉館中村宮前路101號,苗栗縣,moe-cc-sites,門牌,2,0
1675,苗栗縣公館鄉館東村14鄰忠孝路246號,苗栗縣公館鄉館東村14鄰忠孝路246號,苗栗縣公館鄉館東村14鄰忠孝路246號(公館農會旁),苗栗縣,moe-cc-sites,門牌,1,0
1676,苗栗縣公館鄉鶴山村197號,苗栗縣公館鄉鶴山村197號,苗栗縣公館鄉鶴山村197號,苗栗縣,moe-school-directory,門牌,1,0
1677,苗栗縣卓蘭鎮內灣141之3號,苗栗縣卓蘭鎮內灣141之3號,苗栗縣卓蘭鎮內灣141之3號,苗栗縣,moe-school-directory,門牌,1,0
1678,苗栗縣卓蘭鎮內灣里120號,苗栗縣卓蘭鎮內灣里120號,苗栗縣卓蘭鎮內灣里120號,苗栗縣,moe-school-directory,門牌,1,0
1679,苗栗縣卓蘭鎮坪林里七鄰坪林86之2號,苗栗縣卓蘭鎮坪林里七鄰坪林86之2號,苗栗縣卓蘭鎮坪林里七鄰坪林86之2號,苗栗縣,moe-school-directory,門牌,1,0
1680,苗栗縣卓蘭鎮老庄161號,苗栗縣卓蘭鎮老庄161號,苗栗縣卓蘭鎮老庄161號,苗栗縣,moe-school-directory,門牌,1,0
1681,苗栗縣卓蘭鎮豐田里12鄰豐田36號,苗栗縣卓蘭鎮豐田里12鄰豐田36號,苗栗縣卓蘭鎮豐田里12鄰豐田36號,苗栗縣,moe-school-directory,門牌,1,0
1682,南庄鄉東村文化路3號,苗栗縣南庄鄉東村文化路3號,南庄鄉東村文化路3號(南庄國小),苗栗縣,moe-cc-sites,門牌,1,0
1683,苗栗縣南庄鄉東河村三鄰132號,苗栗縣南庄鄉東河村三鄰132號,苗栗縣南庄鄉東河村三鄰132號,苗栗縣,moe-school-directory,門牌,1,0
1684,苗栗縣南庄鄉蓬萊村19鄰118號,苗栗縣南庄鄉蓬萊村19鄰118號,苗栗縣南庄鄉蓬萊村19鄰118號,苗栗縣,moe-school-directory,門牌,1,0
1685,苗栗縣大湖鄉大寮村竹高屋33號,苗栗縣大湖鄉大寮村竹高屋33號,苗栗縣大湖鄉大寮村竹高屋33號,苗栗縣,moe-cc-sites,門牌,1,0
1686,苗栗縣後龍鎮中和里12鄰崎頂117號,苗栗縣後龍鎮中和里12鄰崎頂117號,苗栗縣後龍鎮中和里12鄰崎頂117號,苗栗縣,moe-cc-sites,門牌,1,0
1687,苗栗縣後龍鎮中和里14鄰152號,苗栗縣後龍鎮中和里14鄰152號,苗栗縣後龍鎮中和里14鄰152號,苗栗縣,moe-school-directory,門牌,1,0
1688,後龍鎮中山路252號,苗栗縣後龍鎮中山路252號,後龍鎮中山路252號(維真國中),苗栗縣,moe-cc-sites,門牌,1,0
1688,苗栗縣後龍鎮中山路252號,苗栗縣後龍鎮中山路252號,苗栗縣後龍鎮中山路252號,苗栗縣,moe-cc-sites,門牌,1,0
1689,苗栗縣後龍鎮中山路63號,苗栗縣後龍鎮中山路63號,苗栗縣後龍鎮中山路63號,苗栗縣,moe-cc-sites,門牌,1,0
1690,苗栗縣後龍鎮大庄里大庄22之5號,苗栗縣後龍鎮大庄里大庄22之5號,苗栗縣後龍鎮大庄里大庄22之5號,苗栗縣,moe-cc-sites,門牌,1,0
1691,苗栗縣後龍鎮校椅里校椅二路168號,苗栗縣後龍鎮校椅里校椅二路168號,苗栗縣後龍鎮校椅里校椅二路168號,苗栗縣,moe-school-directory,門牌,2,0
1692,苗栗縣後龍鎮水尾里12鄰104之1號,苗栗縣後龍鎮水尾里12鄰104之1號,苗栗縣後龍鎮水尾里12鄰104之1號,苗栗縣,moe-school-directory,門牌,1,0
1693,苗栗縣後龍鎮溪洲里7鄰砂崙湖79之9號,苗栗縣後龍鎮溪洲里7鄰砂崙湖79之9號,苗栗縣後龍鎮溪洲里7鄰砂崙湖79-9號(仁德護專),苗栗縣,moe-cc-sites,門牌,1,0
1693,苗栗縣後龍鎮溪洲里7鄰砂崙湖79之9號,苗栗縣後龍鎮溪洲里7鄰砂崙湖79之9號,苗栗縣後龍鎮溪洲里7鄰砂崙湖79之9號,苗栗縣,moe-cc-sites,門牌,1,0
1694,苗栗縣後龍鎮溪洲里7鄰砂崙胡79之9號,苗栗縣後龍鎮溪洲里7鄰砂崙胡79之9號,苗栗縣後龍鎮溪洲里7鄰砂崙胡79-9號,苗栗縣,moe-cc-sites,門牌,1,0
1695,苗栗縣後龍鎮灣寶里7鄰109號,苗栗縣後龍鎮灣寶里7鄰109號,苗栗縣後龍鎮灣寶里7鄰109號,苗栗縣,moe-school-directory,門牌,1,0
1696,苗栗縣後龍鎮龍津里10鄰94號,苗栗縣後龍鎮龍津里10鄰94號,苗栗縣後龍鎮龍津里10鄰94號,苗栗縣,moe-senior-centers,門牌,1,0
1697,苗栗縣泰安鄉中興村1鄰2號,苗栗縣泰安鄉中興村1鄰2號,苗栗縣泰安鄉中興村1鄰2號,苗栗縣,moe-school-directory,門牌,1,0
1698,苗栗縣泰安鄉大興村32之1號,苗栗縣泰安鄉大興村32之1號,苗栗縣泰安鄉大興村32之1號,苗栗縣,moe-school-directory,門牌,2,0
1699,苗栗縣泰安鄉清安村六鄰122號,苗栗縣泰安鄉清安村六鄰122號,苗栗縣泰安鄉清安村六鄰122號,苗栗縣,moe-school-directory,門牌,1,0
1700,苗栗縣獅潭鄉46號,苗栗縣獅潭鄉46號,苗栗縣獅潭鄉46號,苗栗縣,moe-cc-sites,門牌,1,0
1701,苗栗縣獅潭鄉新店村129號,苗栗縣獅潭鄉新店村129號,苗栗縣獅潭鄉新店村129號,苗栗縣,moe-school-directory,門牌,2,0
1702,苗栗縣獅潭鄉永興村6鄰55之1號,苗栗縣獅潭鄉永興村6鄰55之1號,苗栗縣獅潭鄉永興村6鄰55-1號,苗栗縣,moe-school-directory,門牌,1,0
1703,苗栗縣獅潭鄉永興村7鄰50之1號,苗栗縣獅潭鄉永興村7鄰50之1號,苗栗縣獅潭鄉永興村7鄰50之1號,苗栗縣,moe-cc-sites,門牌,1,0
1704,苗栗縣竹南鎮佳興里光復路452號,苗栗縣竹南鎮佳興里光復路452號,苗栗縣竹南鎮佳興里光復路452號,苗栗縣,moe-senior-centers,門牌,1,0
1705,苗栗縣竹南鎮大厝里27鄰真如路560號,苗栗縣竹南鎮大厝里27鄰真如路560號,苗栗縣竹南鎮大厝里27鄰真如路560號,苗栗縣,moe-cc-sites,門牌,1,0
1706,苗栗縣竹南鎮大厝里27鄰真如路5860號,苗栗縣竹南鎮大厝里27鄰真如路5860號,苗栗縣竹南鎮大厝里27鄰真如路5860號,苗栗縣,moe-cc-sites,門牌,1,0
1707,苗栗縣竹南鎮延平路158之1號,苗栗縣竹南鎮延平路158之1號,苗栗縣竹南鎮延平路158-1號2樓,苗栗縣,moe-cc-sites,門牌,1,0
1708,苗栗縣竹南鎮延平路58之1號,苗栗縣竹南鎮延平路58之1號,苗栗縣竹南鎮延平路58-1號,苗栗縣,moe-cc-sites,門牌,1,0
1709,苗栗縣竹南鎮海口里7鄰保福路20號,苗栗縣竹南鎮海口里7鄰保福路20號,苗栗縣竹南鎮海口里7鄰保福路20號,苗栗縣,moe-cc-sites,門牌,2,0
1709,竹南鎮海口里7鄰保福路20號,苗栗縣竹南鎮海口里7鄰保福路20號,竹南鎮海口里7鄰保福路20號,苗栗縣,moe-cc-sites,門牌,1,0
1710,苗栗縣竹南鎮真如路560號,苗栗縣竹南鎮真如路560號,苗栗縣竹南鎮真如路560號,苗栗縣,moe-cc-sites,門牌,1,0
1711,苗栗縣竹南鎮竹圍里竹圍仔90號,苗栗縣竹南鎮竹圍里竹圍仔90號,苗栗縣竹南鎮竹圍里竹圍仔90號,苗栗縣,moe-cc-sites,門牌,1,0
1712,苗栗縣竹南鎮維新路221號,苗栗縣竹南鎮維新路221號,苗栗縣竹南鎮維新路221號,苗栗縣,moe-cc-sites,門牌,1,0
1713,苗栗縣竹南鎮育才路6號,苗栗縣竹南鎮育才路6號,苗栗縣竹南鎮育才路6號,苗栗縣,moe-cc-sites,門牌,1,0
1714,苗栗縣竹南鎮臨海路200號,苗栗縣竹南鎮臨海路200號,苗栗縣竹南鎮臨海路200號,苗栗縣,moe-cc-sites,門牌,1,0
1715,苗栗縣竹南鎮頂埔里十五鄰頂大埔110號,苗栗縣竹南鎮頂埔里十五鄰頂大埔110號,苗栗縣竹南鎮頂埔里十五鄰頂大埔110號,苗栗縣,moe-school-directory,門牌,1,0
1716,苗栗縣苑裡鎮中山路312號,苗栗縣苑裡鎮中山路312號,苗栗縣苑裡鎮中山路312號,苗栗縣,moe-cc-sites,門牌,1,0
1717,苗栗縣苑裡鎮中正里111號,苗栗縣苑裡鎮中正里111號,苗栗縣苑裡鎮中正里111號,苗栗縣,moe-school-directory,門牌,1,0
1718,苗栗縣苑裡鎮房裡里二鄰14號,苗栗縣苑裡鎮房裡里二鄰14號,苗栗縣苑裡鎮房裡里二鄰14號,苗栗縣,moe-school-directory,門牌,1,0
1719,苑裡鎮新興路19號,苗栗縣苑裡鎮新興路19號,苑裡鎮新興路19號(縣立苑裡高中客庄分部),苗栗縣,moe-cc-sites,門牌,1,0
1720,苗栗縣苑裡鎮田心里6鄰63號,苗栗縣苑裡鎮田心里6鄰63號,苗栗縣苑裡鎮田心里6鄰63號,苗栗縣,moe-cc-sites,門牌,1,0
1721,苗栗縣苑裡鎮育才街100號,苗栗縣苑裡鎮育才街100號,苗栗縣苑裡鎮育才街100號,苗栗縣,moe-cc-sites,門牌,2,0
1721,苗栗縣苑裡鎮育才街100號,苗栗縣苑裡鎮育才街100號,苗栗縣苑裡鎮育才街100號(國立苑高活動中心),苗栗縣,moe-cc-sites,門牌,2,0
1721,苗栗縣苑裡鎮育才街100號,苗栗縣苑裡鎮育才街100號,苗栗縣苑裡鎮育才街100號(國立苑裡高中),苗栗縣,moe-cc-sites,門牌,1,0
1722,苗栗縣苑裡鎮舊社里10鄰47號,苗栗縣苑裡鎮舊社里10鄰47號,苗栗縣苑裡鎮舊社里10鄰47號,苗栗縣,moe-school-directory,門牌,2,0
1723,苗栗縣苑裡鎮苑北里13鄰中山路312號,苗栗縣苑裡鎮苑北里13鄰中山路312號,苗栗縣苑裡鎮苑北里13鄰中山路312號4樓,苗栗縣,moe-cc-sites,門牌,1,0
1724,苑裡鎮西平里14鄰出水路64之11號,苗栗縣苑裡鎮西平里14鄰出水路64之11號,苑裡鎮西平里14鄰出水路64之11號,苗栗縣,moe-cc-sites,門牌,1,0
1725,苗栗?通霄?中正路2巷9號,苗栗縣苗栗?通霄?中正路2巷9號,苗栗?通霄?中正路2巷9號,苗栗縣,moe-cc-sites,門牌,1,0
1726,苗栗县通霄镇中正路2巷9號,苗栗縣苗栗县通霄镇中正路2巷9號,苗栗县通霄镇中正路2巷9號,苗栗縣,moe-cc-sites,門牌,1,0
1727,苗栗縣苗栗市中正路241號,苗栗縣苗栗市中正路241號,苗栗縣苗栗市中正路241號,苗栗縣,moe-school-directory,門牌,1,0
1728,苗栗縣苗栗市中正路755號,苗栗縣苗栗市中正路755號,苗栗縣苗栗市中正路755號,苗栗縣,moe-cc-sites,門牌,1,0
1729,苗栗縣苗栗市中正路759號,苗栗縣苗栗市中正路759號,苗栗縣苗栗市中正路759號,苗栗縣,moe-cc-sites,門牌,1,0
1729,苗栗市中正路759號,苗栗縣苗栗市中正路759號,苗栗市中正路759號,苗栗縣,moe-cc-sites,門牌,1,0
1730,苗栗縣苗栗市僑育北街62號,苗栗縣苗栗市僑育北街62號,苗栗縣苗栗市僑育北街62號1,苗栗縣,moe-cc-sites,門牌,1,0
1731,苗栗縣苗栗市僑育街131號,苗栗縣苗栗市僑育街131號,苗栗縣苗栗市僑育街131號,苗栗縣,moe-school-directory,門牌,1,0
1732,苗栗縣苗栗市南勢里新勝8號,苗栗縣苗栗市南勢里新勝8號,苗栗縣苗栗市南勢里新勝8號,苗栗縣,moe-school-directory,門牌,1,0
1733,苗栗縣苗栗市啟賢街126號,苗栗縣苗栗市啟賢街126號,苗栗縣苗栗市啟賢街126號,苗栗縣,moe-cc-sites,門牌,1,0
1734,苗栗市國華路1279號,苗栗縣苗栗市國華路1279號,苗栗市國華路1279號,苗栗縣,moe-cc-sites,門牌,1,0
1735,苗栗市文山里文山41號,苗栗縣苗栗市文山里文山41號,苗栗市文山里文山41號,苗栗縣,moe-senior-centers,門牌,1,0
1736,苗栗縣苗栗市經國路2段485號,苗栗縣苗栗市經國路2段485號,苗栗縣苗栗市經國路二段485號,苗栗縣,moe-cc-sites,門牌,1,0
1737,苗栗市維新里僑育北街62號,苗栗縣苗栗市維新里僑育北街62號,苗栗市維新里僑育北街62號1樓,苗栗縣,moe-cc-sites,門牌,1,0
1738,苗栗市維新里新庄街263號,苗栗縣苗栗市維新里新庄街263號,苗栗市維新里新庄街263號,苗栗縣,moe-cc-sites,門牌,1,0
1739,苗栗市維新里新庄街271號,苗栗縣苗栗市維新里新庄街271號,苗栗市維新里新庄街271號,苗栗縣,moe-cc-sites,門牌,1,0
1740,苗栗市至公路251號,苗栗縣苗栗市至公路251號,苗栗市至公路251號(建台中學),苗栗縣,moe-cc-sites,門牌,1,0
1740,苗栗市至公路251號,苗栗縣苗栗市至公路251號,苗栗市至公路251號,苗栗縣,moe-cc-sites,門牌,1,0
1741,苗栗泰安鄉錦水村4鄰12號,苗栗縣苗栗泰安鄉錦水村4鄰12號,苗栗泰安鄉錦水村4鄰12號,苗栗縣,moe-senior-centers,門牌,1,0
1742,苗栗縣西湖鄉二湖村2鄰土牛溝16之7號,苗栗縣西湖鄉二湖村2鄰土牛溝16之7號,苗栗縣西湖鄉二湖村2鄰土牛溝16-7號,苗栗縣,moe-cc-sites,門牌,1,0
1743,通霄鎮中山路190巷1號,苗栗縣通霄鎮中山路190巷1號,通霄鎮中山路190巷1號(通霄國中),苗栗縣,moe-cc-sites,門牌,1,0
1744,通霄鎮五北里五北18號,苗栗縣通霄鎮五北里五北18號,通霄鎮五北里五北18號,苗栗縣,moe-cc-sites,門牌,1,0
1745,苗栗縣通霄鎮南和里9鄰112之1號,苗栗縣通霄鎮南和里9鄰112之1號,苗栗縣通霄鎮南和里9鄰112之1號,苗栗縣,moe-school-directory,門牌,1,0
1746,苗栗縣通霄鎮城北里13號,苗栗縣通霄鎮城北里13號,苗栗縣通霄鎮城北里13號,苗栗縣,moe-school-directory,門牌,1,0
1747,苗栗縣通霄鎮新埔里55號,苗栗縣通霄鎮新埔里55號,苗栗縣通霄鎮新埔里55號,苗栗縣,moe-school-directory,門牌,1,0
1748,苗栗縣通霄鎮楓樹里6鄰71之1號,苗栗縣通霄鎮楓樹里6鄰71之1號,苗栗縣通霄鎮楓樹里6鄰71-1號,苗栗縣,moe-cc-sites,門牌,1,0
1749,苗栗縣通霄鎮烏眉里3鄰39號,苗栗縣通霄鎮烏眉里3鄰39號,苗栗縣通霄鎮烏眉里3鄰39號,苗栗縣,moe-school-directory,門牌,2,0
1750,苗栗縣造橋鄉大中街73號,苗栗縣造橋鄉大中街73號,苗栗縣造橋鄉大中街73號,苗栗縣,moe-school-directory,門牌,1,0
1751,苗栗縣造橋鄉大西村13鄰大中街68號,苗栗縣造橋鄉大西村13鄰大中街68號,苗栗縣造橋鄉大西村13鄰大中街68號,苗栗縣,moe-school-directory,門牌,1,0
1752,苗栗縣造橋鄉談文村六鄰54號,苗栗縣造橋鄉談文村六鄰54號,苗栗縣造橋鄉談文村六鄰54號,苗栗縣,moe-school-directory,門牌,1,0
1753,苗栗縣造橋鄉造橋村14鄰3之2號,苗栗縣造橋鄉造橋村14鄰3之2號,苗栗縣造橋鄉造橋村14鄰3-2號,苗栗縣,moe-cc-sites,門牌,1,0
1754,苗栗縣造橋鄉造橋村1鄰老庄27號,苗栗縣造橋鄉造橋村1鄰老庄27號,苗栗縣造橋鄉造橋村1鄰老庄27號,苗栗縣,moe-school-directory,門牌,1,0
1755,苗栗縣造橋鄉鄉造橋村14鄰1號,苗栗縣造橋鄉鄉造橋村14鄰1號,苗栗縣造橋鄉鄉造橋村14鄰1號,苗栗縣,moe-cc-sites,門牌,1,0
1756,苗栗縣造橋鄉錦水村4鄰31號,苗栗縣造橋鄉錦水村4鄰31號,苗栗縣造橋鄉錦水村4鄰31號,苗栗縣,moe-cc-sites,門牌,1,0
1756,造橋鄉錦水村4鄰31號,苗栗縣造橋鄉錦水村4鄰31號,造橋鄉錦水村4鄰31號,苗栗縣,moe-cc-sites,門牌,1,0
1757,苗栗縣銅鑼鄉新隆村18號,苗栗縣銅鑼鄉新隆村18號,苗栗縣銅鑼鄉新隆村18號,苗栗縣,moe-school-directory,門牌,1,0
1758,苗栗縣銅鑼鄉福興村中山路1號,苗栗縣銅鑼鄉福興村中山路1號,苗栗縣銅鑼鄉福興村中山路1號,苗栗縣,moe-cc-sites,門牌,3,0
1759,苗栗縣銅鑼鄉竹森村4鄰22之1號,苗栗縣銅鑼鄉竹森村4鄰22之1號,苗栗縣銅鑼鄉竹森村4鄰22-1號,苗栗縣,moe-cc-sites,門牌,2,0
1760,苗栗縣頭份市中央路275號,苗栗縣頭份市中央路275號,苗栗縣頭份市中央路275號,苗栗縣,moe-cc-sites,門牌,2,0
1760,苗栗縣頭份市中央路275號,苗栗縣頭份市中央路275號,苗栗縣頭份市中央路275號(頭份國中),苗栗縣,moe-cc-sites,門牌,1,0
1761,苗栗縣頭份市中正一路395號,苗栗縣頭份市中正一路395號,苗栗縣頭份市中正一路395號,苗栗縣,moe-school-directory,門牌,1,0
1762,苗栗縣頭份市中正一路401號,苗栗縣頭份市中正一路401號,苗栗縣頭份市中正一路401號,苗栗縣,moe-school-directory,門牌,1,0
1763,苗栗縣頭份市中正路219號,苗栗縣頭份市中正路219號,苗栗縣頭份市中正路219號(頭份國小),苗栗縣,moe-cc-sites,門牌,1,0
1763,苗栗縣頭份市中正路219號,苗栗縣頭份市中正路219號,苗栗縣頭份市中正路219號,苗栗縣,moe-cc-sites,門牌,1,0
1764,苗栗縣頭份市中華路890之2號,苗栗縣頭份市中華路890之2號,苗栗縣頭份市中華路890之2號,苗栗縣,moe-cc-sites,門牌,1,0
1765,苗栗縣頭份市信東路90號,苗栗縣頭份市信東路90號,苗栗縣頭份市信東路90號,苗栗縣,moe-cc-sites,門牌,1,0
1766,苗栗縣頭份市八德一路66號,苗栗縣頭份市八德一路66號,苗栗縣頭份市八德一路66號,苗栗縣,moe-cc-sites,門牌,1,0
1767,苗栗縣頭份市尖下里200號,苗栗縣頭份市尖下里200號,苗栗縣頭份市尖下里200號,苗栗縣,moe-school-directory,門牌,1,0
1768,苗栗縣頭份市尖下里尖豐路305號,苗栗縣頭份市尖下里尖豐路305號,苗栗縣頭份市尖下里尖豐路305號,苗栗縣,moe-school-directory,門牌,1,0
1769,苗栗縣頭份市尚順路49號,苗栗縣頭份市尚順路49號,苗栗縣頭份市尚順路49號,苗栗縣,moe-cc-sites,門牌,1,0
1769,苗栗縣頭份市尚順路49號,苗栗縣頭份市尚順路49號,苗栗縣頭份市尚順路49號2樓,苗栗縣,moe-cc-sites,門牌,1,0
1770,苗栗縣頭份市後庄里信中路36號,苗栗縣頭份市後庄里信中路36號,苗栗縣頭份市後庄里信中路36號,苗栗縣,moe-school-directory,門牌,1,0
1771,苗栗縣頭份市忠孝二路83號,苗栗縣頭份市忠孝二路83號,苗栗縣頭份市忠孝二路83號,苗栗縣,moe-cc-sites,門牌,1,0
1772,苗栗縣頭份市成功里建國路119號,苗栗縣頭份市成功里建國路119號,苗栗縣頭份市成功里建國路119號,苗栗縣,moe-school-directory,門牌,1,0
1773,苗栗縣頭份市斗煥里中正二路221號,苗栗縣頭份市斗煥里中正二路221號,苗栗縣頭份市斗煥里中正二路221號,苗栗縣,moe-school-directory,門牌,1,0
1774,苗栗縣頭份市東庄里八德一路66號,苗栗縣頭份市東庄里八德一路66號,苗栗縣頭份市東庄里八德一路66號,苗栗縣,moe-cc-sites,門牌,1,0
1775,頭份市東民一街38號,苗栗縣頭份市東民一街38號,頭份市東民一街38號,苗栗縣,moe-cc-sites,門牌,1,0
1776,苗栗縣頭份市東興路37巷17號,苗栗縣頭份市東興路37巷17號,苗栗縣頭份市東興路37巷17號,苗栗縣,moe-cc-sites,門牌,1,0
1777,苗栗縣頭份市永貞路1段206之1號,苗栗縣頭份市永貞路1段206之1號,苗栗縣頭份市永貞路一段206之1號,苗栗縣,moe-cc-sites,門牌,1,0
1778,苗栗縣頭份市流東里老崎一之1號,苗栗縣頭份市流東里老崎一之1號,苗栗縣頭份市流東里老崎一之一號,苗栗縣,moe-cc-sites,門牌,1,0
1779,苗栗縣頭份市珊湖里學府路110號,苗栗縣頭份市珊湖里學府路110號,苗栗縣頭份市珊湖里學府路110號,苗栗縣,moe-school-directory,門牌,1,0
1780,苗栗縣頭份市田寮里永貞路1段335號,苗栗縣頭份市田寮里永貞路1段335號,苗栗縣頭份市田寮里永貞路一段335號,苗栗縣,moe-school-directory,門牌,1,0
1781,苗栗縣頭份市自強里信東路90號,苗栗縣頭份市自強里信東路90號,苗栗縣頭份市自強里信東路90號,苗栗縣,moe-cc-sites,門牌,1,0
1782,苗栗縣頭份市自強里信東路98號,苗栗縣頭份市自強里信東路98號,苗栗縣頭份市自強里信東路98號,苗栗縣,moe-cc-sites,門牌,1,0
1783,苗栗縣頭份市頭份里中正路219號,苗栗縣頭份市頭份里中正路219號,苗栗縣頭份市頭份里中正路219號,苗栗縣,moe-school-directory,門牌,1,0
1784,苗栗縣頭屋鄉中正街86巷14號,苗栗縣頭屋鄉中正街86巷14號,苗栗縣頭屋鄉中正街86巷14號,苗栗縣,moe-cc-sites,門牌,2,0
1784,頭屋鄉中正街86巷14號,苗栗縣頭屋鄉中正街86巷14號,頭屋鄉中正街86巷14號(頭屋國中),苗栗縣,moe-cc-sites,門牌,1,0
1785,苗栗縣頭屋鄉孔聖39號,苗栗縣頭屋鄉孔聖39號,苗栗縣頭屋鄉孔聖39號(象山書院),苗栗縣,moe-cc-sites,門牌,1,0
1786,苗栗縣頭屋鄉明德村6鄰81號,苗栗縣頭屋鄉明德村6鄰81號,苗栗縣頭屋鄉明德村6鄰81號,苗栗縣,moe-cc-sites,門牌,1,0
1786,頭屋鄉明德村6鄰81號,苗栗縣頭屋鄉明德村6鄰81號,頭屋鄉明德村6鄰81號,苗栗縣,moe-cc-sites,門牌,1,0
1787,苗栗縣頭屋鄉獅潭村1鄰7之6號,苗栗縣頭屋鄉獅潭村1鄰7之6號,苗栗縣頭屋鄉獅潭村1鄰7-6號,苗栗縣,moe-cc-sites,門牌,1,0
1787,頭屋鄉獅潭村1鄰7之6號,苗栗縣頭屋鄉獅潭村1鄰7之6號,頭屋鄉獅潭村1鄰7-6號,苗栗縣,moe-cc-sites,門牌,1,0
1788,苗栗縣頭屋鄉獅潭村9鄰124之6號,苗栗縣頭屋鄉獅潭村9鄰124之6號,苗栗縣頭屋鄉獅潭村9鄰124-6號,苗栗縣,moe-cc-sites,門牌,1,0
1789,連江縣南竿鄉清水村96之11號,連江縣南竿鄉清水村96之11號,連江縣南竿鄉清水村96-11號,連江縣,moe-senior-centers,門牌,1,0
1790,連江縣莒光鄉青帆村19號,連江縣莒光鄉青帆村19號,連江縣莒光鄉青帆村19號,連江縣,moe-school-directory,門牌,1,0
1791,金門縣烈嶼鄉后井40號,金門縣烈嶼鄉后井40號,金門縣烈嶼鄉后井40號,金門縣,moe-senior-centers,門牌,1,0
1792,金門縣烈嶼鄉西方村69號,金門縣烈嶼鄉西方村69號,金門縣烈嶼鄉西方村69號,金門縣,moe-cc-sites,門牌,1,0
1793,金門縣烈嶼鄉青岐123號,金門縣烈嶼鄉青岐123號,金門縣烈嶼鄉青岐123號,金門縣,moe-school-directory,門牌,1,0
1794,金門縣金城鎮庵前18之2號,金門縣金城鎮庵前18之2號,金門縣金城鎮庵前18-2號,金門縣,moe-cc-sites,門牌,1,0
1795,金門縣金城鎮民權路34號,金門縣金城鎮民權路34號,金門縣金城鎮民權路34號,金門縣,moe-cc-sites,門牌,1,0
1796,金門縣金城鎮民權路70巷1之1號,金門縣金城鎮民權路70巷1之1號,金門縣金城鎮民權路70巷1之1號,金門縣,moe-cc-sites,門牌,1,0
1797,金門縣金城鎮民權路90之6號,金門縣金城鎮民權路90之6號,金門縣金城鎮民權路90之6號,金門縣,moe-cc-sites,門牌,1,0
1798,金門縣金城鎮民生路2號,金門縣金城鎮民生路2號,金門縣金城鎮民生路2號,金門縣,moe-cc-sites,門牌,2,0
1799,金門縣金城鎮民生路45巷2弄8之3號,金門縣金城鎮民生路45巷2弄8之3號,金門縣金城鎮民生路45巷2弄8-3號,金門縣,moe-cc-sites,門牌,1,0
1800,金門縣金城鎮環島北路1段38巷12弄12號,金門縣金城鎮環島北路1段38巷12弄12號,金門縣金城鎮環島北路一段38巷12弄12號,金門縣,moe-cc-sites,門牌,1,0
1801,金門縣金城鎮西海路3段81巷2號,金門縣金城鎮西海路3段81巷2號,金門縣金城鎮西海路三段81巷2號,金門縣,moe-cc-sites,門牌,2,0
1802,金門縣金城鎮金城鎮西海路3段86號,金門縣金城鎮西海路3段86號,金門縣金城鎮金城鎮西海路三段86號,金門縣,moe-cc-sites,門牌,1,0
1803,金門縣金城鎮西門里珠浦北路30號,金門縣金城鎮西門里珠浦北路30號,金門縣金城鎮西門里珠浦北路30號,金門縣,moe-cc-sites,門牌,1,0
1804,金門縣金城鎮西門里環島北路1段1號,金門縣金城鎮西門里環島北路1段1號,金門縣金城鎮西門里環島北路一段1號,金門縣,moe-cc-sites,門牌,1,0
1805,金門縣金城鎮西門里莒光路170號,金門縣金城鎮西門里莒光路170號,金門縣金城鎮西門里莒光路170號,金門縣,moe-cc-sites,門牌,1,0
1806,金門縣金城鎮賢庵里庵前18之2號,金門縣金城鎮賢庵里庵前18之2號,金門縣金城鎮賢庵里庵前18之2號,金門縣,moe-school-directory,門牌,1,0
1807,金門縣金寧鄉仁愛新?1號,金門縣金寧鄉仁愛新?1號,金門縣金寧鄉仁愛新?1號,金門縣,moe-cc-sites,門牌,1,0
1808,金門縣金寧鄉仁愛新村1號,金門縣金寧鄉仁愛新村1號,金門縣金寧鄉仁愛新村1號,金門縣,moe-senior-centers,門牌,1,0
1809,金門縣金寧鄉仁愛新邨1號,金門縣金寧鄉仁愛新邨1號,金門縣金寧鄉仁愛新邨1號,金門縣,moe-cc-sites,門牌,1,0
1810,金門縣金寧鄉古寧村450號,金門縣金寧鄉古寧村450號,金門縣金寧鄉古寧村450號,金門縣,moe-cc-sites,門牌,1,0
1811,金門縣金寧鄉古寧村北山2號,金門縣金寧鄉古寧村北山2號,金門縣金寧鄉古寧村北山2號,金門縣,moe-cc-sites,門牌,1,0
1812,金門縣金寧鄉安美村安岐1號,金門縣金寧鄉安美村安岐1號,金門縣金寧鄉安美村安岐1號,金門縣,moe-cc-sites,門牌,1,0
1813,金門縣金寧鄉榜林27之1號,金門縣金寧鄉榜林27之1號,金門縣金寧鄉榜林27-1號,金門縣,moe-cc-sites,門牌,1,0
1814,金門縣金寧鄉盤山村伯玉路2段460號,金門縣金寧鄉盤山村伯玉路2段460號,金門縣金寧鄉盤山村伯玉路二段460號中山林遊客中心內,金門縣,moe-cc-sites,門牌,1,0
1815,金門縣金沙鎮后浦頭117號,金門縣金沙鎮后浦頭117號,金門縣金沙鎮后浦頭117號,金門縣,moe-cc-sites,門牌,1,0
1816,金門縣金沙鎮文化路450巷52號,金門縣金沙鎮文化路450巷52號,金門縣金沙鎮文化路450巷52號,金門縣,moe-cc-sites,門牌,1,0
1817,金門縣金沙鎮汶沙里環島東路1段112號,金門縣金沙鎮汶沙里環島東路1段112號,金門縣金沙鎮汶沙里環島東路一段112號2樓,金門縣,moe-cc-sites,門牌,1,0
1818,金門縣金沙鎮沙青路999號,金門縣金沙鎮沙青路999號,金門縣金沙鎮沙青路999號,金門縣,moe-school-directory,門牌,1,0
1819,金門縣金沙鎮環島東路1段112號,金門縣金沙鎮環島東路1段112號,金門縣金沙鎮環島東路一段112號,金門縣,moe-senior-centers,門牌,1,0
1820,金門縣金湖鎮林森路2號,金門縣金湖鎮林森路2號,金門縣金湖鎮林森路2號,金門縣,moe-cc-sites,門牌,1,0
1821,金門縣金湖鎮瓊林里瓊徑路35號,金門縣金湖鎮瓊林里瓊徑路35號,金門縣金湖鎮瓊林里瓊徑路35號,金門縣,moe-cc-sites,門牌,1,0
1822,雲林縣二崙鄉三和村11鄰81之50號,雲林縣二崙鄉三和村11鄰81之50號,雲林縣二崙鄉三和村11鄰81之50號,雲林縣,moe-senior-centers,門牌,1,0
1823,雲林縣二崙鄉來惠村來惠路12號,雲林縣二崙鄉來惠村來惠路12號,雲林縣二崙鄉來惠村來惠路12號,雲林縣,moe-school-directory,門牌,1,0
1824,雲林縣二崙鄉大華路61號,雲林縣二崙鄉大華路61號,雲林縣二崙鄉大華路61號,雲林縣,moe-cc-sites,門牌,1,0
1825,雲林縣二崙鄉崙西村中正路1號,雲林縣二崙鄉崙西村中正路1號,雲林縣二崙鄉崙西村中正路1號,雲林縣,moe-cc-sites,門牌,1,0
1825,二崙鄉崙西村中正路1號,雲林縣二崙鄉崙西村中正路1號,二崙鄉崙西村中正路1號,雲林縣,moe-cc-sites,門牌,1,0
1826,雲林縣二崙鄉復興村隆興9之2號,雲林縣二崙鄉復興村隆興9之2號,雲林縣二崙鄉復興村隆興9-2號,雲林縣,moe-cc-sites,門牌,1,0
1827,雲林縣二崙鄉楊賢路142號,雲林縣二崙鄉楊賢路142號,雲林縣二崙鄉楊賢路142號,雲林縣,moe-cc-sites,門牌,1,0
1828,雲林縣二崙鄉油車村成功路26號,雲林縣二崙鄉油車村成功路26號,雲林縣二崙鄉油車村成功路26號,雲林縣,moe-cc-sites,門牌,1,0
1829,雲林縣二崙鄉港後村港後路98號,雲林縣二崙鄉港後村港後路98號,雲林縣二崙鄉港後村港後路98號,雲林縣,moe-cc-sites,門牌,1,0
1830,雲林縣元長鄉五塊村南火43號,雲林縣元長鄉五塊村南火43號,雲林縣元長鄉五塊村南火43號,雲林縣,moe-cc-sites,門牌,1,0
1831,雲林縣元長鄉元西路5號,雲林縣元長鄉元西路5號,雲林縣元長鄉元西路5號之24號,雲林縣,moe-cc-sites,門牌,1,0
1832,雲林縣元長鄉元西路74巷1號,雲林縣元長鄉元西路74巷1號,雲林縣元長鄉元西路74巷1號,雲林縣,moe-cc-sites,門牌,1,0
1833,雲林縣元長鄉子茂村14號,雲林縣元長鄉子茂村14號,雲林縣元長鄉子茂村14號,雲林縣,moe-senior-centers,門牌,1,0
1834,雲林縣元長鄉子茂村子茂81號,雲林縣元長鄉子茂村子茂81號,雲林縣元長鄉子茂村子茂81號,雲林縣,moe-cc-sites,門牌,1,0
1835,雲林縣元長鄉新生路11號,雲林縣元長鄉新生路11號,雲林縣元長鄉新生路11號,雲林縣,moe-cc-sites,門牌,1,0
1836,雲林縣元長鄉長南村元南路125號,雲林縣元長鄉長南村元南路125號,雲林縣元長鄉長南村元南路125號,雲林縣,moe-cc-sites,門牌,1,0
1837,雲林縣元長鄉長南村元南路16號,雲林縣元長鄉長南村元南路16號,雲林縣元長鄉長南村元南路16號,雲林縣,moe-cc-sites,門牌,2,0
1838,雲林縣元長鄉頂寮村16之12號,雲林縣元長鄉頂寮村16之12號,雲林縣元長鄉頂寮村16-12號,雲林縣,moe-cc-sites,門牌,2,0
1839,雲林縣元長鄉頂山路17之25號,雲林縣元長鄉頂山路17之25號,雲林縣元長鄉頂山路17之25號,雲林縣,moe-cc-sites,門牌,1,0
1840,雲林縣元長鄉龍岩村龍岩路29號,雲林縣元長鄉龍岩村龍岩路29號,雲林縣元長鄉龍岩村龍岩路29號,雲林縣,moe-cc-sites,門牌,1,0
1841,雲林縣北港鎮光復路2號,雲林縣北港鎮光復路2號,雲林縣北港鎮光復路2號,雲林縣,moe-cc-sites,門牌,1,0
1842,雲林縣北港鎮北辰路一1號,雲林縣北港鎮北辰路一1號,雲林縣北港鎮北辰路一1號,雲林縣,moe-cc-sites,門牌,1,0
1843,雲林縣北港鎮文化路246號,雲林縣北港鎮文化路246號,雲林縣北港鎮文化路246號,雲林縣,moe-senior-centers,門牌,1,0
1844,雲林縣北港鎮民樂路238號,雲林縣北港鎮民樂路238號,雲林縣北港鎮民樂路238號,雲林縣,moe-cc-sites,門牌,1,0
1845,雲林縣北港鎮義民路209巷4號,雲林縣北港鎮義民路209巷4號,雲林縣北港鎮義民路209巷4號5樓,雲林縣,moe-cc-sites,門牌,1,0
1845,雲林縣北港鎮義民路209巷4號,雲林縣北港鎮義民路209巷4號,雲林縣北港鎮義民路209巷4號5樓號,雲林縣,moe-cc-sites,門牌,1,0
1846,雲林縣口湖鄉光明路1號,雲林縣口湖鄉光明路1號,雲林縣口湖鄉光明路1號,雲林縣,moe-cc-sites,門牌,1,0
1847,雲林縣口湖鄉埔南村1之2號,雲林縣口湖鄉埔南村1之2號,雲林縣口湖鄉埔南村1-2號,雲林縣,moe-cc-sites,門牌,1,0
1848,雲林縣口湖鄉梧北村復興路175之6號,雲林縣口湖鄉梧北村復興路175之6號,雲林縣口湖鄉梧北村復興路175之6號,雲林縣,moe-cc-sites,門牌,1,0
1849,雲林縣口湖鄉蚵寮村蚵寮路392號,雲林縣口湖鄉蚵寮村蚵寮路392號,雲林縣口湖鄉蚵寮村蚵寮路392號,雲林縣,moe-senior-centers,門牌,1,0
1850,雲林縣古坑鄉南昌6之27號,雲林縣古坑鄉南昌6之27號,雲林縣古坑鄉南昌6之27號,雲林縣,moe-school-directory,門牌,1,0
1851,雲林縣古坑鄉文昌路58之4號,雲林縣古坑鄉文昌路58之4號,雲林縣古坑鄉文昌路58-4號,雲林縣,moe-cc-sites,門牌,1,0
1852,雲林縣古坑鄉東和村長安路12號,雲林縣古坑鄉東和村長安路12號,雲林縣古坑鄉東和村長安路12號,雲林縣,moe-cc-sites,門牌,1,0
1853,雲林縣古坑鄉樟湖村石橋50之2號,雲林縣古坑鄉樟湖村石橋50之2號,雲林縣古坑鄉樟湖村石橋50-2號,雲林縣,moe-school-directory,門牌,1,0
1854,雲林縣古坑鄉石橋50之2號,雲林縣古坑鄉石橋50之2號,雲林縣古坑鄉石橋50-2號,雲林縣,moe-school-directory,門牌,1,0
1855,雲林縣古坑鄉西平村中山路135號,雲林縣古坑鄉西平村中山路135號,雲林縣古坑鄉西平村中山路135號B1,雲林縣,moe-senior-centers,門牌,1,0
1856,雲林縣古坑鄉麻園村平和20號,雲林縣古坑鄉麻園村平和20號,雲林縣古坑鄉麻園村平和20號,雲林縣,moe-school-directory,門牌,1,0
1857,雲林縣古坑鄉麻園村平和21號,雲林縣古坑鄉麻園村平和21號,雲林縣古坑鄉麻園村平和21號,雲林縣,moe-school-directory,門牌,1,0
1858,雲林縣四湖鄉中山東路37號,雲林縣四湖鄉中山東路37號,雲林縣四湖鄉中山東路37號,雲林縣,moe-cc-sites,門牌,1,0
1859,雲林縣四湖鄉中山西路44之2號,雲林縣四湖鄉中山西路44之2號,雲林縣四湖鄉中山西路44-2號,雲林縣,moe-senior-centers,門牌,1,0
1860,雲林縣四湖鄉四湖村5鄰中山東路21之23號,雲林縣四湖鄉四湖村5鄰中山東路21之23號,雲林縣四湖鄉四湖村5鄰中山東路21-23號,雲林縣,moe-cc-sites,門牌,1,0
1861,雲林縣四湖鄉四湖村中山東路88號,雲林縣四湖鄉四湖村中山東路88號,雲林縣四湖鄉四湖村中山東路88號,雲林縣,moe-cc-sites,門牌,1,0
1862,雲林縣四湖鄉大同路47巷6號,雲林縣四湖鄉大同路47巷6號,雲林縣四湖鄉大同路47巷6號,雲林縣,moe-cc-sites,門牌,1,0
1863,雲林縣四湖鄉新市街158號,雲林縣四湖鄉新市街158號,雲林縣四湖鄉新市街158號,雲林縣,moe-cc-sites,門牌,1,0
1864,雲林縣四湖鄉美山街160號,雲林縣四湖鄉美山街160號,雲林縣四湖鄉美山街160號,雲林縣,moe-cc-sites,門牌,1,0
1865,雲林縣四湖鄉關聖路87號,雲林縣四湖鄉關聖路87號,雲林縣四湖鄉關聖路87號,雲林縣,moe-cc-sites,門牌,2,0
1866,雲林縣土庫鎮中山路252號,雲林縣土庫鎮中山路252號,雲林縣土庫鎮中山路252號,雲林縣,moe-cc-sites,門牌,2,0
1867,雲林縣土庫鎮中正路69號,雲林縣土庫鎮中正路69號,雲林縣土庫鎮中正路69號,雲林縣,moe-cc-sites,門牌,1,0
1868,雲林縣土庫鎮中興路59號,雲林縣土庫鎮中興路59號,雲林縣土庫鎮中興路59號,雲林縣,moe-cc-sites,門牌,1,0
1869,雲林縣土庫鎮崙內里果圍41號,雲林縣土庫鎮崙內里果圍41號,雲林縣土庫鎮崙內里果圍41號,雲林縣,moe-school-directory,門牌,1,0
1870,雲林縣土庫鎮成功路1之10號,雲林縣土庫鎮成功路1之10號,雲林縣土庫鎮成功路1-10號,雲林縣,moe-cc-sites,門牌,1,0
1871,雲林縣土庫鎮新庄里新庄318號,雲林縣土庫鎮新庄里新庄318號,雲林縣土庫鎮新庄里新庄318號,雲林縣,moe-senior-centers,門牌,1,0
1872,雲林縣土庫鎮林森路120號,雲林縣土庫鎮林森路120號,雲林縣土庫鎮林森路120號,雲林縣,moe-cc-sites,門牌,3,0
1873,雲林縣土庫鎮民權路43號,雲林縣土庫鎮民權路43號,雲林縣土庫鎮民權路43號,雲林縣,moe-cc-sites,門牌,1,0
1874,土庫鎮石廟里中興路175號,雲林縣土庫鎮石廟里中興路175號,土庫鎮石廟里中興路175號,雲林縣,moe-cc-sites,門牌,1,0
1875,雲林縣土庫鎮秀潭55號,雲林縣土庫鎮秀潭55號,雲林縣土庫鎮秀潭55號,雲林縣,moe-cc-sites,門牌,1,0
1876,雲林縣土庫鎮越港里成功路50巷1號,雲林縣土庫鎮越港里成功路50巷1號,雲林縣土庫鎮越港里成功路50巷1號,雲林縣,moe-cc-sites,門牌,1,0
1877,雲林縣大埤鄉嘉興村30號,雲林縣大埤鄉嘉興村30號,雲林縣大埤鄉嘉興村30號,雲林縣,moe-senior-centers,門牌,1,0
1878,雲林縣大埤鄉聯怡路100號,雲林縣大埤鄉聯怡路100號,雲林縣大埤鄉聯怡路100號,雲林縣,moe-cc-sites,門牌,1,0
1879,雲林縣崙背鄉仁愛街42之3號,雲林縣崙背鄉仁愛街42之3號,雲林縣崙背鄉仁愛街42-3號,雲林縣,moe-cc-sites,門牌,2,0
1880,雲林縣崙背鄉南光路390號,雲林縣崙背鄉南光路390號,雲林縣崙背鄉南光路390號,雲林縣,moe-cc-sites,門牌,1,0
1881,雲林縣崙背鄉南光路41號,雲林縣崙背鄉南光路41號,雲林縣崙背鄉南光路41號,雲林縣,moe-cc-sites,門牌,1,0
1882,雲林縣崙背鄉東興路1號,雲林縣崙背鄉東興路1號,雲林縣崙背鄉東興路1號,雲林縣,moe-cc-sites,門牌,1,0
1883,雲林縣崙背鄉行政街1號,雲林縣崙背鄉行政街1號,雲林縣崙背鄉行政街1號,雲林縣,moe-cc-sites,門牌,1,0
1884,雲林縣崙背鄉長青街100號,雲林縣崙背鄉長青街100號,雲林縣崙背鄉長青街100號,雲林縣,moe-senior-centers,門牌,1,0
1885,雲林縣崙背鄉長青路100號,雲林縣崙背鄉長青路100號,雲林縣崙背鄉長青路100號,雲林縣,moe-cc-sites,門牌,1,0
1886,雲林縣斗六市南揚街60號,雲林縣斗六市南揚街60號,雲林縣斗六市南揚街60號,雲林縣,moe-cc-sites,門牌,1,0
1887,雲林縣斗六市城頂街146之5號,雲林縣斗六市城頂街146之5號,雲林縣斗六市城頂街146-5號,雲林縣,moe-cc-sites,門牌,1,0
1888,雲林縣斗六市城頂街146號,雲林縣斗六市城頂街146號,雲林縣斗六市城頂街146號,雲林縣,moe-cc-sites,門牌,1,0
1889,雲林縣斗六市府前街103號,雲林縣斗六市府前街103號,雲林縣斗六市府前街103號,雲林縣,moe-cc-sites,門牌,1,0
1890,雲林縣斗六市榴北里南環路86號,雲林縣斗六市榴北里南環路86號,雲林縣斗六市榴北里南環路86號,雲林縣,moe-senior-centers,門牌,1,0
1891,雲林縣斗六市正心路1號,雲林縣斗六市正心路1號,雲林縣斗六市正心路1號,雲林縣,moe-school-directory,門牌,1,0
1892,雲林縣斗六市溪洲里竹圍路18號,雲林縣斗六市溪洲里竹圍路18號,雲林縣斗六市溪洲里竹圍路18號,雲林縣,moe-cc-sites,門牌,2,0
1893,雲林縣斗六市萬年路809號,雲林縣斗六市萬年路809號,雲林縣斗六市萬年路809號,雲林縣,moe-cc-sites,門牌,1,0
1894,雲林縣斗南鎮中山路169之171號,雲林縣斗南鎮中山路169之171號,雲林縣斗南鎮中山路169-171號,雲林縣,moe-cc-sites,門牌,1,0
1895,雲林縣斗南鎮光天路50號,雲林縣斗南鎮光天路50號,雲林縣斗南鎮光天路50號,雲林縣,moe-cc-sites,門牌,1,0
1896,雲林縣斗南鎮南昌路27號,雲林縣斗南鎮南昌路27號,雲林縣斗南鎮南昌路27號,雲林縣,moe-cc-sites,門牌,3,0
1897,雲林縣斗南鎮南生路1號,雲林縣斗南鎮南生路1號,雲林縣斗南鎮南生路1號,雲林縣,moe-cc-sites,門牌,1,0
1898,雲林縣斗南鎮文昌路150號,雲林縣斗南鎮文昌路150號,雲林縣斗南鎮文昌路150號,雲林縣,moe-senior-centers,門牌,1,0
1899,雲林縣斗南鎮林子路121號,雲林縣斗南鎮林子路121號,雲林縣斗南鎮林子路121號,雲林縣,moe-cc-sites,門牌,1,0
1900,雲林縣斗南鎮西歧里中山路170之8號,雲林縣斗南鎮西歧里中山路170之8號,雲林縣斗南鎮西歧里中山路170-8號,雲林縣,moe-cc-sites,門牌,1,0
1901,雲林縣東勢鄉仁愛路41號,雲林縣東勢鄉仁愛路41號,雲林縣東勢鄉仁愛路41號,雲林縣,moe-cc-sites,門牌,1,0
1902,雲林縣東勢鄉同安路95之1號,雲林縣東勢鄉同安路95之1號,雲林縣東勢鄉同安路95之1號,雲林縣,moe-cc-sites,門牌,1,0
1903,雲林縣東勢鄉嘉隆村守密街51之1號,雲林縣東勢鄉嘉隆村守密街51之1號,雲林縣東勢鄉嘉隆村守密街51之1號,雲林縣,moe-cc-sites,門牌,1,0
1904,雲林縣東勢鄉四安路25號,雲林縣東勢鄉四安路25號,雲林縣東勢鄉四安路25號,雲林縣,moe-cc-sites,門牌,1,0
1905,雲林縣東勢鄉昌南路120號,雲林縣東勢鄉昌南路120號,雲林縣東勢鄉昌南路120號,雲林縣,moe-cc-sites,門牌,1,0
1906,雲林縣東勢鄉月興路7之1號,雲林縣東勢鄉月興路7之1號,雲林縣東勢鄉月興路7-1號,雲林縣,moe-senior-centers,門牌,1,0
1907,雲林縣東勢鄉東北村民權路110號,雲林縣東勢鄉東北村民權路110號,雲林縣東勢鄉東北村民權路110號,雲林縣,moe-cc-sites,門牌,1,0
1908,雲林縣東勢鄉東榮路29巷19號,雲林縣東勢鄉東榮路29巷19號,雲林縣東勢鄉東榮路29巷19號,雲林縣,moe-cc-sites,門牌,1,0
1909,雲林縣林內鄉三星路9之2號,雲林縣林內鄉三星路9之2號,雲林縣林內鄉三星路9-2號,雲林縣,moe-cc-sites,門牌,1,0
1910,雲林縣林內鄉增產路48號,雲林縣林內鄉增產路48號,雲林縣林內鄉增產路48號,雲林縣,moe-cc-sites,門牌,2,0
1911,雲林縣林內鄉烏塗村華興路1號,雲林縣林內鄉烏塗村華興路1號,雲林縣林內鄉烏塗村華興路1號,雲林縣,moe-school-directory,門牌,1,0
1912,雲林縣水林鄉松北村松北路1之1號,雲林縣水林鄉松北村松北路1之1號,雲林縣水林鄉松北村松北路1之1號,雲林縣,moe-school-directory,門牌,1,0
1913,雲林縣水林鄉水南村埔尾路68之6號,雲林縣水林鄉水南村埔尾路68之6號,雲林縣水林鄉水南村埔尾路68-6號,雲林縣,moe-cc-sites,門牌,1,0
1914,雲林縣水林鄉灣東村40號,雲林縣水林鄉灣東村40號,雲林縣水林鄉灣東村40號,雲林縣,moe-senior-centers,門牌,1,0
1915,雲林縣臺西鄉中山路293號,雲林縣臺西鄉中山路293號,雲林縣台西鄉中山路293號,雲林縣,moe-cc-sites,門牌,2,0
1916,臺西鄉中山路299巷10之17號,雲林縣臺西鄉中山路299巷10之17號,臺西鄉中山路299巷10之17號,雲林縣,moe-cc-sites,門牌,1,0
1917,雲林縣臺西鄉五港路100之2號,雲林縣臺西鄉五港路100之2號,雲林縣臺西鄉五港路100-2號,雲林縣,moe-cc-sites,門牌,1,0
1918,雲林縣臺西鄉忠孝路114號,雲林縣臺西鄉忠孝路114號,雲林縣臺西鄉忠孝路114號,雲林縣,moe-cc-sites,門牌,1,0
1919,雲林縣臺西鄉民權路24號,雲林縣臺西鄉民權路24號,雲林縣臺西鄉民權路24號,雲林縣,moe-cc-sites,門牌,1,0
1920,雲林縣臺西鄉民權路6巷2號,雲林縣臺西鄉民權路6巷2號,雲林縣台西鄉民權路6巷2號,雲林縣,moe-cc-sites,門牌,1,0
1920,雲林縣臺西鄉民權路6巷2號,雲林縣臺西鄉民權路6巷2號,雲林縣臺西鄉民權路6巷2號,雲林縣,moe-cc-sites,門牌,1,0
1921,雲林縣臺西鄉民生路52號,雲林縣臺西鄉民生路52號,雲林縣台西鄉民生路52號,雲林縣,moe-cc-sites,門牌,1,0
1922,雲林縣臺西鄉海口村中山路299巷1號,雲林縣臺西鄉海口村中山路299巷1號,雲林縣台西鄉海口村中山路299巷1號,雲林縣,moe-cc-sites,門牌,1,0
1922,臺西鄉海口村中山路299巷1號,雲林縣臺西鄉海口村中山路299巷1號,台西鄉海口村中山路299巷1號,雲林縣,moe-cc-sites,門牌,1,0
1923,雲林縣臺西鄉溪頂村151之2號,雲林縣臺西鄉溪頂村151之2號,雲林縣台西鄉溪頂村151-2號,雲林縣,moe-senior-centers,門牌,1,0
1924,興華村15鄰興華3號,雲林縣興華村15鄰興華3號,興華村15鄰興華3號,雲林縣,moe-cc-sites,門牌,1,0
1925,雲林縣莿桐鄉北平路45號,雲林縣莿桐鄉北平路45號,雲林縣莿桐鄉北平路45 號,雲林縣,moe-cc-sites,門牌,1,0
1926,雲林縣莿桐鄉興貴村興北63之7號,雲林縣莿桐鄉興貴村興北63之7號,雲林縣莿桐鄉興貴村興北63-7號,雲林縣,moe-senior-centers,門牌,1,0
1927,雲林縣莿桐鄉麻園村榮貫133號,雲林縣莿桐鄉麻園村榮貫133號,雲林縣莿桐鄉麻園村榮貫133號,雲林縣,moe-cc-sites,門牌,1,0
1928,雲林縣莿桐鄉麻園村榮貫路133號,雲林縣莿桐鄉麻園村榮貫路133號,雲林縣莿桐鄉麻園村榮貫路133號,雲林縣,moe-cc-sites,門牌,1,0
1929,雲林縣虎尾鎮八德街158號,雲林縣虎尾鎮八德街158號,雲林縣虎尾鎮八德街158號,雲林縣,moe-cc-sites,門牌,1,0
1930,雲林縣虎尾鎮北溪里北溪路10之2號,雲林縣虎尾鎮北溪里北溪路10之2號,雲林縣虎尾鎮北溪里北溪路10-2號,雲林縣,moe-cc-sites,門牌,1,0
1931,雲林縣虎尾鎮埒內里143之5號,雲林縣虎尾鎮埒內里143之5號,雲林縣虎尾鎮埒內里143-5號,雲林縣,moe-cc-sites,門牌,1,0
1932,雲林縣虎尾鎮堀頭里87之2號,雲林縣虎尾鎮堀頭里87之2號,雲林縣虎尾鎮堀頭里87-2號,雲林縣,moe-cc-sites,門牌,1,0
1933,雲林縣虎尾鎮墾地里11鄰光復39號,雲林縣虎尾鎮墾地里11鄰光復39號,雲林縣虎尾鎮墾地里11鄰光復39號,雲林縣,moe-school-directory,門牌,1,0
1934,雲林縣虎尾鎮大屯69之3號,雲林縣虎尾鎮大屯69之3號,雲林縣虎尾鎮大屯69-3號,雲林縣,moe-cc-sites,門牌,1,0
1935,雲林縣虎尾鎮安溪6號,雲林縣虎尾鎮安溪6號,雲林縣虎尾鎮安溪6號,雲林縣,moe-cc-sites,門牌,1,0
1936,雲林縣虎尾鎮廉使里1020號,雲林縣虎尾鎮廉使里1020號,雲林縣虎尾鎮廉使里1020號,雲林縣,moe-cc-sites,門牌,1,0
1937,雲林縣虎尾鎮文化路100號,雲林縣虎尾鎮文化路100號,雲林縣虎尾鎮文化路100號,雲林縣,moe-cc-sites,門牌,1,0
1938,雲林縣虎尾鎮新興路173號,雲林縣虎尾鎮新興路173號,雲林縣虎尾鎮新興路173號,雲林縣,moe-cc-sites,門牌,1,0
1939,雲林縣虎尾鎮林森路1段498號,雲林縣虎尾鎮林森路1段498號,雲林縣虎尾鎮林森路一段498號,雲林縣,moe-cc-sites,門牌,1,0
1940,雲林縣虎尾鎮民主路1號,雲林縣虎尾鎮民主路1號,雲林縣虎尾鎮民主路1號,雲林縣,moe-cc-sites,門牌,1,0
1941,雲林縣虎尾鎮水源路14號,雲林縣虎尾鎮水源路14號,雲林縣虎尾鎮水源路14號,雲林縣,moe-cc-sites,門牌,1,0
1941,雲林縣虎尾鎮水源路14號,雲林縣虎尾鎮水源路14號,雲林縣虎尾鎮水源路14號(舊圖書館),雲林縣,moe-cc-sites,門牌,1,0
1941,雲林縣虎尾鎮水源路14號,雲林縣虎尾鎮水源路14號,雲林縣虎尾鎮水源路14號2樓,雲林縣,moe-cc-sites,門牌,1,0
1942,雲林縣虎尾鎮清雲路507號,雲林縣虎尾鎮清雲路507號,雲林縣虎尾鎮清雲路507號,雲林縣,moe-senior-centers,門牌,1,0
1943,雲林縣虎尾鎮科雲南路51號,雲林縣虎尾鎮科雲南路51號,雲林縣虎尾鎮科雲南路51號,雲林縣,moe-cc-sites,門牌,1,0
1944,雲林縣虎尾鎮立仁里5鄰北平路199號,雲林縣虎尾鎮立仁里5鄰北平路199號,雲林縣虎尾鎮立仁里5鄰北平路199號,雲林縣,moe-cc-sites,門牌,1,0
1945,雲林縣虎尾鎮興南1之20號,雲林縣虎尾鎮興南1之20號,雲林縣虎尾鎮興南1之20號,雲林縣,moe-cc-sites,門牌,1,0
1946,雲林縣虎尾鎮興南80之3號,雲林縣虎尾鎮興南80之3號,雲林縣虎尾鎮興南80-3號,雲林縣,moe-cc-sites,門牌,2,0
1947,雲林縣虎尾鎮興南里番薯段623號,雲林縣虎尾鎮興南里番薯段623號,雲林縣虎尾鎮興南里番薯段623號,雲林縣,moe-cc-sites,門牌,1,0
1948,雲林縣虎尾鎮西屯里228之5號,雲林縣虎尾鎮西屯里228之5號,雲林縣虎尾鎮西屯里228-5號,雲林縣,moe-cc-sites,門牌,1,0
1949,雲林縣虎尾鎮頂溪里過溪路63號,雲林縣虎尾鎮頂溪里過溪路63號,雲林縣虎尾鎮頂溪里過溪路63號,雲林縣,moe-school-directory,門牌,1,0
1950,雲林縣褒忠鄉中正路206巷8號,雲林縣褒忠鄉中正路206巷8號,雲林縣褒忠鄉中正路206巷8號,雲林縣,moe-cc-sites,門牌,1,0
1951,雲林縣褒忠鄉中正路451號,雲林縣褒忠鄉中正路451號,雲林縣褒忠鄉中正路451號,雲林縣,moe-cc-sites,門牌,1,0
1952,雲林縣褒忠鄉復興路25之15號,雲林縣褒忠鄉復興路25之15號,雲林縣褒忠鄉復興路25-15號,雲林縣,moe-cc-sites,門牌,2,0
1953,雲林縣褒忠鄉龍岩路97之1號,雲林縣褒忠鄉龍岩路97之1號,雲林縣褒忠鄉龍岩路97-1號,雲林縣,moe-senior-centers,門牌,1,0
1954,雲林縣西螺鎮公正路30號,雲林縣西螺鎮公正路30號,雲林縣西螺鎮公正路30號,雲林縣,moe-cc-sites,門牌,1,0
1955,雲林縣西螺鎮公館里1號,雲林縣西螺鎮公館里1號,雲林縣西螺鎮公館里1號,雲林縣,moe-school-directory,門牌,1,0
1956,雲林縣西螺鎮埔心路22之1號,雲林縣西螺鎮埔心路22之1號,雲林縣西螺鎮埔心路22-1號,雲林縣,moe-cc-sites,門牌,1,0
1957,雲林縣西螺鎮埤頭里1之1號,雲林縣西螺鎮埤頭里1之1號,雲林縣西螺鎮埤頭里1-1號,雲林縣,moe-cc-sites,門牌,2,0
1958,雲林縣西螺鎮廣興里84號,雲林縣西螺鎮廣興里84號,雲林縣西螺鎮廣興里84號,雲林縣,moe-cc-sites,門牌,1,0
1959,雲林縣西螺鎮廣興里廣興路59號,雲林縣西螺鎮廣興里廣興路59號,雲林縣西螺鎮廣興里廣興路59號,雲林縣,moe-school-directory,門牌,1,0
1960,雲林縣西螺鎮延平路180號,雲林縣西螺鎮延平路180號,雲林縣西螺鎮延平路180號,雲林縣,moe-cc-sites,門牌,1,0
1961,雲林縣西螺鎮延平路72號,雲林縣西螺鎮延平路72號,雲林縣西螺鎮延平路72號,雲林縣,moe-cc-sites,門牌,1,0
1962,雲林縣西螺鎮新街2號,雲林縣西螺鎮新街2號,雲林縣西螺鎮新街2號,雲林縣,moe-cc-sites,門牌,2,0
1963,雲林縣西螺鎮新街路117號,雲林縣西螺鎮新街路117號,雲林縣西螺鎮新街路117號,雲林縣,moe-cc-sites,門牌,1,0
1964,雲林縣西螺鎮永安里大同路120號,雲林縣西螺鎮永安里大同路120號,雲林縣西螺鎮永安里大同路120號,雲林縣,moe-cc-sites,門牌,1,0
1965,雲林縣西螺鎮永安里大橋路8號,雲林縣西螺鎮永安里大橋路8號,雲林縣西螺鎮永安里大橋路8號,雲林縣,moe-cc-sites,門牌,1,0
1966,雲林縣西螺鎮河南里河南58之2號,雲林縣西螺鎮河南里河南58之2號,雲林縣西螺鎮河南里河南58-2號,雲林縣,moe-cc-sites,門牌,1,0
1967,雲林縣西螺鎮社口88號,雲林縣西螺鎮社口88號,雲林縣西螺鎮社口88號,雲林縣,moe-cc-sites,門牌,1,0
1968,雲林縣西螺鎮福來路130巷33號,雲林縣西螺鎮福來路130巷33號,雲林縣西螺鎮福來路130巷33號,雲林縣,moe-cc-sites,門牌,1,0
1969,雲林縣麥寮鄉7鄰69之1號,雲林縣麥寮鄉7鄰69之1號,雲林縣麥寮鄉7鄰69-1號,雲林縣,moe-cc-sites,門牌,1,0
1970,雲林縣麥寮鄉中山路200巷80號,雲林縣麥寮鄉中山路200巷80號,雲林縣麥寮鄉中山路200巷80號,雲林縣,moe-cc-sites,門牌,1,0
1971,麥寮鄉仁德西路1段26號,雲林縣麥寮鄉仁德西路1段26號,麥寮鄉仁德西路一段26號,雲林縣,moe-cc-sites,門牌,1,0
1972,雲林縣麥寮鄉新吉村7鄰新吉69之1號,雲林縣麥寮鄉新吉村7鄰新吉69之1號,雲林縣麥寮鄉新吉村7鄰新吉69-1號,雲林縣,moe-cc-sites,門牌,1,0
1973,麥寮新吉社區活動中心,雲林縣麥寮鄉新吉村新吉69之1號,麥寮新吉社區活動中心,雲林縣,moe-cc-sites,校名→門牌,1,0
1974,雲林縣麥寮鄉新興路27之6號,雲林縣麥寮鄉新興路27之6號,雲林縣麥寮鄉新興路27-6號,雲林縣,moe-cc-sites,門牌,1,0
1975,雲林縣麥寮鄉施厝村仁德東路502號,雲林縣麥寮鄉施厝村仁德東路502號,雲林縣麥寮鄉施厝村仁德東路502號,雲林縣,moe-cc-sites,門牌,1,0
1976,雲林縣麥寮鄉橋頭路247號,雲林縣麥寮鄉橋頭路247號,雲林縣麥寮鄉橋頭路247號,雲林縣,moe-cc-sites,門牌,1,0
1977,麥寮鄉泰順路306號,雲林縣麥寮鄉泰順路306號,麥寮鄉泰順路306號,雲林縣,moe-cc-sites,門牌,1,0
1977,雲林縣麥寮鄉泰順路306號,雲林縣麥寮鄉泰順路306號,雲林縣麥寮鄉泰順路306號,雲林縣,moe-cc-sites,門牌,1,0
1978,雲林縣麥寮鄉麥豐村自由路232號,雲林縣麥寮鄉麥豐村自由路232號,雲林縣麥寮鄉麥豐村自由路232號,雲林縣,moe-senior-centers,門牌,1,0
1979,高雄市三民區中華三路308號,高雄市三民區中華三路308號,高雄市三民區中華三路308號,高雄市,moe-cc-sites,門牌,1,0
1980,高雄市三民區九如一路232號,高雄市三民區九如一路232號,高雄市三民區九如一路232號1樓,高雄市,moe-cc-sites,門牌,1,0
1981,三民區九如一路720號,高雄市三民區九如一路720號,三民區九如一路720號,高雄市,moe-cc-sites,門牌,1,0
1981,三民區九如一路720號,高雄市三民區九如一路720號,三民區九如一路720號(戶外),高雄市,moe-cc-sites,門牌,1,0
1982,三民區光武路72號,高雄市三民區光武路72號,三民區光武路72號,高雄市,moe-cc-sites,門牌,1,0
1982,高雄市三民區光武路72號,高雄市三民區光武路72號,高雄市三民區光武路72號,高雄市,moe-cc-sites,門牌,1,0
1983,高雄市三民區博愛一路289號,高雄市三民區博愛一路289號,高雄市三民區博愛一路289號,高雄市,moe-cc-sites,門牌,1,0
1984,高雄市三民區博愛一路372號,高雄市三民區博愛一路372號,高雄市三民區博愛一路372號5樓,高雄市,moe-cc-sites,門牌,2,0
1985,高雄市三民區同盟二路60號,高雄市三民區同盟二路60號,高雄市三民區同盟二路60號,高雄市,moe-cc-sites,門牌,1,0
1986,三民區大裕路333號,高雄市三民區大裕路333號,三民區大裕路333號,高雄市,moe-cc-sites,門牌,1,0
1987,高雄市三民區大順二路659號,高雄市三民區大順二路659號,高雄市三民區大順二路659號5樓,高雄市,moe-cc-sites,門牌,1,0
1988,高雄市三民區建和街75號,高雄市三民區建和街75號,高雄市三民區建和街75號,高雄市,moe-cc-sites,門牌,1,0
1989,高雄市三民區建興路391號,高雄市三民區建興路391號,高雄市三民區建興路391號,高雄市,moe-senior-centers,門牌,1,0
1990,高雄市三民區正興路74號,高雄市三民區正興路74號,高雄市三民區正興路74號,高雄市,moe-cc-sites,門牌,1,0
1991,高雄市三民區禮明路78號,高雄市三民區禮明路78號,高雄市三民區禮明路78號3樓,高雄市,moe-cc-sites,門牌,2,0
1992,高雄市三民區自由一路50號,高雄市三民區自由一路50號,高雄市三民區自由一路50號,高雄市,moe-cc-sites,門牌,1,0
1993,高雄市三民區自立一路535號,高雄市三民區自立一路535號,高雄市三民區自立一路535號,高雄市,moe-cc-sites,門牌,2,0
1993,三民區自立一路535號,高雄市三民區自立一路535號,三民區自立一路535號,高雄市,moe-cc-sites,門牌,1,0
1994,高雄市三民區興隆街58號,高雄市三民區興隆街58號,高雄市三民區興隆街58號,高雄市,moe-cc-sites,門牌,2,0
1995,高雄市三民區褒揚東街78號,高雄市三民區褒揚東街78號,高雄市三民區褒揚東街78號,高雄市,moe-cc-sites,門牌,1,0
1996,高雄市三民區金鼎路81號,高雄市三民區金鼎路81號,高雄市三民區金鼎路81號,高雄市,moe-cc-sites,門牌,2,0
1997,高雄市三民區鼎和街76號,高雄市三民區鼎和街76號,高雄市三民區鼎和街76號,高雄市,moe-cc-sites,門牌,1,0
1998,高雄市三民區鼎山區611號,高雄市三民區鼎山區611號,高雄市三民區鼎山區611號,高雄市,moe-cc-sites,門牌,1,0
1999,高雄市三民區鼎金一巷36號,高雄市三民區鼎金一巷36號,高雄市三民區鼎金一巷36號,高雄市,moe-cc-sites,門牌,1,0
2000,三民區龍?路15之1號,高雄市三民區龍?路15之1號,三民區龍?路15-1號,高雄市,moe-cc-sites,門牌,1,0
2001,高雄市三民裕誠路1號,高雄市三民裕誠路1號,高雄市三民裕誠路1號,高雄市,moe-cc-sites,門牌,1,0
2002,中華一路25號,高雄市中華一路25號,中華一路25號,高雄市,moe-cc-sites,門牌,1,0
2003,高雄市仁武區仁心路31號,高雄市仁武區仁心路31號,高雄市仁武區仁心路31號,高雄市,moe-cc-sites,門牌,2,0
2004,高雄市仁武區仁林路35號,高雄市仁武區仁林路35號,高雄市仁武區仁林路35號,高雄市,moe-cc-sites,門牌,1,0
2005,高雄市仁武區八卦里八德西路1658之5號,高雄市仁武區八卦里八德西路1658之5號,高雄市仁武區八卦里八德西路1658-5號,高雄市,moe-cc-sites,門牌,2,0
2006,高雄市仁武區八德東路568號,高雄市仁武區八德東路568號,高雄市仁武區八德東路568號,高雄市,moe-school-directory,門牌,1,0
2007,高雄市仁武區八德西路1658號,高雄市仁武區八德西路1658號,高雄市仁武區八德西路1658號,高雄市,moe-cc-sites,門牌,1,0
2008,高雄市仁武區文館路2號,高雄市仁武區文館路2號,高雄市仁武區文館路2號,高雄市,moe-cc-sites,門牌,1,0
2009,高雄市仁武區林山巷30之1號,高雄市仁武區林山巷30之1號,高雄市仁武區林山巷30-1號,高雄市,moe-cc-sites,門牌,1,0
2010,高雄市仁武區永仁街646號,高雄市仁武區永仁街646號,高雄市仁武區永仁街646號,高雄市,moe-cc-sites,門牌,2,0
2011,高雄市仁武區永樂街1號,高雄市仁武區永樂街1號,高雄市仁武區永樂街1號,高雄市,moe-cc-sites,門牌,1,0
2012,高雄市仁武區澄新四街28號,高雄市仁武區澄新四街28號,高雄市仁武區澄新四街28號,高雄市,moe-cc-sites,門牌,1,0
2013,高雄市仁武區澄觀路1段152巷33弄57之1號,高雄市仁武區澄觀路1段152巷33弄57之1號,高雄市仁武區澄觀路一段152巷33弄57-1號,高雄市,moe-cc-sites,門牌,1,0
2014,高雄市仁武區霞海路358號,高雄市仁武區霞海路358號,高雄市仁武區霞海路358號,高雄市,moe-cc-sites,門牌,1,0
2015,高雄市內門區中正路203號,高雄市內門區中正路203號,高雄市內門區中正路203號,高雄市,moe-cc-sites,門牌,1,0
2016,高雄市內門區內豐村140之1號,高雄市內門區內豐村140之1號,高雄市內門區內豐村140-1號,高雄市,moe-cc-sites,門牌,1,0
2017,內門區溝坪里廣福28之10號,高雄市內門區溝坪里廣福28之10號,內門區溝坪里廣福28-10號,高雄市,moe-cc-sites,門牌,1,0
2017,高雄市內門區溝坪里廣福28之10號,高雄市內門區溝坪里廣福28之10號,高雄市內門區溝坪里廣福28-10號,高雄市,moe-cc-sites,門牌,1,0
2018,高雄市內門區觀亭里中正路227號,高雄市內門區觀亭里中正路227號,高雄市內門區觀亭里中正路227號之1,高雄市,moe-cc-sites,門牌,1,0
2019,高雄市六龜區光復路212號,高雄市六龜區光復路212號,高雄市六龜區光復路212號,高雄市,moe-school-directory,門牌,1,0
2020,高雄市六龜區光明巷40號,高雄市六龜區光明巷40號,高雄市六龜區光明巷40號,高雄市,moe-cc-sites,門牌,2,0
2021,高雄市六龜區光明巷44號,高雄市六龜區光明巷44號,高雄市六龜區光明巷44號,高雄市,moe-cc-sites,門牌,1,0
2022,高雄市六龜區和平路43號,高雄市六龜區和平路43號,高雄市六龜區和平路43號,高雄市,moe-cc-sites,門牌,2,0
2023,高雄市六龜區義寶里維新街1巷2號,高雄市六龜區義寶里維新街1巷2號,高雄市六龜區義寶里維新街1巷2號,高雄市,moe-cc-sites,門牌,1,0
2024,高雄市六龜區荖濃里南橫路97號,高雄市六龜區荖濃里南橫路97號,高雄市六龜區荖濃里南橫路97號(荖濃社區活動中心),高雄市,moe-senior-centers,門牌,1,0
2025,高雄市前金區中山二路533號,高雄市前金區中山二路533號,高雄市前金區中山二路533號3樓之2,高雄市,moe-cc-sites,門牌,1,0
2026,高雄市前金區中正四路261號,高雄市前金區中正四路261號,高雄市前金區中正四路261號,高雄市,moe-cc-sites,門牌,1,0
2027,高雄市前鎮區中山二路13號,高雄市前鎮區中山二路13號,高雄市前鎮區中山二路13號,高雄市,moe-cc-sites,門牌,2,0
2028,高雄市前鎮區南寧街167號,高雄市前鎮區南寧街167號,高雄市前鎮區南寧街167號,高雄市,moe-cc-sites,門牌,1,0
2029,高雄市前鎮區同安路120號,高雄市前鎮區同安路120號,高雄市前鎮區同安路120號,高雄市,moe-cc-sites,門牌,1,0
2030,高雄市前鎮區廣東三街73號,高雄市前鎮區廣東三街73號,高雄市前鎮區廣東三街73號3樓,高雄市,moe-cc-sites,門牌,2,0
2031,高雄市前鎮區德昌路413巷7號,高雄市前鎮區德昌路413巷7號,高雄市前鎮區德昌路413巷7號,高雄市,moe-cc-sites,門牌,1,0
2032,高雄市前鎮區新生路1號,高雄市前鎮區新生路1號,高雄市前鎮區新生路1號之1號擴建路1號,高雄市,moe-cc-sites,門牌,1,0
2033,高雄市前鎮區永豐路142號,高雄市前鎮區永豐路142號,高雄市前鎮區永豐路142號,高雄市,moe-cc-sites,門牌,1,0
2034,高雄市前鎮區興順街40號,高雄市前鎮區興順街40號,高雄市前鎮區興順街40號,高雄市,moe-cc-sites,門牌,1,0
2035,高雄市前鎮區鎮東一街118號,高雄市前鎮區鎮東一街118號,高雄市前鎮區鎮東一街118號,高雄市,moe-cc-sites,門牌,1,0
2036,高雄市前鎮區高雄市前鎮區凱旋四路105號,高雄市前鎮區高雄市前鎮區凱旋四路105號,高雄市前鎮區高雄市前鎮區凱旋四路105號,高雄市,taiwanjobs,門牌,1,0
2037,博愛一路372號,高雄市博愛一路372號,博愛一路372號5樓,高雄市,moe-cc-sites,門牌,1,0
2037,高雄市博愛一路372號,高雄市博愛一路372號,高雄市博愛一路372號5樓,高雄市,moe-cc-sites,門牌,1,0
2038,博愛一路70號,高雄市博愛一路70號,博愛一路70號8-2,高雄市,moe-cc-sites,門牌,1,0
2038,博愛一路70號,高雄市博愛一路70號,博愛一路70號8樓之2,高雄市,moe-cc-sites,門牌,1,0
2039,博愛三路453號,高雄市博愛三路453號,博愛三路453號,高雄市,moe-cc-sites,門牌,1,0
2040,高雄市大寮區仁德路150之8號,高雄市大寮區仁德路150之8號,高雄市大寮區仁德路150-8號,高雄市,moe-cc-sites,門牌,1,0
2041,大寮區力行路88之1號,高雄市大寮區力行路88之1號,大寮區力行路88-1號,高雄市,moe-cc-sites,門牌,1,0
2041,高雄市大寮區力行路88之1號,高雄市大寮區力行路88之1號,高雄市大寮區力行路88-1號,高雄市,moe-cc-sites,門牌,1,0
2042,高雄市大寮區四維路340號,高雄市大寮區四維路340號,高雄市大寮區四維路340號,高雄市,moe-cc-sites,門牌,1,0
2043,高雄市大寮區山頂里山頂路178號,高雄市大寮區山頂里山頂路178號,高雄市大寮區山頂里山頂路178號,高雄市,moe-cc-sites,門牌,1,0
2044,高雄市大寮區拷潭路174之20號,高雄市大寮區拷潭路174之20號,高雄市大寮區拷潭路174-20號,高雄市,moe-cc-sites,門牌,1,0
2045,高雄市大寮區民族路311號,高雄市大寮區民族路311號,高雄市大寮區民族路311號,高雄市,moe-cc-sites,門牌,1,0
2046,高雄市大寮區潮寮里潮寮路51之9號,高雄市大寮區潮寮里潮寮路51之9號,高雄市大寮區潮寮里潮寮路51之9號,高雄市,moe-school-directory,門牌,1,0
2047,高雄市大寮區自強街25巷3號,高雄市大寮區自強街25巷3號,高雄市大寮區自強街25巷3號,高雄市,moe-cc-sites,門牌,1,0
2048,高雄市大寮區至學路288號,高雄市大寮區至學路288號,高雄市大寮區至學路288號,高雄市,moe-school-directory,門牌,1,0
2049,大寮國中,高雄市大寮區進學路150號,大寮國中（高雄市大寮區進學路150號）,高雄市,moe-senior-centers,門牌,1,0
2050,高雄市大寮區鳳屏一路217號,高雄市大寮區鳳屏一路217號,高雄市大寮區鳳屏一路217號,高雄市,moe-school-directory,門牌,1,0
2051,高雄市大寮區鳳林三路492號,高雄市大寮區鳳林三路492號,高雄市大寮區鳳林三路492號,高雄市,moe-cc-sites,門牌,1,0
2052,高雄市大樹區中華路國小巷1號,高雄市大樹區中華路國小巷1號,高雄市大樹區中華路國小巷1號,高雄市,moe-senior-centers,門牌,1,0
2053,大樹區久堂路140號,高雄市大樹區久堂路140號,大樹區久堂路140號3樓,高雄市,moe-cc-sites,門牌,1,0
2053,高雄市大樹區久堂路140號,高雄市大樹區久堂路140號,高雄市大樹區久堂路140號3樓,高雄市,moe-cc-sites,門牌,1,0
2054,高雄市大樹區久堂路97號,高雄市大樹區久堂路97號,高雄市大樹區久堂路97號,高雄市,moe-cc-sites,門牌,2,0
2055,高雄市大樹區大坑路140之11號,高雄市大樹區大坑路140之11號,高雄市大樹區大坑路140之11號,高雄市,moe-school-directory,門牌,1,0
2056,高雄市大樹區姑山里姑山路1號,高雄市大樹區姑山里姑山路1號,高雄市大樹區姑山里姑山路1號,高雄市,moe-school-directory,門牌,1,0
2057,高雄市大樹區水寮里中華路100之6號,高雄市大樹區水寮里中華路100之6號,高雄市大樹區水寮里中華路100-6號,高雄市,moe-cc-sites,門牌,1,0
2058,高雄市大樹區龍目里56號,高雄市大樹區龍目里56號,高雄市大樹區龍目里56號,高雄市,moe-school-directory,門牌,1,0
2059,高雄市大社區和平路1段60之6號,高雄市大社區和平路1段60之6號,高雄市大社區和平路一段60-6號,高雄市,moe-cc-sites,門牌,1,0
2060,高雄市大社區大社路116號,高雄市大社區大社路116號,高雄市大社區大社路116號,高雄市,moe-cc-sites,門牌,1,0
2060,高雄市大社區大社路116號,高雄市大社區大社路116號,高雄市大社區大社路116號之1號,高雄市,moe-cc-sites,門牌,1,0
2061,高雄市大社區大社路87之3號,高雄市大社區大社路87之3號,高雄市大社區大社路87-3號,高雄市,moe-cc-sites,門牌,1,0
2062,高雄市大社區大社里大社路116之1號,高雄市大社區大社里大社路116之1號,高雄市大社區大社里大社路116-1號,高雄市,moe-senior-centers,門牌,1,0
2063,高雄市大社區翠屏路100號,高雄市大社區翠屏路100號,高雄市大社區翠屏路100號,高雄市,moe-cc-sites,門牌,1,0
2064,高雄市大社區金龍路120號,高雄市大社區金龍路120號,高雄市大社區金龍路120號,高雄市,moe-cc-sites,門牌,1,0
2065,大順二路468號,高雄市大順二路468號,大順二路468號,高雄市,moe-cc-sites,門牌,1,0
2065,高雄市大順二路468號,高雄市大順二路468號,高雄市大順二路468號4樓,高雄市,moe-cc-sites,門牌,1,0
2066,高雄市小港區中山四路29號,高雄市小港區中山四路29號,高雄市小港區中山四路29號,高雄市,moe-cc-sites,門牌,1,0
2066,高雄市小港區中山四路29號,高雄市小港區中山四路29號,高雄市小港區中山四路29號（高雄公園內）,高雄市,moe-cc-sites,門牌,1,0
2067,高雄市小港區山明路482號,高雄市小港區山明路482號,高雄市小港區山明路482號,高雄市,moe-cc-sites,門牌,1,0
2068,高雄市高雄市小港區平治街42號,高雄市小港區平治街42號,高雄市高雄市小港區平治街42號,高雄市,moe-cc-sites,門牌,1,0
2068,高雄市高雄市小港區平治街42號,高雄市小港區平治街42號,高雄市高雄市小港區平治街42號2樓,高雄市,moe-cc-sites,門牌,1,0
2069,高雄市小港區平治街46號,高雄市小港區平治街46號,高雄市小港區平治街46號,高雄市,moe-cc-sites,門牌,1,0
2070,高雄市小港區松和路40號,高雄市小港區松和路40號,高雄市小港區松和路40號,高雄市,moe-school-directory,門牌,1,0
2071,高雄市小港區松福街123號,高雄市小港區松福街123號,高雄市小港區松福街123號1樓,高雄市,moe-cc-sites,門牌,1,0
2072,高雄市小港區飛機路153號,高雄市小港區飛機路153號,高雄市小港區飛機路153號,高雄市,moe-senior-centers,門牌,1,0
2073,高雄市小港區鳳福路3號,高雄市小港區鳳福路3號,高雄市小港區鳳福路3號,高雄市,moe-cc-sites,門牌,1,0
2074,高雄市岡山區公園東路131號,高雄市岡山區公園東路131號,高雄市岡山區公園東路131號,高雄市,moe-cc-sites,門牌,1,0
2075,高雄市岡山區國軒路289號,高雄市岡山區國軒路289號,高雄市岡山區國軒路289號,高雄市,moe-cc-sites,門牌,1,0
2076,高雄市岡山區壽天路66號,高雄市岡山區壽天路66號,高雄市岡山區壽天路66號,高雄市,moe-cc-sites,門牌,1,0
2077,高雄市岡山區大仁路105號,高雄市岡山區大仁路105號,高雄市岡山區大仁路105號,高雄市,moe-cc-sites,門牌,1,0
2078,岡山區岡山路303巷36號,高雄市岡山區岡山路303巷36號,岡山區岡山路303巷36號,高雄市,moe-cc-sites,門牌,1,0
2078,高雄市岡山區岡山路303巷36號,高雄市岡山區岡山路303巷36號,高雄市岡山區岡山路303巷36號,高雄市,moe-cc-sites,門牌,2,0
2079,高雄市岡山區文化街4號,高雄市岡山區文化街4號,高雄市岡山區文化街4號,高雄市,moe-cc-sites,門牌,1,0
2080,岡山區新樂街77之3號,高雄市岡山區新樂街77之3號,岡山區新樂街77-3號,高雄市,moe-cc-sites,門牌,1,0
2080,高雄市岡山區新樂街77之3號,高雄市岡山區新樂街77之3號,高雄市岡山區新樂街77-3號,高雄市,moe-cc-sites,門牌,1,0
2081,高雄市岡山區維新路85號,高雄市岡山區維新路85號,高雄市岡山區維新路85號,高雄市,moe-cc-sites,門牌,1,0
2082,岡山區華園二路15號,高雄市岡山區華園二路15號,岡山區華園二路15號,高雄市,moe-cc-sites,門牌,1,0
2082,高雄市岡山區華園二路15號,高雄市岡山區華園二路15號,高雄市岡山區華園二路15號,高雄市,moe-cc-sites,門牌,1,0
2083,高雄市左營區先鋒路293號,高雄市左營區先鋒路293號,高雄市左營區先鋒路293號,高雄市,moe-cc-sites,門牌,1,0
2084,高雄市左營區南大路4號,高雄市左營區南大路4號,高雄市左營區南大路4號,高雄市,moe-cc-sites,門牌,1,0
2085,高雄市左營區崇信路215號,高雄市左營區崇信路215號,高雄市左營區崇信路215號,高雄市,moe-cc-sites,門牌,1,0
2086,高雄市左營區左營大路419巷80號,高雄市左營區左營大路419巷80號,高雄市左營區左營大路419巷80號,高雄市,moe-cc-sites,門牌,1,0
2087,高雄市左營區建業新村緯十一路17號,高雄市左營區建業新村緯十一路17號,高雄市左營區建業新村緯十一路17號,高雄市,moe-cc-sites,門牌,1,0
2088,高雄市左營區文上路58號,高雄市左營區文上路58號,高雄市左營區文上路58號2樓,高雄市,moe-cc-sites,門牌,1,0
2089,高雄市左營區文川路433號,高雄市左營區文川路433號,高雄市左營區文川路433號(地下室),高雄市,moe-cc-sites,門牌,1,0
2089,高雄市左營區文川路433號,高雄市左營區文川路433號,高雄市左營區文川路433號,高雄市,moe-cc-sites,門牌,1,0
2090,左營區文自路238號,高雄市左營區文自路238號,左營區文自路238號4樓,高雄市,moe-cc-sites,門牌,1,0
2091,高雄市左營區新莊仔路30號,高雄市左營區新莊仔路30號,高雄市左營區新莊仔路30號,高雄市,moe-senior-centers,門牌,1,0
2092,高雄市左營區明誠二路524號,高雄市左營區明誠二路524號,高雄市左營區明誠二路524號2樓、3樓,高雄市,moe-cc-sites,門牌,1,0
2093,高雄市左營區果峰街8號,高雄市左營區果峰街8號,高雄市左營區果峰街8號,高雄市,moe-cc-sites,門牌,1,0
2094,高雄市左營區榮總路201號,高雄市左營區榮總路201號,高雄市左營區榮總路201號,高雄市,moe-cc-sites,門牌,1,0
2095,高雄市左營區環潭路58號,高雄市左營區環潭路58號,高雄市左營區環潭路58號,高雄市,moe-cc-sites,門牌,1,0
2096,高雄市左營區福山里文府路401號,高雄市左營區福山里文府路401號,高雄市左營區福山里文府路401號,高雄市,moe-school-directory,門牌,1,0
2097,左營區立大路320號,高雄市左營區立大路320號,左營區立大路320號,高雄市,moe-cc-sites,門牌,1,0
2098,高雄市左營區華夏路262號,高雄市左營區華夏路262號,高雄市左營區華夏路262號,高雄市,moe-cc-sites,門牌,1,0
2099,左營區重信路215號,高雄市左營區重信路215號,左營區重信路215號,高雄市,moe-cc-sites,門牌,1,0
2100,高雄市左營區重立路158號,高雄市左營區重立路158號,高雄市左營區重立路158號,高雄市,moe-cc-sites,門牌,1,0
2101,高雄市市中一路339號,高雄市市中一路339號,高雄市市中一路339號,高雄市,moe-cc-sites,門牌,1,0
2102,建和街58號,高雄市建和街58號,建和街58號,高雄市,moe-cc-sites,門牌,1,0
2103,高雄市彌陀區中正路213號,高雄市彌陀區中正路213號,高雄市彌陀區中正路213號,高雄市,moe-senior-centers,門牌,1,0
2104,高雄市彌陀區漯底里樂安路1號,高雄市彌陀區漯底里樂安路1號,高雄市彌陀區漯底里樂安路1號,高雄市,moe-school-directory,門牌,1,0
2105,高雄市前鎮區擴建路1號,高雄市新生路1號,高雄市前鎮區擴建路1號(新生路1號之1),高雄市,moe-cc-sites,門牌,1,0
2105,高雄市前鎮區擴建路1號,高雄市新生路1號,高雄市前鎮區擴建路1號1樓,高雄市,moe-cc-sites,門牌,1,0
2106,高雄市新興區七賢二路90號,高雄市新興區七賢二路90號,高雄市新興區七賢二路90號,高雄市,moe-cc-sites,門牌,1,0
2107,高雄市新興區大明里中正四路53號,高雄市新興區大明里中正四路53號,高雄市新興區大明里中正四路53號2樓,高雄市,moe-senior-centers,門牌,1,0
2108,高雄市新興區民生一路193號,高雄市新興區民生一路193號,高雄市新興區民生一路193號,高雄市,moe-cc-sites,門牌,1,0
2109,高雄市新興區民生一路321號,高雄市新興區民生一路321號,高雄市新興區民生一路321號,高雄市,moe-school-directory,門牌,1,0
2110,高雄市旗山區大山里旗南二路126號,高雄市旗山區大山里旗南二路126號,高雄市旗山區大山里旗南二路126號,高雄市,moe-school-directory,門牌,1,0
2111,高雄市旗山區延平一路446號,高雄市旗山區延平一路446號,高雄市旗山區延平一路446號 2樓,高雄市,moe-cc-sites,門牌,1,0
2111,高雄市旗山區延平一路446號,高雄市旗山區延平一路446號,高雄市旗山區延平一路446號2樓,高雄市,moe-cc-sites,門牌,1,0
2112,高雄市旗山區延平一路655之2號,高雄市旗山區延平一路655之2號,高雄市旗山區延平一路655-2號3樓,高雄市,moe-cc-sites,門牌,1,0
2112,高雄市旗山區延平一路655之2號,高雄市旗山區延平一路655之2號,高雄市旗山區延平一路655之2號3樓,高雄市,moe-cc-sites,門牌,1,0
2113,高雄市旗山區復新街68號,高雄市旗山區復新街68號,高雄市旗山區復新街68號,高雄市,moe-cc-sites,門牌,1,0
2114,高雄市旗山區文中路4號,高雄市旗山區文中路4號,高雄市旗山區文中路4號,高雄市,moe-cc-sites,門牌,1,0
2115,旗山區旗甲路2段256巷4號,高雄市旗山區旗甲路2段256巷4號,旗山區旗甲路二段256巷4號,高雄市,moe-cc-sites,門牌,1,0
2115,高雄市旗山區旗甲路2段256巷4號,高雄市旗山區旗甲路2段256巷4號,高雄市旗山區旗甲路二段256巷4號,高雄市,moe-senior-centers,門牌,1,0
2116,高雄市旗山區湄州里中山路32號,高雄市旗山區湄州里中山路32號,高雄市旗山區湄州里中山路32號2樓,高雄市,moe-cc-sites,門牌,2,0
2116,高雄市旗山區湄州里中山路32號,高雄市旗山區湄州里中山路32號,高雄市旗山區湄州里中山路32號,高雄市,moe-cc-sites,門牌,1,0
2117,曾子路281號,高雄市曾子路281號,曾子路281號,高雄市,moe-cc-sites,門牌,1,0
2118,高雄市杉?區大愛?和氣街150巷12號,高雄市杉?區大愛?和氣街150巷12號,高雄市杉?區大愛?和氣街150巷12 號,高雄市,moe-senior-centers,門牌,1,0
2119,高雄市杉林區司馬路24巷27號,高雄市杉林區司馬路24巷27號,高雄市杉林區司馬路24巷27號,高雄市,moe-cc-sites,門牌,1,0
2120,高雄市杉林區大愛路1號,高雄市杉林區大愛路1號,高雄市杉林區大愛路1號,高雄市,moe-cc-sites,門牌,1,0
2121,高雄市杉林區月美里桐竹路208號,高雄市杉林區月美里桐竹路208號,高雄市杉林區月美里桐竹路208號,高雄市,moe-cc-sites,門牌,2,0
2122,高雄市杉林區清水路公明巷17之3號,高雄市杉林區清水路公明巷17之3號,高雄市杉林區清水路公明巷17-3號,高雄市,moe-cc-sites,門牌,1,0
2123,高雄市杉林區清水路公明巷17號,高雄市杉林區清水路公明巷17號,高雄市杉林區清水路公明巷17號,高雄市,moe-cc-sites,門牌,1,0
2124,高雄市林園區仁愛路221號,高雄市林園區仁愛路221號,高雄市林園區仁愛路221號,高雄市,moe-cc-sites,門牌,1,0
2125,高雄市林園區仁愛路265號,高雄市林園區仁愛路265號,高雄市林園區仁愛路265號,高雄市,moe-cc-sites,門牌,1,0
2126,高雄市林園區信義路69巷40號,高雄市林園區信義路69巷40號,高雄市林園區信義路69巷40號,高雄市,moe-cc-sites,門牌,1,0
2127,高雄市林園區忠孝西路20號,高雄市林園區忠孝西路20號,高雄市林園區忠孝西路20號,高雄市,moe-cc-sites,門牌,4,0
2128,高雄市林園區林園北路438號,高雄市林園區林園北路438號,高雄市林園區林園北路438號,高雄市,moe-cc-sites,門牌,2,0
2129,高雄市林園區溪洲里溪州二路272巷2號,高雄市林園區溪洲里溪州二路272巷2號,高雄市林園區溪洲里溪州二路272巷2號,高雄市,moe-cc-sites,門牌,1,0
2130,高雄市林園區王公里仁愛路265號,高雄市林園區王公里仁愛路265號,高雄市林園區王公里仁愛路265號,高雄市,moe-cc-sites,門牌,1,0
2131,高雄市林園區鳳林路1段220號,高雄市林園區鳳林路1段220號,高雄市林園區鳳林路一段220號3F,高雄市,moe-cc-sites,門牌,2,0
2131,高雄市林園區鳳林路1段220號,高雄市林園區鳳林路1段220號,高雄市林園區鳳林路一段220號2樓,高雄市,moe-cc-sites,門牌,1,0
2132,高雄市桃源區北進巷50號,高雄市桃源區北進巷50號,高雄市桃源區北進巷50號,高雄市,moe-senior-centers,門牌,1,0
2133,高雄市桃源區南橫公路3段201號,高雄市桃源區南橫公路3段201號,高雄市桃源區南橫公路三段201號,高雄市,moe-cc-sites,門牌,1,0
2134,高雄市桃源區建山巷86之2號,高雄市桃源區建山巷86之2號,高雄市桃源區建山巷86-2號,高雄市,moe-cc-sites,門牌,1,0
2135,高雄市桃源區建山里86之2號,高雄市桃源區建山里86之2號,高雄市桃源區建山里86-2號,高雄市,moe-cc-sites,門牌,1,0
2136,高雄市桃源區拉芙蘭里南橫公路5段440號,高雄市桃源區拉芙蘭里南橫公路5段440號,高雄市桃源區拉芙蘭里南橫公路五段440號,高雄市,moe-school-directory,門牌,1,0
2137,高雄市桃源區桃源里南進巷151號,高雄市桃源區桃源里南進巷151號,高雄市桃源區桃源里南進巷151號,高雄市,moe-cc-sites,門牌,1,0
2138,高雄市桃源區桃源里南進巷196號,高雄市桃源區桃源里南進巷196號,高雄市桃源區桃源里南進巷196號,高雄市,moe-cc-sites,門牌,1,0
2139,梓官區和平路265號,高雄市梓官區和平路265號,梓官區和平路265號,高雄市,moe-cc-sites,門牌,1,0
2140,高雄市梓官區廣澤路3號,高雄市梓官區廣澤路3號,高雄市梓官區廣澤路3號,高雄市,moe-cc-sites,門牌,1,0
2141,高雄市梓官區智蚵里中正二街60號,高雄市梓官區智蚵里中正二街60號,高雄市梓官區智蚵里中正二街60號,高雄市,moe-school-directory,門牌,1,0
2142,高雄市梓官區梓官路361號,高雄市梓官區梓官路361號,高雄市梓官區梓官路361號,高雄市,moe-cc-sites,門牌,1,0
2143,高雄市梓官區漁港二路30號,高雄市梓官區漁港二路30號,高雄市梓官區漁港二路30號,高雄市,moe-cc-sites,門牌,1,0
2144,高雄市梓官區茄苳里嘉好路64巷1號,高雄市梓官區茄苳里嘉好路64巷1號,高雄市梓官區茄苳里嘉好路64巷1號,高雄市,moe-senior-centers,門牌,1,0
2145,高雄市梓官區赤崁西路24號,高雄市梓官區赤崁西路24號,高雄市梓官區赤崁西路24號,高雄市,moe-cc-sites,門牌,1,0
2146,高雄市梓官區赤崁西路80號,高雄市梓官區赤崁西路80號,高雄市梓官區赤崁西路80號,高雄市,moe-cc-sites,門牌,1,0
2147,高雄市梓官區通安路305巷65號,高雄市梓官區通安路305巷65號,高雄市梓官區通安路305巷65號,高雄市,moe-cc-sites,門牌,1,0
2148,高雄市楠梓區中和里大學西路567號,高雄市楠梓區中和里大學西路567號,高雄市楠梓區中和里大學西路567號,高雄市,moe-school-directory,門牌,1,0
2149,高雄市楠梓區土庫八街277號,高雄市楠梓區土庫八街277號,高雄市楠梓區土庫八街277號,高雄市,moe-cc-sites,門牌,1,0
2150,高雄市楠梓區土庫路81號,高雄市楠梓區土庫路81號,高雄市楠梓區土庫路81號,高雄市,moe-cc-sites,門牌,1,0
2151,高雄市楠梓區大學十一街500號,高雄市楠梓區大學十一街500號,高雄市楠梓區大學十一街500號,高雄市,moe-school-directory,門牌,1,0
2152,高雄市楠梓區宏毅二路南12巷2號,高雄市楠梓區宏毅二路南12巷2號,高雄市楠梓區宏毅二路南12巷2號,高雄市,moe-cc-sites,門牌,1,0
2153,高雄市楠梓區廣昌街175巷37號,高雄市楠梓區廣昌街175巷37號,高雄市楠梓區廣昌街175巷37號,高雄市,moe-cc-sites,門牌,1,0
2154,高雄市楠梓區後勁東路22號,高雄市楠梓區後勁東路22號,高雄市楠梓區後勁東路22號,高雄市,moe-cc-sites,門牌,1,0
2155,高雄市楠梓區後昌路765號,高雄市楠梓區後昌路765號,高雄市楠梓區後昌路765號2樓,高雄市,moe-cc-sites,門牌,1,0
2156,高雄市楠梓區德賢路380巷26號,高雄市楠梓區德賢路380巷26號,高雄市楠梓區德賢路380巷26號,高雄市,moe-cc-sites,門牌,1,0
2157,高雄市楠梓區惠春街190號,高雄市楠梓區惠春街190號,高雄市楠梓區惠春街190號,高雄市,moe-cc-sites,門牌,1,0
2158,高雄市楠梓區惠豐里青田街87號,高雄市楠梓區惠豐里青田街87號,高雄市楠梓區惠豐里青田街87號,高雄市,moe-cc-sites,門牌,1,0
2159,高雄市楠梓區慶昌街13號,高雄市楠梓區慶昌街13號,高雄市楠梓區慶昌街13號,高雄市,moe-cc-sites,門牌,1,0
2160,高雄市楠梓區旗楠路122號,高雄市楠梓區旗楠路122號,高雄市楠梓區旗楠路122號,高雄市,moe-cc-sites,門牌,1,0
2161,高雄市楠梓區楠梓東街23號,高雄市楠梓區楠梓東街23號,高雄市楠梓區楠梓東街23號,高雄市,moe-cc-sites,門牌,2,0
2162,高雄市楠梓區楠梓西巷45之1號,高雄市楠梓區楠梓西巷45之1號,高雄市楠梓區楠梓西巷45-1號,高雄市,moe-cc-sites,門牌,1,0
2163,高雄市楠梓區清豐二路142號,高雄市楠梓區清豐二路142號,高雄市楠梓區清豐二路142號,高雄市,moe-cc-sites,門牌,1,0
2164,高雄市楠梓區盛昌街161號,高雄市楠梓區盛昌街161號,高雄市楠梓區盛昌街161號,高雄市,moe-cc-sites,門牌,2,0
2165,高雄市楠梓區裕昌街312號,高雄市楠梓區裕昌街312號,高雄市楠梓區裕昌街312號2樓,高雄市,moe-cc-sites,門牌,1,0
2166,楠梓區軍校路880巷36弄18號,高雄市楠梓區軍校路880巷36弄18號,楠梓區軍校路880巷36弄18號,高雄市,moe-cc-sites,門牌,1,0
2166,高雄市楠梓區軍校路880巷36弄18號,高雄市楠梓區軍校路880巷36弄18號,高雄市楠梓區軍校路880巷36弄18號,高雄市,moe-cc-sites,門牌,1,0
2167,高雄市楠梓區青田街58號,高雄市楠梓區青田街58號,高雄市楠梓區青田街58號,高雄市,moe-cc-sites,門牌,1,0
2167,高雄市楠梓區青田街58號,高雄市楠梓區青田街58號,高雄市楠梓區青田街58號1 樓,高雄市,moe-cc-sites,門牌,1,0
2168,高雄市楠梓區青田街87號,高雄市楠梓區青田街87號,高雄市楠梓區青田街87號,高雄市,moe-cc-sites,門牌,1,0
2169,高雄市橋頭區橋頭火車站1號,高雄市橋頭區橋頭火車站1號,高雄市橋頭區橋頭火車站1號出口,高雄市,moe-cc-sites,門牌,1,0
2170,高雄市橋頭區興堂路2巷14號,高雄市橋頭區興堂路2巷14號,高雄市橋頭區興堂路2巷14號,高雄市,moe-cc-sites,門牌,1,0
2171,橋頭區興糖路3巷3號,高雄市橋頭區興糖路3巷3號,橋頭區興糖路3巷3號/捷運R22.3號出口,高雄市,moe-cc-sites,門牌,1,0
2172,高雄市橋頭區興糖路3號,高雄市橋頭區興糖路3號,高雄市橋頭區興糖路3號,高雄市,moe-cc-sites,門牌,1,0
2173,高雄市橋頭區興糖路9巷1號,高雄市橋頭區興糖路9巷1號,高雄市橋頭區興糖路9巷1號,高雄市,moe-cc-sites,門牌,1,0
2174,高雄市橋頭鄉興糖路4巷1號,高雄市橋頭鄉興糖路4巷1號,高雄市橋頭鄉興糖路4巷1號,高雄市,moe-cc-sites,門牌,1,0
2175,高雄市永安區光明九巷34號,高雄市永安區光明九巷34號,高雄市永安區光明九巷34號,高雄市,moe-senior-centers,門牌,1,0
2176,高雄市永安區新港里新興路66之1號,高雄市永安區新港里新興路66之1號,高雄市永安區新港里新興路66-1號,高雄市,moe-cc-sites,門牌,1,0
2177,高雄市永安區新興路27之2號,高雄市永安區新興路27之2號,高雄市永安區新興路27之2號,高雄市,moe-cc-sites,門牌,1,0
2178,高雄市湖內區葉厝里清水街50巷7號,高雄市湖內區葉厝里清水街50巷7號,高雄市湖內區葉厝里清水街50巷7號,高雄市,moe-cc-sites,門牌,1,0
2179,澄新四街28號,高雄市澄新四街28號,澄新四街28號,高雄市,moe-cc-sites,門牌,1,0
2180,澄新四街60號,高雄市澄新四街60號,澄新四街60號,高雄市,moe-cc-sites,門牌,1,0
2181,高雄市燕巢區尖山里紅山巷91號,高雄市燕巢區尖山里紅山巷91號,高雄市燕巢區尖山里紅山巷91 號,高雄市,moe-cc-sites,門牌,1,0
2182,.中心本部：燕巢區東燕里中華路177號,高雄市燕巢區東燕里中華路177號,.中心本部：燕巢區東燕里中華路177號,高雄市,moe-senior-centers,門牌,1,0
2183,高雄市燕巢區西燕里中民路592號,高雄市燕巢區西燕里中民路592號,高雄市燕巢區西燕里中民路592號,高雄市,moe-cc-sites,門牌,1,0
2184,高雄市田寮區七星路68之50號,高雄市田寮區七星路68之50號,高雄市田寮區七星路68之50號,高雄市,moe-cc-sites,門牌,1,0
2185,高雄市田寮區七星里6鄰七星路68之50號,高雄市田寮區七星里6鄰七星路68之50號,高雄市田寮區七星里6鄰七星路68之50號,高雄市,moe-cc-sites,門牌,1,0
2186,高雄市田寮區古亭路廟後巷1號,高雄市田寮區古亭路廟後巷1號,高雄市田寮區古亭路廟後巷1號,高雄市,moe-cc-sites,門牌,1,0
2187,高雄市田寮區崇德路91號,高雄市田寮區崇德路91號,高雄市田寮區崇德路91號,高雄市,moe-cc-sites,門牌,1,0
2188,高雄市田寮區崇德路9之1號,高雄市田寮區崇德路9之1號,高雄市田寮區崇德路9-1號,高雄市,moe-senior-centers,門牌,1,0
2189,高雄市田寮區崇德里崇德路101號,高雄市田寮區崇德里崇德路101號,高雄市田寮區崇德里崇德路101號,高雄市,moe-school-directory,門牌,1,0
2190,高雄市甲仙區中正路99巷12號,高雄市甲仙區中正路99巷12號,高雄市甲仙區中正路99巷12號,高雄市,moe-cc-sites,門牌,1,0
2191,高雄市甲仙區竹山巷18之3號,高雄市甲仙區竹山巷18之3號,高雄市甲仙區竹山巷18-3號,高雄市,moe-cc-sites,門牌,1,0
2192,盛昌街161號,高雄市盛昌街161號,盛昌街161號,高雄市,moe-cc-sites,門牌,1,0
2193,高雄市美濃區上興街55號,高雄市美濃區上興街55號,高雄市美濃區上興街55號,高雄市,moe-cc-sites,門牌,1,0
2194,高雄市美濃區中圳里民權路57號,高雄市美濃區中圳里民權路57號,高雄市美濃區中圳里民權路57號,高雄市,moe-cc-sites,門牌,1,0
2195,高雄市美濃區中山路1段23號,高雄市美濃區中山路1段23號,高雄市美濃區中山路一段23號,高雄市,moe-cc-sites,門牌,2,0
2196,高雄市美濃區中正路2段231號,高雄市美濃區中正路2段231號,高雄市美濃區中正路二段231號,高雄市,moe-cc-sites,門牌,1,0
2197,高雄市美濃區光明路102號,高雄市美濃區光明路102號,高雄市美濃區光明路102號,高雄市,moe-cc-sites,門牌,1,0
2198,高雄市美濃區廣林里13鄰廣福街153號,高雄市美濃區廣林里13鄰廣福街153號,高雄市美濃區廣林里13鄰廣福街153號,高雄市,moe-cc-sites,門牌,1,0
2199,高雄市美濃區廣林里廣福街152巷60之5號,高雄市美濃區廣林里廣福街152巷60之5號,高雄市美濃區廣林里廣福街152巷60-5號,高雄市,moe-cc-sites,門牌,1,0
2200,高雄市美濃區忠孝路1段19號,高雄市美濃區忠孝路1段19號,高雄市美濃區忠孝路一段19號,高雄市,moe-senior-centers,門牌,1,0
2201,高雄市美濃區忠孝路2段50之2號,高雄市美濃區忠孝路2段50之2號,高雄市美濃區忠孝路二段50-2號,高雄市,moe-cc-sites,門牌,1,0
2202,高雄市美濃區朝元95號,高雄市美濃區朝元95號,高雄市美濃區朝元95號,高雄市,moe-cc-sites,門牌,1,0
2203,高雄市美濃區民族路111巷3號,高雄市美濃區民族路111巷3號,高雄市美濃區民族路111巷3號,高雄市,moe-cc-sites,門牌,1,0
2204,高雄市美濃區民族路79號,高雄市美濃區民族路79號,高雄市美濃區民族路79號,高雄市,moe-cc-sites,門牌,1,0
2205,高雄市美濃區永安路201號,高雄市美濃區永安路201號,高雄市美濃區永安路201號,高雄市,moe-cc-sites,門牌,1,0
2206,高雄市美濃區永安路56號,高雄市美濃區永安路56號,高雄市美濃區永安路56號,高雄市,moe-cc-sites,門牌,1,0
2207,高雄市美濃區泰安路228號,高雄市美濃區泰安路228號,高雄市美濃區泰安路228號,高雄市,moe-cc-sites,門牌,1,0
2207,高雄市美濃區泰安路228號,高雄市美濃區泰安路228號,高雄市美濃區泰安路228號2樓,高雄市,moe-cc-sites,門牌,1,0
2208,高雄市美濃區環湖路81號,高雄市美濃區環湖路81號,高雄市美濃區環湖路81號斜前方雙層綠色貨櫃屋,高雄市,moe-cc-sites,門牌,1,0
2209,高雄市美濃區福安街15巷9之1號,高雄市美濃區福安街15巷9之1號,高雄市美濃區福安街15巷9-1號,高雄市,moe-cc-sites,門牌,1,0
2210,高雄市美濃區福美路281號,高雄市美濃區福美路281號,高雄市美濃區福美路281號,高雄市,moe-cc-sites,門牌,1,0
2211,高雄市美濃區福美路73巷5之5號,高雄市美濃區福美路73巷5之5號,高雄市美濃區福美路73巷5-5號,高雄市,moe-cc-sites,門牌,1,0
2212,高雄市美濃區美興街215號,高雄市美濃區美興街215號,高雄市美濃區美興街215號,高雄市,moe-cc-sites,門牌,2,0
2213,高雄市美濃區自強街1段415巷6弄6號,高雄市美濃區自強街1段415巷6弄6號,高雄市美濃區自強街一段415巷6弄6號,高雄市,moe-cc-sites,門牌,1,0
2214,高雄市美濃區雙峰街18號,高雄市美濃區雙峰街18號,高雄市美濃區雙峰街18號,高雄市,moe-cc-sites,門牌,1,0
2215,義華路166號,高雄市義華路166號,義華路166號,高雄市,moe-cc-sites,門牌,1,0
2216,自由一路50號,高雄市自由一路50號,自由一路50號,高雄市,moe-cc-sites,門牌,1,0
2217,自立一路535號,高雄市自立一路535號,自立一路535號,高雄市,moe-cc-sites,門牌,1,0
2218,臺塑六巷21號,高雄市臺塑六巷21號,台塑六巷21號,高雄市,moe-cc-sites,門牌,1,0
2219,高雄市興糖區3巷3號,高雄市興糖區3巷3號,高雄市興糖區3巷3號,高雄市,moe-cc-sites,門牌,1,0
2220,興糖路3巷3號,高雄市興糖路3巷3號,興糖路3巷3號,高雄市,moe-cc-sites,門牌,1,0
2220,興糖路3巷3號,高雄市興糖路3巷3號,興糖路3巷3號/捷運R22.3號出口,高雄市,moe-cc-sites,門牌,1,0
2221,高雄市苓雅區三多二路9號,高雄市苓雅區三多二路9號,高雄市苓雅區三多二路9號,高雄市,moe-cc-sites,門牌,1,0
2222,高雄市基督教女青年會：高雄市苓雅區五福三路101號,高雄市苓雅區五福三路101號,高雄市基督教女青年會：高雄市苓雅區五福三路101號9號。,高雄市,moe-senior-centers,門牌,1,0
2223,高雄市苓雅區同慶路108號,高雄市苓雅區同慶路108號,高雄市苓雅區同慶路108號3樓,高雄市,moe-cc-sites,門牌,1,0
2224,高雄市苓雅區建軍路2號,高雄市苓雅區建軍路2號,高雄市苓雅區建軍路2號,高雄市,moe-cc-sites,門牌,1,0
2225,高雄市苓雅區福壽街136號,高雄市苓雅區福壽街136號,高雄市苓雅區福壽街136號,高雄市,moe-cc-sites,門牌,1,0
2226,高雄市苓雅區福德三路93號,高雄市苓雅區福德三路93號,高雄市苓雅區福德三路93號2樓,高雄市,moe-cc-sites,門牌,1,0
2227,高雄市茄萣區光定里9鄰茄萣路1段201號,高雄市茄萣區光定里9鄰茄萣路1段201號,高雄市茄萣區光定里9鄰茄萣路一段201號,高雄市,moe-cc-sites,門牌,1,0
2228,高雄市路竹區下坑村太平路315號,高雄市路竹區下坑村太平路315號,高雄市路竹區下坑村太平路315號,高雄市,moe-cc-sites,門牌,1,0
2229,高雄市路竹區國昌路128號,高雄市路竹區國昌路128號,高雄市路竹區國昌路128號,高雄市,moe-cc-sites,門牌,1,0
2230,路竹區國昌路86巷9號,高雄市路竹區國昌路86巷9號,路竹區國昌路86巷9號,高雄市,moe-cc-sites,門牌,1,0
2231,高雄市那瑪夏區達卡努瓦里二鄰秀嶺巷82號,高雄市那瑪夏區達卡努瓦里二鄰秀嶺巷82號,高雄市那瑪夏區達卡努瓦里二鄰秀嶺巷82號,高雄市,moe-senior-centers,門牌,1,0
2232,重立路158號,高雄市重立路158號,重立路158號2樓,高雄市,moe-cc-sites,門牌,1,0
2233,金鼎路81號,高雄市金鼎路81號,金鼎路81號,高雄市,moe-cc-sites,門牌,1,0
2234,高雄市阿蓮區中正路381巷35號,高雄市阿蓮區中正路381巷35號,高雄市阿蓮區中正路381巷35號2樓,高雄市,moe-cc-sites,門牌,1,0
2235,高雄市阿蓮區中路里玄中路100號,高雄市阿蓮區中路里玄中路100號,高雄市阿蓮區中路里玄中路100號,高雄市,moe-school-directory,門牌,1,0
2236,高雄市阿蓮區民族路163號,高雄市阿蓮區民族路163號,高雄市阿蓮區民族路163號,高雄市,moe-senior-centers,門牌,1,0
2237,雄市旗津區中洲三路623號,高雄市雄市旗津區中洲三路623號,雄市旗津區中洲三路623號,高雄市,moe-senior-centers,門牌,1,0
2238,高坪27街328號,高雄市高坪27街328號,高坪27街328號,高雄市,moe-cc-sites,門牌,1,0
2239,高屏27街328號,高雄市高屏27街328號,高屏27街328號,高雄市,moe-cc-sites,門牌,1,0
2240,高雄市鳥松區?埔路4巷10號,高雄市鳥松區?埔路4巷10號,高雄市鳥松區?埔路4巷10號,高雄市,moe-cc-sites,門牌,2,0
2241,高雄市鳥松區仁美里學堂路2號,高雄市鳥松區仁美里學堂路2號,高雄市鳥松區仁美里學堂路2號,高雄市,moe-school-directory,門牌,2,0
2242,高雄市鳥松區坔埔路4巷10號,高雄市鳥松區坔埔路4巷10號,高雄市鳥松區坔埔路4巷10號,高雄市,moe-cc-sites,門牌,1,0
2243,高雄市鳥松區大同路23之5號,高雄市鳥松區大同路23之5號,高雄市鳥松區大同路23-5號旁,高雄市,moe-cc-sites,門牌,1,0
2243,高雄市鳥松區大同路23之5號,高雄市鳥松區大同路23之5號,高雄市鳥松區大同路23-5號,高雄市,moe-cc-sites,門牌,1,0
2244,高雄市鳳山區中崙二路397號,高雄市鳳山區中崙二路397號,高雄市鳳山區中崙二路397號,高雄市,moe-school-directory,門牌,1,0
2245,高雄市鳳山區中崙四路25號,高雄市鳳山區中崙四路25號,高雄市鳳山區中崙四路25號,高雄市,moe-school-directory,門牌,1,0
2246,高雄市鳳山區中正路215號,高雄市鳳山區中正路215號,高雄市鳳山區中正路215號,高雄市,moe-cc-sites,門牌,1,0
2246,鳳山區中正路215號,高雄市鳳山區中正路215號,鳳山區中正路215號,高雄市,moe-cc-sites,門牌,1,0
2247,高雄市鳳山區五權南路231號,高雄市鳳山區五權南路231號,高雄市鳳山區五權南路231號,高雄市,moe-cc-sites,門牌,1,0
2248,高雄市鳳山區保義街100號,高雄市鳳山區保義街100號,高雄市鳳山區保義街100號,高雄市,moe-school-directory,門牌,1,0
2249,高雄市鳳山區光復路1段103號,高雄市鳳山區光復路1段103號,高雄市鳳山區光復路一段103號3樓,高雄市,moe-cc-sites,門牌,1,0
2250,高雄市鳳山區光復路2段120號,高雄市鳳山區光復路2段120號,高雄市鳳山區光復路二段120號,高雄市,moe-cc-sites,門牌,2,0
2251,高雄市鳳山區凱旋路275號,高雄市鳳山區凱旋路275號,高雄市鳳山區凱旋路275號,高雄市,moe-cc-sites,門牌,1,0
2252,高雄市鳳山區勝利路10號,高雄市鳳山區勝利路10號,高雄市鳳山區勝利路10號,高雄市,moe-cc-sites,門牌,1,0
2253,高雄市鳳山區勝利路22號,高雄市鳳山區勝利路22號,高雄市鳳山區勝利路22號2樓,高雄市,moe-cc-sites,門牌,1,0
2254,高雄市鳳山區南江街183號,高雄市鳳山區南江街183號,高雄市鳳山區南江街183號,高雄市,moe-school-directory,門牌,1,0
2255,高雄市鳳山區南福街152巷15號,高雄市鳳山區南福街152巷15號,高雄市鳳山區南福街152巷15號,高雄市,moe-cc-sites,門牌,1,0
2256,高雄市鳳山區大德街82號,高雄市鳳山區大德街82號,高雄市鳳山區大德街82號,高雄市,moe-cc-sites,門牌,2,0
2257,高雄市鳳山區文衡里文殿街2號,高雄市鳳山區文衡里文殿街2號,高雄市鳳山區文衡里文殿街2號,高雄市,moe-cc-sites,門牌,1,0
2258,高雄市鳳山區東三巷101號,高雄市鳳山區東三巷101號,高雄市鳳山區東三巷101號,高雄市,moe-cc-sites,門牌,1,0
2259,高雄市鳳山區東五巷117號,高雄市鳳山區東五巷117號,高雄市鳳山區東五巷117號,高雄市,moe-cc-sites,門牌,1,0
2260,高雄市鳳山區武營路239巷23號,高雄市鳳山區武營路239巷23號,高雄市鳳山區武營路239巷23號,高雄市,moe-cc-sites,門牌,1,0
2261,高雄市鳳山區自治街83巷2號,高雄市鳳山區自治街83巷2號,高雄市鳳山區自治街83巷2號1樓,高雄市,moe-cc-sites,門牌,1,0
2262,高雄市鳳山區自由路201號,高雄市鳳山區自由路201號,高雄市鳳山區自由路201號,高雄市,moe-cc-sites,門牌,1,0
2263,高雄市鳳山區鎮北街102號,高雄市鳳山區鎮北街102號,高雄市鳳山區鎮北街102號,高雄市,moe-cc-sites,門牌,1,0
2264,高雄市鳳山區鳳仁路156之1號,高雄市鳳山區鳳仁路156之1號,高雄市鳳山區鳳仁路156-1號,高雄市,moe-cc-sites,門牌,1,0
2265,高雄市鳳山區黃埔新村國校巷78號,高雄市鳳山區黃埔新村國校巷78號,高雄市鳳山區黃埔新村國校巷78號,高雄市,moe-school-directory,門牌,1,0
2266,高雄市鳳山區黃埔新村東五巷124號,高雄市鳳山區黃埔新村東五巷124號,高雄市鳳山區黃埔新村東五巷124號,高雄市,moe-cc-sites,門牌,1,0
2267,高雄市鹽埕區中正四路272號,高雄市鹽埕區中正四路272號,高雄市鹽埕區中正四路272號,高雄市,moe-cc-sites,門牌,1,0
2268,高雄市鼓山區中華一路2133巷47號,高雄市鼓山區中華一路2133巷47號,高雄市鼓山區中華一路2133巷47號,高雄市,moe-cc-sites,門牌,3,0
2269,高雄市鼓山區中華一路25號,高雄市鼓山區中華一路25號,高雄市鼓山區中華一路25號,高雄市,moe-cc-sites,門牌,1,0
2270,高雄市鼓山區中華一路45號,高雄市鼓山區中華一路45號,高雄市鼓山區中華一路45號,高雄市,moe-cc-sites,門牌,1,0
2271,高雄市鼓山區慶豐街18號,高雄市鼓山區慶豐街18號,高雄市鼓山區慶豐街18號2樓,高雄市,moe-cc-sites,門牌,1,0
2272,高雄市鼓山區捷興二街18號,高雄市鼓山區捷興二街18號,高雄市鼓山區捷興二街18號,高雄市,moe-cc-sites,門牌,1,0
2273,高雄市鼓山區明華路315號,高雄市鼓山區明華路315號,高雄市鼓山區明華路315號7樓之3,高雄市,moe-cc-sites,門牌,1,0
2274,鼓山區河川街76巷6弄2號,高雄市鼓山區河川街76巷6弄2號,鼓山區河川街76巷6弄2號,高雄市,moe-cc-sites,門牌,2,0
2274,高雄市鼓山區河川街76巷6弄2號,高雄市鼓山區河川街76巷6弄2號,高雄市鼓山區河川街76巷6弄2號,高雄市,moe-cc-sites,門牌,1,0
2275,高雄市鼓山區河西一路211號,高雄市鼓山區河西一路211號,高雄市鼓山區河西一路211號,高雄市,moe-senior-centers,門牌,1,0
2276,高雄市鼓山區登山街36號,高雄市鼓山區登山街36號,高雄市鼓山區登山街36號,高雄市,moe-cc-sites,門牌,1,0
2277,高雄市鼓山區美術東一路28號,高雄市鼓山區美術東一路28號,高雄市鼓山區美術東一路28號,高雄市,moe-cc-sites,門牌,1,0
2278,高雄市鼓山區翠華路246號,高雄市鼓山區翠華路246號,高雄市鼓山區翠華路246號B1,高雄市,moe-cc-sites,門牌,1,0
2279,高雄市鼓山區西藏街239號,高雄市鼓山區西藏街239號,高雄市鼓山區西藏街239號,高雄市,moe-cc-sites,門牌,1,0
2280,高雄市鼓山區雄峰路18號,高雄市鼓山區雄峰路18號,高雄市鼓山區雄峰路18號,高雄市,moe-cc-sites,門牌,1,0
