address,lat,lng,matched_address,updated_at
.中心本部：燕巢區東燕里中華路177號,22.795258,120.365870,高雄市燕巢區東燕里2鄰中華路177號,2026-09-13
27彰化縣大城鄉中平路118號,23.853414,120.320799,彰化縣大城鄉大城村9鄰中平路118號,2026-09-13
BOOK◎思藝生活美學教室,22.627313,120.319913,高雄市苓雅區同慶里3鄰同慶路108號,2026-09-13
三民區九如一路720號,22.640193,120.322850,高雄市三民區安發里17鄰九如一路720號,2026-09-13
三民區光武路72號,22.638801,120.335243,高雄市三民區寶德里3鄰光武路72號,2026-09-13
三民區大裕路333號,22.661579,120.326728,高雄市三民區鼎西里1鄰大裕路333號,2026-09-13
三民區自立一路535號,22.650353,120.296483,高雄市三民區安宜里1鄰自立一路535號,2026-09-13
三灣鄉三灣村忠信路17號,24.649621,120.953587,苗栗縣三灣鄉三灣村15鄰忠信路17號,2026-09-13
三義鄉雙潭村雙連潭110之7號,24.408792,120.782670,苗栗縣三義鄉双潭村9鄰双連潭110之7號,2026-09-13
三芝區淡金路1段37號,25.259468,121.501149,新北市三芝區埔頭里29鄰淡金路一段37號,2026-09-13
三芝區淡金路1段38號,25.259371,121.501856,新北市三芝區埔頭里29鄰淡金路一段38號,2026-09-13
三重區三和路3段170巷49號,25.072680,121.490835,新北市三重區厚德里11鄰三和路三段170巷49號,2026-09-13
三重區三和路3段1號,25.070412,121.497293,新北市三重區奕壽里2鄰三和路三段1號,2026-09-13
中和區保健路44巷2號,24.997053,121.509260,新北市中和區安和里1鄰保健路44巷2號,2026-09-13
中和區興南路2段3巷17號,24.986176,121.508541,新北市中和區忠孝里11鄰興南路二段3巷17號,2026-09-13
中壢區崇德三路288號,24.991170,121.186963,桃園市中壢區月眉里16鄰崇德三路288號,2026-09-13
中壢區永樂路21號,24.953078,121.222587,桃園市中壢區石頭里12鄰永樂路21號,2026-09-13
中壢區青商路288號,25.008302,121.220268,桃園市中壢區青埔里10鄰青商路288號,2026-09-13
中洲寮保安宮,23.063632,120.216104,臺南市安南區州南里7鄰長和路三段96號,2026-09-13
中華一路2133巷47號,22.653691,120.296325,高雄市鼓山區龍子里37鄰中華一路2133巷47號,2026-09-13
中華一路25號,22.667630,120.289441,高雄市鼓山區裕興里1鄰中華一路25號,2026-09-13
九如一路232號,22.638009,120.336007,高雄市三民區寶德里1鄰九如一路232號,2026-09-13
九如鄉九如路2段205號,22.734440,120.488992,屏東縣九如鄉九清村1鄰九如路二段205號,2026-09-13
九如鄉九如路2段264號,22.734404,120.489576,屏東縣九如鄉東寧村16鄰九如路二段264號,2026-09-13
九如鄉九如路2段3之1號,22.726283,120.486469,屏東縣九如鄉九清村16鄰九如路二段3之1號,2026-09-13
九如鄉後庄村後庄路68號,22.746166,120.501244,屏東縣九如鄉後庄村12鄰後庄路68號,2026-09-13
二崙鄉崙西村中正路1號,23.769560,120.411245,雲林縣二崙鄉崙西村5鄰中正路1號,2026-09-13
二林鎮二溪路1段57號,23.901601,120.370428,彰化縣二林鎮北平里4鄰二溪路一段57號,2026-09-13
二林鎮五權街92巷25號,23.901224,120.379396,彰化縣二林鎮後厝里11鄰五權街92巷25號,2026-09-13
二林鎮南光里儒林路2段100之1號,23.892255,120.370976,彰化縣二林鎮南光里17鄰儒林路二段100號,2026-09-13
二林鎮南光里懷仁街8號,23.893959,120.366171,彰化縣二林鎮南光里23鄰懷仁街8號,2026-09-13
二林鎮後厝里長春路637號,23.897538,120.378885,彰化縣二林鎮後厝里13鄰長春路637號,2026-09-13
二林鎮東興里長青路臨139號,23.896308,120.377453,彰化縣二林鎮東興里12鄰長青路139號,2026-09-13
二林鎮萬合里太平路2段600號,23.916506,120.408331,彰化縣二林鎮萬合里9鄰太平路二段600號,2026-09-13
二林鎮西平里西和一街65號,23.897339,120.362070,彰化縣二林鎮西平里13鄰西和一街65號,2026-09-13
五權社大,24.142522,120.668576,臺中市西區安龍里1鄰五權路2之3號,2026-09-13
什三佃慶興宮,23.050955,120.198355,臺南市安南區原佃里5鄰本原街一段160號,2026-09-13
伸港鄉新港村自強路臨30號,24.143899,120.486868,彰化縣伸港鄉新港村17鄰自強路30號,2026-09-13
伸港鄉泉厝村泉厝路102號,24.149303,120.479948,彰化縣伸港鄉泉厝村7鄰泉厝路102號,2026-09-13
伸港鄉泉州村仁愛路123號,24.148081,120.482617,彰化縣伸港鄉泉州村11鄰仁愛路123號,2026-09-13
健行國小,24.159372,120.672764,臺中市北區健行里35鄰健行路666號,2026-09-13
先鋒路293號,22.678295,120.282510,高雄市左營區崇實里28鄰先鋒路293號,2026-09-13
內埔鄉大同路2段福泉路120號,22.636009,120.572958,屏東縣內埔鄉東勢村5鄰大同路二段102號,2026-09-13
內埔鄉廣濟路2號,22.609459,120.565999,屏東縣內埔鄉內埔村16鄰廣濟路2號,2026-09-13
內埔鄉東寧村民善路3號,22.622291,120.558731,屏東縣內埔鄉東寧村30鄰民善路3號,2026-09-13
內埔鄉科大路1段36號,22.632058,120.591177,屏東縣內埔鄉老埤村20鄰科大路一段36號,2026-09-13
內門區溝坪里廣福28之10號,22.996441,120.502940,高雄市內門區溝坪里3鄰廣福28之10號,2026-09-13
八德區介壽路2段361巷96號,24.947098,121.299926,桃園市八德區大順里2鄰介壽路二段361巷96號,2026-09-13
八德區僑愛一街135號,24.924115,121.294626,桃園市八德區瑞德里34鄰僑愛一街135號,2026-09-13
八里區忠八街2號,25.160305,121.419406,新北市八里區大崁里13鄰忠八街2號,2026-09-13
八里區龍米路2段96號,25.148000,121.445068,新北市八里區米倉里9鄰龍米路二段96號,2026-09-13
公親寮清水寺,23.077764,120.199532,臺南市安南區公親里3鄰公學路一段228號,2026-09-13
公館鄉南河村2鄰25號,24.530110,120.852514,苗栗縣公館鄉南河村2鄰南河25號,2026-09-13
十全一路220號,22.645974,120.305256,高雄市三民區安和里1鄰十全一路220號,2026-09-13
南寧路46號,25.036064,121.504598,臺北市萬華區富福里15鄰南寧路46號,2026-09-13
南州鄉米崙村中興路86號,22.484037,120.518546,屏東縣南州鄉米崙村8鄰中興路86號,2026-09-13
南平路470號,25.016845,121.294842,桃園市桃園區寶安里25鄰南平路470號,2026-09-13
南庄鄉東村文化路3號,24.600358,120.999305,苗栗縣南庄鄉東村15鄰文化路3號,2026-09-13
南投縣中寮鄉和興村永樂路143之2號,23.907057,120.809887,南投縣中寮鄉和興村8鄰永樂路143之12號,2026-09-13
南投縣中寮鄉永平路316號,23.880099,120.764751,南投縣中寮鄉永平村15鄰永平路316號,2026-09-13
南投縣中寮鄉永平路447之12號,23.894863,120.724398,南投縣中寮鄉義和村4鄰永平路447之12號,2026-09-13
南投縣中寮鄉永平路85之3號,23.869392,120.777202,南投縣中寮鄉廣興村11鄰永平路85之3號,2026-09-13
南投縣仁愛鄉春陽村3鄰龍山巷78號,24.027527,121.147454,南投縣仁愛鄉春陽村3鄰龍山巷78號,2026-09-13
南投縣信義鄉新鄉村新鄉路71號,23.640812,120.871167,南投縣信義鄉新鄉村5鄰新鄉路71號,2026-09-13
南投縣南投市三興里嶺興路66號,23.902932,120.666775,南投縣南投市三興里30鄰嶺興路66號,2026-09-13
南投縣南投市中興路156號,23.937411,120.695267,南投縣南投市內興里8鄰中興路156號,2026-09-13
南投縣南投市南崗二路85號,23.908898,120.678923,南投縣南投市三興里23鄰南崗二路85號,2026-09-13
南投縣南投市嶺興路210之3號,23.900771,120.657965,南投縣南投市三興里31鄰嶺興路210之3號,2026-09-13
南投縣南投市嶺興路68號,23.902738,120.666376,南投縣南投市三興里30鄰嶺興路68號,2026-09-13
南投縣南投市振興巷109號,23.908321,120.692832,南投縣南投市振興里19鄰振興巷109號,2026-09-13
南投縣南投市文化路532號,23.913842,120.673878,南投縣南投市漳和里30鄰文化路532號,2026-09-13
南投縣南投市民權街72巷18號,23.910197,120.686983,南投縣南投市仁和里1鄰民權街72巷18號,2026-09-13
南投縣南投市虎山路104號,23.960219,120.685414,南投縣南投市光輝里3鄰虎山路104號,2026-09-13
南投縣名間鄉彰南路220號,23.845071,120.697905,南投縣名間鄉中山村3鄰彰南路220號,2026-09-13
南投縣國姓鄉國姓村民族街40號,24.037587,120.855021,南投縣國姓鄉國姓村3鄰民族街40號,2026-09-13
南投縣國姓鄉國姓路237號,24.042285,120.858529,南投縣國姓鄉石門村8鄰國姓路237號,2026-09-13
南投縣埔里鎮大城里大城路169號,23.972022,120.952697,南投縣埔里鎮大城里13鄰大城路169號,2026-09-13
南投縣埔里鎮樹人三街281號,23.966383,120.977151,南投縣埔里鎮泰安里4鄰樹人三街281號,2026-09-13
南投縣埔里鎮隆生路99號,23.955302,120.965829,南投縣埔里鎮水頭里13鄰隆生路99號,2026-09-13
南投縣彰南路220號,23.845071,120.697905,南投縣名間鄉中山村3鄰彰南路220號,2026-09-13
南投縣水里鄉上安村水信路3段117之1號,23.731646,120.854143,南投縣水里鄉上安村9鄰水信路三段117之1號,2026-09-13
南投縣竹山鎮延正里延正路70號,23.772992,120.697891,南投縣竹山鎮延正里14鄰延正路70號,2026-09-13
南投縣草屯鎮中正路573號,23.980043,120.692170,南投縣草屯鎮富寮里22鄰中正路573號,2026-09-13
南投縣草屯鎮中正路864號,23.984237,120.686344,南投縣草屯鎮玉峰里16鄰中正路864號,2026-09-13
南投縣草屯鎮和興街55號,23.978561,120.684916,南投縣草屯鎮和平里11鄰和興街55號,2026-09-13
南投縣草屯鎮玉屏路210號,23.981281,120.687178,南投縣草屯鎮玉峰里3鄰玉屏路210號,2026-09-13
南投縣草屯鎮省府路407之59號,23.951771,120.672745,南投縣草屯鎮山腳里31鄰省府路407之61號,2026-09-13
南投縣草屯鎮碧山路640號,23.978024,120.674709,南投縣草屯鎮敦和里9鄰碧山路640號,2026-09-13
南投縣草屯鎮立人路781巷51號,23.960788,120.669110,南投縣草屯鎮碧洲里8鄰立人路781巷51號,2026-09-13
南投縣草屯鎮虎山路306號,23.964463,120.686220,南投縣草屯鎮山腳里5鄰虎山路306號,2026-09-13
南投縣集集鎮東昌巷4號,23.827310,120.799133,南投縣集集鎮永昌里9鄰東昌巷4號,2026-09-13
南投縣魚池鄉瓊文巷41號,23.898952,120.937311,南投縣魚池鄉魚池村21鄰瓊文巷41號,2026-09-13
南投縣魚池鄉魚池村魚池街354巷2號,23.897318,120.937541,南投縣魚池鄉魚池村16鄰魚池街354巷2號,2026-09-13
南投縣鹿谷鄉中正路2段174號,23.749270,120.752069,南投縣鹿谷鄉鹿谷村10鄰中正路二段174號,2026-09-13
南投縣鹿谷鄉竹林村光復路106之2號,23.727001,120.755472,南投縣鹿谷鄉竹林村12鄰光復路106之2號,2026-09-13
博愛一路372號,22.650968,120.303976,高雄市三民區安和里21鄰博愛一路372號,2026-09-13
博愛一路70號,22.643271,120.303301,高雄市三民區達德里1鄰博愛一路70號,2026-09-13
博愛三路453號,22.677800,120.306927,高雄市左營區新光里20鄰博愛三路453號,2026-09-13
原佃里活動中心,23.050464,120.197046,臺南市安南區原佃里6鄰本原街一段167巷36弄46號,2026-09-13
吉安國中體育館--花蓮縣吉安鄉中山路3段662號,23.983453,121.561241,花蓮縣吉安鄉慶豐村43鄰中山路三段662號,2026-09-13
員山鄉永同路2段186號,24.760807,121.720366,宜蘭縣員山鄉頭分村9鄰永同路二段186號,2026-09-13
員林市三橋里三橋街403號,23.975051,120.578215,彰化縣員林市三橋里16鄰三橋街403號,2026-09-13
員林市中山路2段107號,23.962928,120.570966,彰化縣員林市和平里13鄰中山路二段107號,2026-09-13
員林市中正路473巷10號,23.958818,120.571772,彰化縣員林市光明里6鄰中正路473巷10號,2026-09-13
員林市光明街141巷20號,23.954021,120.571741,彰化縣員林市惠來里3鄰光明街141巷20之1號,2026-09-13
員林市出水里出水巷13之1號,23.948910,120.608016,彰化縣員林市出水里5鄰出水巷13之1號,2026-09-13
員林市南昌路128號,23.954577,120.570786,彰化縣員林市惠來里6鄰南昌路128號,2026-09-13
員林市員東路1段402號,23.961888,120.591127,彰化縣員林市浮圳里15鄰員東路一段402號,2026-09-13
員林市員東路2段347號,23.958525,120.580387,彰化縣員林市忠孝里2鄰員東路二段347號,2026-09-13
員林市員水路2段421巷46弄7號,23.954531,120.578864,彰化縣員林市萬年里18鄰員水路二段421巷46弄7號,2026-09-13
員林市員水路2段421巷85號,23.953503,120.579377,彰化縣員林市萬年里17鄰員水路二段421巷85號,2026-09-13
員林市員水路2段465巷15弄19號,23.955156,120.578691,彰化縣員林市萬年里19鄰員水路二段465巷15弄19號,2026-09-13
員林市員鹿路140號,23.956962,120.565518,彰化縣員林市新生里27鄰員鹿路140號,2026-09-13
員林市大同路1段285巷71號,23.961343,120.577859,彰化縣員林市三和里11鄰大同路一段285巷71號,2026-09-13
員林市大同路1段295號,23.962088,120.579800,彰化縣員林市三和里11鄰大同路一段295號,2026-09-13
員林市大同路1段376號,23.964004,120.579643,彰化縣員林市三和里18鄰大同路一段376號,2026-09-13
員林市大同路2段5巷2號,23.966761,120.578517,彰化縣員林市三愛里3鄰大同路二段5巷2號,2026-09-13
員林市大同路2段72之1號,23.968445,120.578103,彰化縣員林市三愛里5鄰大同路二段72號之1,2026-09-13
員林市建國路185號,23.968212,120.578791,彰化縣員林市三愛里2鄰建國路185號,2026-09-13
員林市建國路289號,23.967395,120.576216,彰化縣員林市三信里6鄰建國路289號,2026-09-13
員林市新生路354號,23.963928,120.568844,彰化縣員林市南平里28鄰新生路354號,2026-09-13
員林市林森路127號,23.956326,120.577827,彰化縣員林市東和里3鄰林森路127號,2026-09-13
員林市永和街22號,23.950707,120.575025,彰化縣員林市黎明里23鄰永和街22號,2026-09-13
員林市永安街9號,23.969459,120.579425,彰化縣員林市三橋里4鄰永安街9號,2026-09-13
員林市永興街184號,23.970176,120.574702,彰化縣員林市三多里8鄰永興街184號,2026-09-13
員林市浮圳路1段200號,23.969678,120.594930,彰化縣員林市南東里18鄰浮圳路一段200號,2026-09-13
員林市育英路30號,23.958284,120.575490,彰化縣員林市中正里38鄰育英路30號,2026-09-13
員林市雙平路28號,23.964577,120.569964,彰化縣員林市和平里17鄰雙平路28號,2026-09-13
員林市龍富街61號,23.972723,120.568282,彰化縣員林市南平里17鄰龍富街61號,2026-09-13
善化區昌隆里148之3號,23.157414,120.317289,臺南市善化區昌隆里9鄰東勢寮148號之3,2026-09-13
善化區民權路214號,23.131407,120.298466,臺南市善化區光文里21鄰民權路214號,2026-09-13
嘉義市上海路27號,23.463830,120.430240,嘉義市西區車店里16鄰上海路27號,2026-09-13
嘉義市世賢路4段120號,23.461749,120.443772,嘉義市西區光路里1鄰世賢路四段120號,2026-09-13
嘉義市世賢路4段210號,23.461920,120.445950,嘉義市西區光路里17鄰世賢路四段210號,2026-09-13
嘉義市中山路616號,23.477293,120.440017,嘉義市西區書院里19鄰中山路616號,2026-09-13
嘉義市博愛路2段241號,23.479740,120.438300,嘉義市西區後驛里9鄰博愛路二段241號,2026-09-13
嘉義市友忠路555號,23.479800,120.435840,嘉義市西區福全里14鄰友忠路555號,2026-09-13
嘉義市國華街245號,23.479230,120.448340,嘉義市西區文化里14鄰國華街245號,2026-09-13
嘉義市圓福街37號,23.486420,120.464460,嘉義市東區王田里13鄰圓福街37號,2026-09-13
嘉義市垂楊路400號,23.474060,120.449880,嘉義市西區文化里1鄰垂楊路400號,2026-09-13
嘉義市垂楊路508號,23.473830,120.447150,嘉義市西區新富里1鄰垂楊路508號,2026-09-13
嘉義市埤竹路50號,23.490422,120.396703,嘉義市西區竹村里7鄰埤竹路50號,2026-09-13
嘉義市彌陀路255號,23.470250,120.464650,嘉義市東區新開里16鄰彌陀路255號,2026-09-13
嘉義市徐州五街90號,23.466190,120.437060,嘉義市西區福民里4鄰徐州五街90號,2026-09-13
嘉義市東區中山路616號,23.479660,120.449800,嘉義市東區中央里16鄰中山路309號,2026-09-13
嘉義市東區五福街119號,23.486690,120.467870,嘉義市東區王田里2鄰五福街119號,2026-09-13
嘉義市東區公義路1號,23.476265,120.463607,嘉義市東區短竹里11鄰公義路1號,2026-09-13
嘉義市東區垂楊路45號,23.474500,120.459660,嘉義市東區新開里12鄰垂楊路45號,2026-09-13
嘉義市東區大雅路2段285巷30號,23.476670,120.476930,嘉義市東區長竹里2鄰大雅路二段285巷30號,2026-09-13
嘉義市東區林森東路235號,23.488750,120.463110,嘉義市東區太平里11鄰林森東路235號,2026-09-13
嘉義市東區體育路2號,23.471280,120.461160,嘉義市東區新開里6鄰體育路2號,2026-09-13
嘉義市林森東路151號,23.487668,120.459504,嘉義市東區太平里18鄰林森東路151號,2026-09-13
嘉義市民權路278號,23.482856,120.451815,嘉義市東區北門里3鄰民權路278號,2026-09-13
嘉義市民權路304號,23.482600,120.451120,嘉義市東區北門里6鄰民權路304號,2026-09-13
嘉義市民生北路12號,23.474271,120.446940,嘉義市西區新富里1鄰民生北路12號,2026-09-13
嘉義市民生南路363號,23.460552,120.444151,嘉義市西區光路里16鄰民生南路363號,2026-09-13
嘉義市永利二街22號,23.473240,120.423490,嘉義市西區港坪里5鄰永利二街22號,2026-09-13
嘉義市永安街363號,23.470070,120.445440,嘉義市西區致遠里17鄰永安街363號,2026-09-13
嘉義市玉康路160號,23.472040,120.428110,嘉義市西區西平里16鄰玉康路160號,2026-09-13
嘉義市盧厝里盧義路39之1號,23.489350,120.484510,嘉義市東區盧厝里2鄰盧義路220號,2026-09-13
嘉義市福州七街65號,23.462200,120.432620,嘉義市西區福民里22鄰福州七街65號,2026-09-13
嘉義市竹文街97巷16號,23.481710,120.440860,嘉義市西區後驛里7鄰竹文街97巷16號,2026-09-13
嘉義市臺林街274號,23.498880,120.455580,嘉義市東區頂庄里9鄰臺林街274號,2026-09-13
嘉義市興業東路316號,23.469870,120.461170,嘉義市東區新開里21鄰興業東路316號,2026-09-13
嘉義市蘭井街465號,23.476640,120.441730,嘉義市西區書院里12鄰蘭井街465號,2026-09-13
嘉義市西區上海路27號,23.463830,120.430240,嘉義市西區車店里16鄰上海路27號,2026-09-13
嘉義市西區保安一路241號,23.492964,120.434966,嘉義市西區保生里10鄰保安一路241號,2026-09-13
嘉義市西區國華街245號,23.479230,120.448340,嘉義市西區文化里14鄰國華街245號,2026-09-13
嘉義市西區垂楊路400號,23.474060,120.449880,嘉義市西區文化里1鄰垂楊路400號,2026-09-13
嘉義市西區安東二街47號,23.493130,120.432430,嘉義市西區保生里13鄰安東二街47號,2026-09-13
嘉義市西區玉康路160號,23.472040,120.428110,嘉義市西區西平里16鄰玉康路160號,2026-09-13
嘉義市西區育人路613號,23.473370,120.406830,嘉義市西區頭港里4鄰育人路613號,2026-09-13
嘉義市西區蘭井街465號,23.476640,120.441730,嘉義市西區書院里12鄰蘭井街465號,2026-09-13
嘉義縣中埔鄉中埔村3鄰中埔11號,23.423416,120.528254,嘉義縣中埔鄉中埔村3鄰中埔11號,2026-09-13
嘉義縣中埔鄉仁義路96號,23.451920,120.470436,嘉義縣中埔鄉和美村7鄰仁義路96號,2026-09-13
嘉義縣中埔鄉同仁村1之10號,23.400340,120.511886,嘉義縣中埔鄉同仁村1鄰同仁1之10號,2026-09-13
嘉義縣中埔鄉和興路91號,23.442910,120.453581,嘉義縣中埔鄉和興村33鄰和興路91號,2026-09-13
嘉義縣中埔鄉金蘭村頂山門6之29號,23.444882,120.499456,嘉義縣中埔鄉金蘭村10鄰頂山門6之29號,2026-09-13
嘉義縣中埔鄉隆興村中正路515號,23.438366,120.527343,嘉義縣中埔鄉隆興村9鄰中正路515號,2026-09-13
嘉義縣大林鎮下潭底24之1號,23.595105,120.459031,嘉義縣大林鎮平林里6鄰下潭底24號之1,2026-09-13
嘉義縣大林鎮中山路55之1號,23.602114,120.455079,嘉義縣大林鎮吉林里2鄰中山路55號之1,2026-09-13
嘉義縣大林鎮中正路423號,23.602446,120.453604,嘉義縣大林鎮西林里12鄰中正路423號,2026-09-13
嘉義縣大林鎮中興路2段241號,23.604027,120.471495,嘉義縣大林鎮三和里12鄰中興路二段241號,2026-09-13
嘉義縣大林鎮平和街21之2號,23.602323,120.456435,嘉義縣大林鎮吉林里8鄰平和街21號之2,2026-09-13
嘉義縣大林鎮明華里下埤頭4鄰25號,23.600953,120.441727,嘉義縣大林鎮明華里4鄰下埤頭25號,2026-09-13
嘉義縣大林鎮民權路18號,23.600089,120.459151,嘉義縣大林鎮平林里32鄰民權路18號,2026-09-13
嘉義縣大林鎮民權路80號,23.599786,120.461605,嘉義縣大林鎮平林里34鄰民權路80號,2026-09-13
嘉義縣大林鎮民生路2號,23.596312,120.457450,嘉義縣大林鎮平林里7鄰民生路2號,2026-09-13
嘉義縣太保市嘉東勢里8鄰東勢寮83之1號,23.464638,120.304026,嘉義縣太保市東勢里8鄰東勢寮83之1號,2026-09-13
嘉義縣太保市太保里2鄰58號,23.458126,120.332396,嘉義縣太保市太保里2鄰太保58號,2026-09-13
嘉義縣太保市太保里66號,23.458916,120.332257,嘉義縣太保市太保里3鄰太保66號,2026-09-13
嘉義縣太保市祥和三路東段105號,23.454351,120.295860,嘉義縣太保市安仁里11鄰祥和三路東段105號,2026-09-13
嘉義縣太保市過溝里八德街692號,23.499258,120.359606,嘉義縣太保市過溝里1鄰八德街692號,2026-09-13
嘉義縣新港鄉公園路28之1號,23.553380,120.345647,嘉義縣新港鄉宮前村20鄰公園路28號之1,2026-09-13
嘉義縣新港鄉月眉村121之9號,23.520523,120.352286,嘉義縣新港鄉月眉村15鄰月眉潭121號之9,2026-09-13
嘉義縣新港鄉登雲路105號,23.555743,120.344974,嘉義縣新港鄉福德村1鄰登雲路105號,2026-09-13
嘉義縣新港鄉福德村21鄰福德路106號,23.558514,120.343813,嘉義縣新港鄉福德村21鄰福德路106號,2026-09-13
嘉義縣新港鄉福德路106號,23.558514,120.343813,嘉義縣新港鄉福德村21鄰福德路106號,2026-09-13
嘉義縣朴子市四維路1段551號,23.458153,120.245963,嘉義縣朴子市竹圍里26鄰四維路一段551號,2026-09-13
嘉義縣朴子市四維路2段78號,23.458746,120.241181,嘉義縣朴子市竹圍里14鄰四維路二段78號,2026-09-13
嘉義縣朴子市大葛里152之300號,23.456652,120.274689,嘉義縣朴子市大葛里22鄰大槺榔152號之300,2026-09-13
嘉義縣朴子市學府路2段92號,23.447679,120.286796,嘉義縣朴子市大葛里30鄰學府路二段92號,2026-09-13
嘉義縣朴子市山通路6號,23.467822,120.250386,嘉義縣朴子市安福里22鄰山通路6號,2026-09-13
嘉義縣朴子市山通路73號,23.464763,120.243980,嘉義縣朴子市文化里15鄰山通路73號,2026-09-13
嘉義縣朴子市文化南路69號,23.461837,120.241348,嘉義縣朴子市竹圍里11鄰文化南路69號,2026-09-13
嘉義縣朴子市文明路1之9號,23.464302,120.249637,嘉義縣朴子市安福里23鄰文明路1號之9,2026-09-13
嘉義縣朴子市新庄里新庄32號,23.423317,120.266438,嘉義縣朴子市新庄里3鄰新庄32號,2026-09-13
嘉義縣朴子市朴子三路6號,23.456598,120.288640,嘉義縣朴子市大葛里24鄰朴子三路6號,2026-09-13
嘉義縣朴子市海通路2之46號,23.464887,120.248561,嘉義縣朴子市平和里18鄰海通路2之46號,2026-09-13
嘉義縣朴子市竹圍里四維路2段78號,23.458746,120.241181,嘉義縣朴子市竹圍里14鄰四維路二段78號,2026-09-13
嘉義縣朴子市竹圍里文化南路69號,23.461837,120.241348,嘉義縣朴子市竹圍里11鄰文化南路69號,2026-09-13
嘉義縣朴子市開元里六鄰開元路118號,23.467826,120.245246,嘉義縣朴子市開元里6鄰開元路118號,2026-09-13
嘉義縣梅山鄉健康街91號,23.585753,120.560574,嘉義縣梅山鄉梅北村2鄰健康街91號,2026-09-13
嘉義縣梅山鄉梅東村中學路13號,23.572148,120.560438,嘉義縣梅山鄉梅東村3鄰中學路32號附6,2026-09-13
嘉義縣梅山鄉民生街1號,23.587213,120.551781,嘉義縣梅山鄉梅北村21鄰民生街1號,2026-09-13
嘉義縣梅山鄉環南路36號,23.578598,120.558279,嘉義縣梅山鄉梅南村1鄰環南路36號,2026-09-13
嘉義縣梅山鄉華山路160號,23.590238,120.555332,嘉義縣梅山鄉梅北村26鄰華山路160號,2026-09-13
嘉義縣民雄鄉中正大學共同教室大樓一樓R115教室,23.562521,120.474549,嘉義縣民雄鄉三興村7鄰大學路一段168號,2026-09-13
嘉義縣民雄鄉北斗村北勢子19號,23.533567,120.456681,嘉義縣民雄鄉北斗村3鄰北勢子19號,2026-09-13
嘉義縣民雄鄉北斗村正大路1段899號,23.533619,120.462999,嘉義縣民雄鄉北斗村16鄰正大路二段1626號,2026-09-13
嘉義縣民雄鄉大學路2段2183號,23.559910,120.445382,嘉義縣民雄鄉豊收村16鄰大學路二段2183號,2026-09-13
嘉義縣民雄鄉建國路1段95巷50號,23.556826,120.432492,嘉義縣民雄鄉東榮村19鄰建國路一段95巷50號,2026-09-13
嘉義縣民雄鄉建國路2段187之24號,23.539832,120.432258,嘉義縣民雄鄉文隆村17鄰建國路二段187號之24,2026-09-13
嘉義縣民雄鄉建國路2段265號,23.543373,120.432050,嘉義縣民雄鄉文隆村17鄰建國路二段265號,2026-09-13
嘉義縣民雄鄉新生一街1號,23.526387,120.448695,嘉義縣民雄鄉福樂村38鄰新生一街1號,2026-09-13
嘉義縣民雄鄉東勢湖174號,23.550380,120.440610,嘉義縣民雄鄉東湖村7鄰東勢湖174號,2026-09-13
嘉義縣民雄鄉東湖村174號,23.550380,120.440610,嘉義縣民雄鄉東湖村7鄰東勢湖174號,2026-09-13
嘉義縣民雄鄉民族路43號,23.555138,120.429436,嘉義縣民雄鄉中樂村24鄰民族路43號,2026-09-13
嘉義縣民雄鄉西安村14鄰西安路112之3號,23.558827,120.421579,嘉義縣民雄鄉西安村14鄰西安路112之3號,2026-09-13
嘉義縣民雄鄉西安路147號,23.557467,120.420724,嘉義縣民雄鄉西安村22鄰西安路147號,2026-09-13
嘉義縣水上鄉中和路233號,23.429994,120.398568,嘉義縣水上鄉水上村5鄰中和路233號,2026-09-13
嘉義縣水上鄉中正路127號,23.427467,120.399989,嘉義縣水上鄉水頭村11鄰中正路127號,2026-09-13
嘉義縣水上鄉中興路209號,23.429465,120.403283,嘉義縣水上鄉水頭村20鄰中興路209號,2026-09-13
嘉義縣水上鄉大崙村89之13號,23.440892,120.356172,嘉義縣水上鄉大崙村19鄰大崙89號之13,2026-09-13
嘉義縣水上鄉柳林村1701號,23.430738,120.412753,嘉義縣水上鄉柳林村12鄰柳子林1701號,2026-09-13
嘉義縣水上鄉正義路143號,23.428380,120.397766,嘉義縣水上鄉水上村1鄰正義路143號,2026-09-13
嘉義縣水上鄉水上村中正路189號,23.427555,120.397269,嘉義縣水上鄉水上村1鄰中正路189號,2026-09-13
嘉義縣水上鄉進學街45號,23.425320,120.395188,嘉義縣水上鄉水上村16鄰進學街45號,2026-09-13
嘉義縣溪口鄉柴林村柴林腳13號,23.604728,120.373722,嘉義縣溪口鄉柴林村2鄰柴林脚13號,2026-09-13
嘉義縣溪口鄉美南村10鄰天赦12之3號,23.585317,120.374181,嘉義縣溪口鄉美南村10鄰天赦12之3號,2026-09-13
嘉義縣番路鄉下坑村下坑30之10號,23.470543,120.541241,嘉義縣番路鄉下坑村8鄰下坑30之10號,2026-09-13
嘉義縣番路鄉下坑村菜公店101號,23.464498,120.554235,嘉義縣番路鄉下坑村4鄰菜公店101號,2026-09-13
嘉義縣番路鄉觸口村18鄰梅花一路1號,23.446752,120.582915,嘉義縣番路鄉觸口村18鄰梅花一路1號,2026-09-13
嘉義縣竹崎鄉中正路96號,23.523104,120.547936,嘉義縣竹崎鄉竹崎村26鄰中正路96號,2026-09-13
嘉義縣竹崎鄉元興路138號,23.484585,120.557478,嘉義縣竹崎鄉內埔村2鄰元興路138號,2026-09-13
嘉義縣竹崎鄉元興路2號,23.485431,120.562129,嘉義縣竹崎鄉內埔村7鄰元興路2號,2026-09-13
嘉義縣竹崎鄉和平村5鄰坑仔坪139之1號,23.517438,120.549271,嘉義縣竹崎鄉和平村7鄰坑仔坪139之1號,2026-09-13
嘉義縣竹崎鄉和平村羌仔科12附6號,23.522665,120.535380,嘉義縣竹崎鄉和平村11鄰羗仔科12附6號,2026-09-13
嘉義縣竹崎鄉竹崎村中山路76號,23.522790,120.550895,嘉義縣竹崎鄉竹崎村21鄰中山路76號,2026-09-13
嘉義縣阿里山鄉山美村3鄰51號,23.383833,120.668185,嘉義縣阿里山鄉山美村3鄰山美51號,2026-09-13
嘉義縣鹿草鄉松竹村68之2號,23.393648,120.290019,嘉義縣鹿草鄉松竹村8鄰竹子脚68號之2,2026-09-13
嘉義縣鹿草鄉豐稠村馬稠後農場61號,23.449564,120.277519,嘉義縣鹿草鄉豊稠村10鄰馬稠後農場61號,2026-09-13
國聖一街192號,24.984227,121.288542,桃園市桃園區中泰里2鄰國聖一街192號,2026-09-13
土城區中正路18號,24.975074,121.443010,新北市土城區員信里13鄰中正路18號,2026-09-13
土城區金城路2段247號,24.983456,121.456842,新北市土城區青雲里10鄰金城路二段247號,2026-09-13
土庫鎮石廟里中興路175號,23.682238,120.389775,雲林縣土庫鎮石廟里10鄰中興路175號,2026-09-13
埔心鄉油車村二抱路3段42號,23.970196,120.543726,彰化縣埔心鄉油車村9鄰二抱路三段42號,2026-09-13
埕南25,22.999608,120.196061,臺南市中西區兌悅里17鄰信義街25號,2026-09-13
基市安樂路2段183號,25.120870,121.723855,基隆市安樂區鶯歌里8鄰安樂路二段183號,2026-09-13
基隆市七堵區南興路37號,25.097074,121.714179,基隆市七堵區正光里7鄰南興路37號,2026-09-13
基隆市七堵區南興路63巷8弄13號,25.096974,121.714304,基隆市七堵區正光里7鄰南興路63巷8弄13號,2026-09-13
基隆市七堵區崇孝街48號,25.098268,121.709186,基隆市七堵區永安里12鄰崇孝街48號,2026-09-13
基隆市七堵區工建北路1之2號,25.087831,121.703577,基隆市七堵區六堵里10鄰工建北路1之1號,2026-09-13
基隆市七堵區永富路78之1號,25.099834,121.715572,基隆市七堵區富民里16鄰永富路78之1號,2026-09-13
基隆市七堵區百一街52之1號,25.081017,121.700388,基隆市七堵區實踐里26鄰百一街52之1號,2026-09-13
基隆市中山一路121號,25.132492,121.738218,基隆市中山區中山里15鄰中山一路121號,2026-09-13
基隆市中山區中和路85巷23號,25.148195,121.721460,基隆市中山區中和里31鄰中和路85巷23號,2026-09-13
基隆市中山區中華路42號,25.147903,121.738232,基隆市中山區通明里11鄰中華路42號,2026-09-13
基隆市中山區復興路206號,25.146430,121.726798,基隆市中山區德和里6鄰復興路206號,2026-09-13
基隆市中正區北寧路367號,25.140198,121.798852,基隆市中正區砂子里8鄰北寧路367號,2026-09-13
基隆市中正區平一路21之5號,25.155673,121.765341,基隆市中正區社寮里18鄰平一路21之5號,2026-09-13
基隆市中正區祥豐街66號,25.141968,121.763926,基隆市中正區砂灣里11鄰祥豐街66號,2026-09-13
基隆市中正路34號,25.133338,121.745016,基隆市中正區港通里20鄰中正路34號,2026-09-13
基隆市仁一路265巷16號,25.127654,121.747861,基隆市仁愛區和明里13鄰仁一路265巷16號,2026-09-13
基隆市仁一路7巷61號,25.127509,121.754425,基隆市信義區智慧里7鄰仁一路7巷61號,2026-09-13
基隆市仁三路11之9號,25.127936,121.743919,基隆市仁愛區玉田里5鄰仁三路11之9號,2026-09-13
基隆市仁二路135號,25.127488,121.746796,基隆市仁愛區智仁里15鄰仁二路135號,2026-09-13
基隆市仁二路137巷2弄1之3號,25.126074,121.745785,基隆市仁愛區和明里14鄰仁二路137巷2弄1之3號,2026-09-13
基隆市仁二路139號,25.127959,121.746008,基隆市仁愛區和明里5鄰仁二路139號,2026-09-13
基隆市仁愛區仁五路8號,25.127319,121.741352,基隆市仁愛區博愛里8鄰仁五路8號,2026-09-13
基隆市仁愛區劉銘傳路1號,25.127872,121.751037,基隆市仁愛區水錦里16鄰劉銘傳路1號,2026-09-13
基隆市仁愛區孝二路39號,25.128878,121.739396,基隆市仁愛區同風里10鄰孝二路39號,2026-09-13
基隆市仁愛區愛三路37號,25.128087,121.742262,基隆市仁愛區仁德里9鄰愛三路37號,2026-09-13
基隆市仁愛區愛三路9號,25.127377,121.741752,基隆市仁愛區博愛里8鄰愛三路9號,2026-09-13
基隆市仁愛區愛二路9號,25.128339,121.741481,基隆市仁愛區博愛里18鄰愛二路9號,2026-09-13
基隆市仁愛區愛四路28巷6號,25.128364,121.744120,基隆市仁愛區玉田里3鄰愛四路28巷6號,2026-09-13
基隆市信一路141巷25號,25.130075,121.747491,基隆市信義區仁壽里6鄰信一路141巷25號,2026-09-13
基隆市信二路157號,25.129359,121.752618,基隆市信義區義昭里5鄰信二路157號,2026-09-13
基隆市信二路40號,25.130176,121.756790,基隆市信義區義和里3鄰信二路40號,2026-09-13
基隆市信義區仁一路7巷61號,25.127509,121.754425,基隆市信義區智慧里7鄰仁一路7巷61號,2026-09-13
基隆市信義區東信路322之1號,25.128721,121.759984,基隆市信義區信綠里6鄰東信路322之1號,2026-09-13
基隆市信義區東明路67巷7號,25.126929,121.762437,基隆市信義區禮東里5鄰東明路67巷7號,2026-09-13
基隆市信義區深澳坑路75號,25.126927,121.785431,基隆市信義區孝深里10鄰深澳坑路75號,2026-09-13
基隆市北寧路396巷52號,25.138063,121.797204,基隆市中正區砂子里11鄰北寧路396巷52號,2026-09-13
基隆市基金一路41號,25.135971,121.720253,基隆市安樂區興寮里1鄰基金一路41號,2026-09-13
基隆市基金二路3巷1號,25.142742,121.702631,基隆市安樂區中崙里6鄰基金二路3巷1之1號,2026-09-13
基隆市基金二路3巷3號,25.143024,121.702299,基隆市安樂區中崙里6鄰基金二路3巷3號,2026-09-13
基隆市孝二路47號,25.129229,121.739676,基隆市仁愛區文昌里12鄰孝二路47號,2026-09-13
基隆市安樂區基金二路3巷1號,25.142742,121.702631,基隆市安樂區中崙里6鄰基金二路3巷1之1號,2026-09-13
基隆市安樂區安一路260號,25.132751,121.730443,基隆市安樂區慈仁里11鄰安一路260號,2026-09-13
基隆市安樂區安一路370巷22號,25.135140,121.728877,基隆市安樂區干城里19鄰安一路370巷22號,2026-09-13
基隆市安樂區安和一街10號,25.122835,121.723082,基隆市安樂區七賢里15鄰安和一街10號,2026-09-13
基隆市安樂區安和一街2巷12之1號,25.121990,121.724226,基隆市安樂區七賢里2鄰安和一街2巷12之1號,2026-09-13
基隆市安樂區安和一街2巷12號,25.121990,121.724226,基隆市安樂區七賢里2鄰安和一街2巷12號,2026-09-13
基隆市安樂區崇德路12巷2號,25.130976,121.730297,基隆市安樂區永康里10鄰崇德路12巷2號,2026-09-13
基隆市安樂路2段164號,25.121030,121.723205,基隆市安樂區鶯歌里5鄰安樂路二段164號,2026-09-13
基隆市安樂路2段183之5號,25.120870,121.723855,基隆市安樂區鶯歌里8鄰安樂路二段183之5號,2026-09-13
基隆市安樂路2段183號,25.120870,121.723855,基隆市安樂區鶯歌里8鄰安樂路二段183號,2026-09-13
基隆市崇德路12巷2之4號,25.130976,121.730297,基隆市安樂區永康里10鄰崇德路12巷2號,2026-09-13
基隆市復興路206號,25.146430,121.726798,基隆市中山區德和里6鄰復興路206號,2026-09-13
基隆市忠二路29號,25.130136,121.739758,基隆市仁愛區新店里4鄰忠二路29號,2026-09-13
基隆市愛一路34號,25.129577,121.741712,基隆市仁愛區仁德里22鄰愛一路34號,2026-09-13
基隆市愛三路112號,25.129239,121.743364,基隆市仁愛區仁德里2鄰愛三路112號,2026-09-13
基隆市愛三路118號,25.129535,121.743560,基隆市仁愛區仁德里1鄰愛三路118號,2026-09-13
基隆市愛三路87號,25.129377,121.743069,基隆市仁愛區仁德里16鄰愛三路87號,2026-09-13
基隆市愛三路9號,25.127377,121.741752,基隆市仁愛區博愛里8鄰愛三路9號,2026-09-13
基隆市成功一路133巷5號,25.128474,121.735991,基隆市仁愛區光華里28鄰成功一路133巷5號,2026-09-13
基隆市明德一路184號,25.097750,121.713618,基隆市七堵區永平里7鄰明德一路184號,2026-09-13
基隆市暖暖區過港路54號,25.104870,121.738265,基隆市暖暖區過港里7鄰過港路54號,2026-09-13
基隆市暖碇路181號,25.096822,121.756077,基隆市暖暖區碇安里4鄰暖碇路181號,2026-09-13
基隆市月眉路250巷22號,25.124778,121.756744,基隆市信義區智誠里1鄰月眉路250巷22號,2026-09-13
基隆市東信路324號,25.129341,121.759479,基隆市信義區義和里13鄰東信路324號,2026-09-13
基隆市東新街3號,25.092501,121.714059,基隆市七堵區長興里19鄰東新街3號,2026-09-13
基隆市樂利三街34巷52號,25.124901,121.713558,基隆市安樂區五福里18鄰樂利三街34巷52號,2026-09-13
基隆市正信路8號,25.130069,121.761505,基隆市信義區信綠里2鄰正信路8號,2026-09-13
基隆市水源路42之1號,25.088088,121.728530,基隆市暖暖區暖西里5鄰水源路42之1號,2026-09-13
基隆市深溪路55巷71號,25.132563,121.781486,基隆市信義區孝忠里19鄰深溪路55巷71號,2026-09-13
基隆市深美街198號,25.137471,121.777308,基隆市信義區孝忠里28鄰深美街198號,2026-09-13
基隆市港西街4號,25.132623,121.740088,基隆市仁愛區文昌里16鄰港西街4號,2026-09-13
基隆市獅球路6號,25.125820,121.738464,基隆市仁愛區光華里1鄰獅球路6號,2026-09-13
基隆市獅球路8之1號,25.124983,121.737990,基隆市仁愛區光華里1鄰獅球路8之1號,2026-09-13
基隆市百一街52之1號,25.081017,121.700388,基隆市七堵區實踐里26鄰百一街52之1號,2026-09-13
基隆市碇內街100號,25.095475,121.753841,基隆市暖暖區碇祥里2鄰碇內街100號,2026-09-13
基隆市義一路18號,25.131951,121.745265,基隆市中正區港通里14鄰義一路18號,2026-09-13
基隆市義一路2號,25.130853,121.744452,基隆市中正區港通里16鄰義一路2號,2026-09-13
基隆市義一路87號,25.134697,121.746654,基隆市中正區港通里27鄰義一路87號,2026-09-13
基隆市義三路4巷12號,25.129793,121.746871,基隆市信義區仁壽里5鄰義三路4巷12號,2026-09-13
基隆市義二路49號,25.131591,121.745607,基隆市中正區德義里2鄰義二路49號,2026-09-13
基隆市自來街13巷5之2號,25.127624,121.738968,基隆市仁愛區明德里2鄰自來街13巷5之2號,2026-09-13
基隆市過港路52號,25.104562,121.738652,基隆市暖暖區過港里7鄰過港路52號,2026-09-13
基隆市麥金路177號,25.121287,121.719509,基隆市安樂區鶯安里21鄰麥金路177號,2026-09-13
基隆市麥金路439巷2號,25.126078,121.718989,基隆市安樂區三民里14鄰麥金路439巷2號,2026-09-13
大園區中山南路351號,25.058694,121.202992,桃園市大園區橫峰里13鄰中山南路351號,2026-09-13
大園區中正西路46號,25.063594,121.194175,桃園市大園區田心里7鄰中正西路46號,2026-09-13
大園區大園里32鄰新生路106號,25.064065,121.200196,桃園市大園區大園里32鄰新生路106號,2026-09-13
大園區大觀路118號,25.065997,121.193567,桃園市大園區田心里1鄰大觀路118號,2026-09-13
大園區新生路12號,25.066434,121.198681,桃園市大園區大園里24鄰新生路12號,2026-09-13
大園區橫峰里水源路13號,25.058714,121.201297,桃園市大園區橫峰里13鄰水源路13號,2026-09-13
大園區潮音二路277巷30號,25.074703,121.168811,桃園市大園區北港里8鄰潮音二路277巷30號,2026-09-13
大園鄉大觀路118號,25.065997,121.193567,桃園市大園區田心里1鄰大觀路118號,2026-09-13
大寮區力行路88之1號,22.603329,120.399462,高雄市大寮區會社里35鄰力行路88之1號,2026-09-13
大寮國中,22.602926,120.392660,高雄市大寮區永芳里27鄰進學路150號,2026-09-13
大成國中,22.978611,120.197991,臺南市南區大成里6鄰西門路一段306號,2026-09-13
大樹區久堂路140號,22.658114,120.417745,高雄市大樹區久堂里47鄰久堂路140號,2026-09-13
大武村民族街29號,22.363357,120.907025,臺東縣大武鄉大武村3鄰民族街29之2號,2026-09-13
大甲區和平路223號,24.353849,120.621321,臺中市大甲區文武里5鄰和平路223號,2026-09-13
大甲區大安港路53巷3號,24.349680,120.615836,臺中市大甲區庄美里12鄰大安港路53巷3號,2026-09-13
大甲區德興路61號,24.349826,120.625425,臺中市大甲區文武里20鄰德興路61號,2026-09-13
大甲區經國路95巷13號,24.342206,120.616734,臺中市大甲區新美里1鄰經國路95巷13號,2026-09-13
大甲區義和里中山路1段484巷45號,24.337634,120.618673,臺中市大甲區義和里4鄰中山路一段484巷45號,2026-09-13
大甲區育德路233號,24.350762,120.626139,臺中市大甲區文武里20鄰育德路233號,2026-09-13
大甲區通天路110之2號,24.374844,120.658230,臺中市大甲區太白里1鄰通天路110之2號,2026-09-13
大甲區順天路146號,24.344953,120.622446,臺中市大甲區大甲里4鄰順天路146號,2026-09-13
大興西路3段380巷355號,25.005986,121.282380,桃園市桃園區中成里5鄰大興西路三段380巷355號,2026-09-13
大順二路468號,22.649315,120.325014,高雄市三民區寶珠里2鄰大順二路468號,2026-09-13
太平國小,24.149242,120.682036,臺中市北區錦平里16鄰太平路74號,2026-09-13
宜蘭市復興路2段77號,24.749036,121.746853,宜蘭縣宜蘭市文化里9鄰復興路二段77號,2026-09-13
宜蘭縣五結鄉中正路2段7巷11號,24.693537,121.768943,宜蘭縣五結鄉四結村19鄰中正路二段7巷11號,2026-09-13
宜蘭縣五結鄉二結路339號,24.708874,121.770966,宜蘭縣五結鄉鎮安村3鄰二結路339號,2026-09-13
宜蘭縣五結鄉五濱路2段201號,24.685894,121.824071,宜蘭縣五結鄉季新村24鄰五濱路二段201號,2026-09-13
宜蘭縣五結鄉五結路2段343號,24.684704,121.798371,宜蘭縣五結鄉五結村2鄰五結路二段343號,2026-09-13
宜蘭縣五結鄉五結路2段370號,24.685315,121.799042,宜蘭縣五結鄉五結村5鄰五結路二段370號,2026-09-13
宜蘭縣五結鄉鎮安村西河六路268號,24.707529,121.759294,宜蘭縣五結鄉鎮安村18鄰西河六路268號,2026-09-13
宜蘭縣冬山鄉冬山路100號,24.634419,121.792679,宜蘭縣冬山鄉南興村9鄰冬山路100號,2026-09-13
宜蘭縣冬山鄉冬山路3段334號,24.659659,121.777161,宜蘭縣冬山鄉群英村4鄰冬山路三段334號,2026-09-13
宜蘭縣冬山鄉冬山路5段51號,24.667694,121.774876,宜蘭縣冬山鄉群英村9鄰冬山路五段51號,2026-09-13
宜蘭縣冬山鄉冬山路98之2號,24.633591,121.794221,宜蘭縣冬山鄉南興村8鄰冬山路98之2號,2026-09-13
宜蘭縣冬山鄉得安村下湖路218之1號,24.646065,121.745821,宜蘭縣冬山鄉得安村16鄰下湖路218之1號,2026-09-13
宜蘭縣冬山鄉義成路2段378巷87號,24.653692,121.764801,宜蘭縣冬山鄉順安村27鄰義成路二段378巷87號,2026-09-13
宜蘭縣冬山鄉義成路3段162巷130號,24.658748,121.769880,宜蘭縣冬山鄉順安村3鄰義成路三段162巷130號,2026-09-13
宜蘭縣南澳鄉中正路15號,24.467302,121.800587,宜蘭縣南澳鄉南澳村3鄰中正路15號,2026-09-13
宜蘭縣南澳鄉蘇花路2段379巷2號,24.466343,121.803621,宜蘭縣南澳鄉南澳村2鄰蘇花路二段379巷2號,2026-09-13
宜蘭縣員山鄉員山路3段500巷1號,24.691674,121.632111,宜蘭縣員山鄉中華村13鄰員山路三段500巷1號,2026-09-13
宜蘭縣員山鄉永同路2段186號,24.760807,121.720366,宜蘭縣員山鄉頭分村9鄰永同路二段186號,2026-09-13
宜蘭縣大同鄉崙埤村朝陽10之9號,24.678457,121.608901,宜蘭縣大同鄉崙埤村4鄰朝陽10之9號,2026-09-13
宜蘭縣宜蘭市中山路2段68巷12弄2號,24.745260,121.756028,宜蘭縣宜蘭市神農里5鄰中山路二段68巷12弄2號,2026-09-13
宜蘭縣宜蘭市國榮路6號,24.753195,121.749887,宜蘭縣宜蘭市民族里8鄰國榮路6號,2026-09-13
宜蘭縣宜蘭市女中路3段62號,24.746348,121.740341,宜蘭縣宜蘭市思源里9鄰女中路三段62號,2026-09-13
宜蘭縣宜蘭市宜興路3段67號,24.767984,121.760025,宜蘭縣宜蘭市新生里13鄰宜興路三段67號,2026-09-13
宜蘭縣宜蘭市環河路111號,24.762304,121.750857,宜蘭縣宜蘭市北門里14鄰環河路111號,2026-09-13
宜蘭縣宜蘭市陽明路131巷93號,24.746189,121.758543,宜蘭縣宜蘭市東村里10鄰陽明路131巷93號,2026-09-13
宜蘭縣宜蘭市黎明二路239之1號,24.744821,121.774204,宜蘭縣宜蘭市黎明里4鄰黎明二路239之1號,2026-09-13
宜蘭縣礁溪鄉中山路1段326號,24.822908,121.771546,宜蘭縣礁溪鄉六結村5鄰中山路一段326號,2026-09-13
宜蘭縣礁溪鄉德陽路106號,24.829006,121.768507,宜蘭縣礁溪鄉德陽村9鄰德陽路106號,2026-09-13
宜蘭縣礁溪鄉礁溪路4段135號,24.821688,121.768531,宜蘭縣礁溪鄉大忠村7鄰礁溪路四段135號,2026-09-13
宜蘭縣羅東鎮中山路2段123號,24.673147,121.782842,宜蘭縣羅東鎮東安里3鄰中山路二段123號,2026-09-13
宜蘭縣羅東鎮中山路2段506號,24.675294,121.774970,宜蘭縣羅東鎮東安里11鄰中山路二段506號,2026-09-13
宜蘭縣蘇澳鎮勝利路1號,24.592792,121.854053,宜蘭縣蘇澳鎮長安里2鄰勝利路1號,2026-09-13
宜蘭縣蘇澳鎮育才路6號,24.594691,121.836236,宜蘭縣蘇澳鎮聖湖里16鄰育才路6號,2026-09-13
宜蘭縣蘇澳鎮長安里勝利路1之1號,24.592792,121.854053,宜蘭縣蘇澳鎮長安里2鄰勝利路1號,2026-09-13
宜蘭縣蘇澳鎮隘丁路36號,24.617804,121.835903,宜蘭縣蘇澳鎮隘丁里6鄰隘丁路36號,2026-09-13
寶山鄉雙園路2段310號,24.765726,120.990551,新竹縣寶山鄉雙溪村9鄰雙園路二段310號,2026-09-13
將軍區巷埔里北埔89之9號,23.229252,120.142692,臺南市將軍區巷埔里10鄰北埔89之9號,2026-09-13
屏東市中山路58號,22.674862,120.485216,屏東縣屏東市大同里14鄰中山路58號,2026-09-13
屏東市公義街17號,22.682874,120.496693,屏東縣屏東市仁愛里2鄰公義街17號,2026-09-13
屏東市公裕街300號,22.690284,120.493441,屏東縣屏東市北興里17鄰公裕街300號,2026-09-13
屏東市北興里公裕街300號,22.690284,120.493441,屏東縣屏東市北興里17鄰公裕街300號,2026-09-13
屏東市建豐路84巷8號,22.675916,120.507661,屏東縣屏東市豐年里1鄰建豐路84巷8號,2026-09-13
屏東市成功路163號,22.675215,120.484102,屏東縣屏東市光榮里12鄰成功路163號,2026-09-13
屏東市民貴二街56號,22.674928,120.497500,屏東縣屏東市豐榮里12鄰民貴二街56號,2026-09-13
屏東市自由路270號,22.673264,120.495546,屏東縣屏東市公園里1鄰自由路270號,2026-09-13
屏東市莊敬街2段13號,22.687468,120.503208,屏東縣屏東市中正里27鄰莊敬街二段13號,2026-09-13
屏東縣三地門鄉三地村中正路2段29巷7號,22.715344,120.651764,屏東縣三地門鄉三地村12鄰中正路二段29巷7號,2026-09-13
屏東縣九如鄉九如路2段205號,22.734440,120.488992,屏東縣九如鄉九清村1鄰九如路二段205號,2026-09-13
屏東縣九如鄉後庄村後庄路68號,22.746166,120.501244,屏東縣九如鄉後庄村12鄰後庄路68號,2026-09-13
屏東縣佳冬鄉佳冬村溝渚路151號,22.417354,120.550068,屏東縣佳冬鄉佳冬村4鄰溝渚路151號,2026-09-13
屏東縣佳冬鄉佳和路1之23號,22.402182,120.565554,屏東縣佳冬鄉賴家村10鄰佳和路1之57號,2026-09-13
屏東縣佳冬鄉佳和路78號,22.414559,120.553055,屏東縣佳冬鄉佳冬村2鄰佳和路78號,2026-09-13
屏東縣佳冬鄉啟南路57號,22.417795,120.549520,屏東縣佳冬鄉佳冬村21鄰啟南路57之1號,2026-09-13
屏東縣佳冬鄉大同村武丁路33號,22.450808,120.537645,屏東縣佳冬鄉大同村6鄰武丁路33號,2026-09-13
屏東縣佳冬鄉民學路81號,22.426776,120.565186,屏東縣佳冬鄉玉光村21鄰民學路81號,2026-09-13
屏東縣佳冬鄉豐隆村大東路20之3號,22.453607,120.549767,屏東縣佳冬鄉豐隆村9鄰大東路17之6號,2026-09-13
屏東縣佳冬鄉豐隆村西昌路18之5號,22.448875,120.558219,屏東縣佳冬鄉豐隆村3鄰西昌路18之5號,2026-09-13
屏東縣來義鄉古樓村中正路94號,22.526193,120.631554,屏東縣來義鄉古樓村14鄰中正路94號,2026-09-13
屏東縣內埔鄉光復路31號,22.646271,120.584863,屏東縣內埔鄉東片村9鄰光復路31號,2026-09-13
屏東縣內埔鄉大同路2段福泉路120號,22.636009,120.572958,屏東縣內埔鄉東勢村5鄰大同路二段102號,2026-09-13
屏東縣內埔鄉大同路4段262號,22.653976,120.590452,屏東縣內埔鄉東片村8鄰大同路四段262號,2026-09-13
屏東縣內埔鄉廣濟路2號,22.609459,120.565999,屏東縣內埔鄉內埔村16鄰廣濟路2號,2026-09-13
屏東縣內埔鄉東勢村大同路2段福泉巷120號,22.631271,120.575867,屏東縣內埔鄉東勢村35鄰大同路二段福泉巷120號,2026-09-13
屏東縣內埔鄉東寧村平昌街33號,22.618366,120.566253,屏東縣內埔鄉東寧村12鄰平昌街33號,2026-09-13
屏東縣內埔鄉東寧村民善路3號,22.622291,120.558731,屏東縣內埔鄉東寧村30鄰民善路3號,2026-09-13
屏東縣內埔鄉科大路1段36號,22.632058,120.591177,屏東縣內埔鄉老埤村20鄰科大路一段36號,2026-09-13
屏東縣內埔鄉隘寮村清涼路1段453號,22.696711,120.629498,屏東縣內埔鄉隘寮村6鄰清涼路一段453號,2026-09-13
屏東縣南州鄉中興路86號,22.484037,120.518546,屏東縣南州鄉米崙村8鄰中興路86號,2026-09-13
屏東縣南州鄉人和路235號,22.486427,120.503278,屏東縣南州鄉溪南村4鄰人和路235號,2026-09-13
屏東縣南州鄉仁里村仁里路11號,22.490386,120.509925,屏東縣南州鄉仁里村1鄰仁里路11號,2026-09-13
屏東縣屏東市仁愛路27之3號,22.669130,120.491611,屏東縣屏東市金泉里6鄰仁愛路27之3號,2026-09-13
屏東縣屏東市信義路151號,22.677889,120.488809,屏東縣屏東市永城里1鄰信義路151號,2026-09-13
屏東縣屏東市光榮里成功路163號,22.675215,120.484102,屏東縣屏東市光榮里12鄰成功路163號,2026-09-13
屏東縣屏東市北興里公裕街300號,22.690284,120.493441,屏東縣屏東市北興里17鄰公裕街300號,2026-09-13
屏東縣屏東市建國路225號,22.660454,120.469520,屏東縣屏東市清溪里31鄰建國路225號,2026-09-13
屏東縣屏東市建興南路81之1號,22.661808,120.483568,屏東縣屏東市永安里25鄰建興南路81之1號,2026-09-13
屏東縣屏東市建華一街332號,22.669069,120.479089,屏東縣屏東市厚生里19鄰建華一街332號,2026-09-13
屏東縣屏東市復興南路1段18巷8號,22.655322,120.485851,屏東縣屏東市新生里23鄰復興南路一段18巷8號,2026-09-13
屏東縣屏東市新興街8號,22.644865,120.485150,屏東縣屏東市新興里7鄰新興街8號,2026-09-13
屏東縣屏東市正陽街2之4號,22.680085,120.488393,屏東縣屏東市勝利里2鄰正陽街2之4號,2026-09-13
屏東縣屏東市福建路3之7號,22.671152,120.494169,屏東縣屏東市楠樹里6鄰福建路3之7號,2026-09-13
屏東縣屏東市莊敬街1段142之1號,22.684839,120.503233,屏東縣屏東市華山里13鄰莊敬街一段142之1號,2026-09-13
屏東縣屏東市華山街132號,22.685355,120.499438,屏東縣屏東市華山里19鄰華山街132號,2026-09-13
屏東縣屏東市華正路93號,22.684922,120.501642,屏東縣屏東市華山里17鄰華正路93號,2026-09-13
屏東縣崁頂鄉光復路12之45號,22.530106,120.499941,屏東縣崁頂鄉洲子村2鄰光復路12之45號,2026-09-13
屏東縣崁頂鄉洲子村光復路15之12號,22.532990,120.497932,屏東縣崁頂鄉洲子村1鄰光復路15之12號,2026-09-13
屏東縣崁頂鄉田寮路1之15號,22.513457,120.518550,屏東縣崁頂鄉園寮村4鄰田寮路1之15號,2026-09-13
屏東縣恆春鎮中山路130號,22.003865,120.743601,屏東縣恆春鎮城北里9鄰中山路130號,2026-09-13
屏東縣恆春鎮中正路60號,22.002898,120.745150,屏東縣恆春鎮城南里2鄰中正路60號,2026-09-13
屏東縣恆春鎮光明路35之1號,22.001345,120.743885,屏東縣恆春鎮城南里8鄰光明路35之1號,2026-09-13
屏東縣恆春鎮北門路39巷26號,22.006389,120.746609,屏東縣恆春鎮城北里4鄰北門路39巷26號,2026-09-13
屏東縣恆春鎮天文路66號,22.003062,120.745568,屏東縣恆春鎮城南里2鄰天文路66號,2026-09-13
屏東縣恆春鎮德和里槺林北路155巷1號,22.002347,120.727856,屏東縣恆春鎮德和里8鄰槺林北路155巷1號,2026-09-13
屏東縣恆春鎮文化路33號,22.003512,120.748382,屏東縣恆春鎮城南里13鄰文化路33號,2026-09-13
屏東縣恆春鎮曉南路151號,22.003809,120.742938,屏東縣恆春鎮城西里6鄰曉南路151號,2026-09-13
屏東縣新園鄉仙吉村89之2號,22.543600,120.460911,屏東縣新園鄉仙吉村6鄰仙吉路89之2號,2026-09-13
屏東縣新園鄉平和路103號,22.526000,120.457319,屏東縣新園鄉新東村14鄰平和路103號,2026-09-13
屏東縣新園鄉平和路250號,22.527225,120.452851,屏東縣新園鄉新東村11鄰平和路250號,2026-09-13
屏東縣新園鄉新東村平和路216號,22.526377,120.454516,屏東縣新園鄉新東村13鄰平和路216號,2026-09-13
屏東縣新園鄉興清路50號,22.489809,120.459387,屏東縣新園鄉興龍村5鄰興清路50號,2026-09-13
屏東縣新埤鄉建功村建成巷10號,22.476047,120.562302,屏東縣新埤鄉建功村12鄰建成巷10號,2026-09-13
屏東縣新埤鄉新華路78號,22.467006,120.551160,屏東縣新埤鄉新埤村3鄰新華路78號,2026-09-13
屏東縣新埤鄉東興路138號,22.494711,120.544113,屏東縣新埤鄉打鐵村3鄰東興路138號,2026-09-13
屏東縣春日鄉七佳村自強一路18號,22.428222,120.627833,屏東縣春日鄉七佳村8鄰自強一路17之1號,2026-09-13
屏東縣東港鎮下廍路131號,22.462279,120.497678,屏東縣東港鎮下廍里1鄰下廍路131號,2026-09-13
屏東縣東港鎮中正路1段10號,22.470730,120.454766,屏東縣東港鎮新街里24鄰中正路一段10號,2026-09-13
屏東縣東港鎮內關帝里4鄰興東二街63號,22.476829,120.465495,屏東縣東港鎮內關帝里4鄰興東二街63號,2026-09-13
屏東縣東港鎮南平路339號,22.438456,120.468738,屏東縣東港鎮南平里8鄰南平路339號,2026-09-13
屏東縣東港鎮大潭路25號,22.456588,120.492606,屏東縣東港鎮大潭里11鄰大潭路25號,2026-09-13
屏東縣東港鎮沿海五路112之1號,22.467646,120.461215,屏東縣東港鎮東津里14鄰沿海五路112之1號,2026-09-13
屏東縣東港鎮興東路43之1號,22.478871,120.465911,屏東縣東港鎮內關帝里5鄰興東路43之50號,2026-09-13
屏東縣東港鎮船頭里船頭路33號,22.463878,120.467669,屏東縣東港鎮船頭里8鄰船頭路33號,2026-09-13
屏東縣枋寮鄉地利村建興路256號,22.387204,120.595559,屏東縣枋寮鄉地利村23鄰建興路256號,2026-09-13
屏東縣枋寮鄉安樂村中山路171巷50號,22.363915,120.595019,屏東縣枋寮鄉安樂村14鄰中山路171巷50號,2026-09-13
屏東縣枋寮鄉建興路39號,22.386340,120.601530,屏東縣枋寮鄉人和村1鄰建興路39號,2026-09-13
屏東縣枋寮鄉德興路33號,22.364795,120.593511,屏東縣枋寮鄉枋寮村11鄰德興路33號,2026-09-13
屏東縣枋寮鄉東海路434巷40號,22.402674,120.578401,屏東縣枋寮鄉東海村1鄰東海路434巷40號,2026-09-13
屏東縣枋寮鄉枋寮村中興路33號,22.366741,120.593476,屏東縣枋寮鄉枋寮村7鄰中興路33號,2026-09-13
屏東縣枋寮鄉隆山村隆山路259巷46號,22.368288,120.602899,屏東縣枋寮鄉隆山村24鄰隆山路259巷46號,2026-09-13
屏東縣枋寮鄉隆山路140號,22.364471,120.599157,屏東縣枋寮鄉隆山村19鄰隆山路140號,2026-09-13
屏東縣枋山鄉楓港村舊庄路1之2號,22.192965,120.689547,屏東縣枋山鄉楓港村16鄰舊庄1之2號,2026-09-13
屏東縣林邊鄉中山路417號,22.436889,120.511347,屏東縣林邊鄉仁和村14鄰中山路417號,2026-09-13
屏東縣林邊鄉仁和村和平路41號,22.433731,120.512698,屏東縣林邊鄉仁和村11鄰和平路41號,2026-09-13
屏東縣林邊鄉仁愛路33號,22.431623,120.515596,屏東縣林邊鄉仁和村1鄰仁愛路33號,2026-09-13
屏東縣泰武鄉萬安村1鄰3號,22.626998,120.638733,屏東縣泰武鄉萬安村1鄰萬安3號,2026-09-13
屏東縣滿州鄉中山路152號,22.024311,120.837735,屏東縣滿州鄉滿州村16鄰中山路152號,2026-09-13
屏東縣潮州鎮三合路108號,22.556634,120.545772,屏東縣潮州鎮三共里7鄰三合路108號,2026-09-13
屏東縣潮州鎮三林路186號,22.553778,120.549647,屏東縣潮州鎮三星里22鄰三林路186號,2026-09-13
屏東縣潮州鎮光華里中山路38號,22.549963,120.542842,屏東縣潮州鎮光華里4鄰中山路38號,2026-09-13
屏東縣潮州鎮志成路201號,22.540379,120.536872,屏東縣潮州鎮光春里15鄰志成路201號,2026-09-13
屏東縣潮州鎮文化路226號,22.559671,120.544236,屏東縣潮州鎮三共里17鄰文化路226號,2026-09-13
屏東縣潮州鎮西市路33號,22.550765,120.540533,屏東縣潮州鎮同榮里12鄰西市路33號,2026-09-13
屏東縣潮州鎮連興路21號,22.554009,120.538822,屏東縣潮州鎮三和里8鄰連興路21號,2026-09-13
屏東縣竹田鄉中山路26號,22.586609,120.543113,屏東縣竹田鄉竹田村16鄰中山路26號,2026-09-13
屏東縣竹田鄉中正路129號,22.585050,120.544237,屏東縣竹田鄉竹田村6鄰中正路129號,2026-09-13
屏東縣竹田鄉中正路21號,22.583035,120.542962,屏東縣竹田鄉竹田村4鄰中正路21號,2026-09-13
屏東縣竹田鄉竹田村自強路8號,22.589251,120.551558,屏東縣竹田鄉竹田村15鄰自強路8號,2026-09-13
屏東縣竹田鄉西勢村龍門路26號,22.616757,120.522160,屏東縣竹田鄉西勢村24鄰龍門路26號,2026-09-13
屏東縣萬丹鄉四維東路567號,22.594973,120.490025,屏東縣萬丹鄉四維村16鄰四維東路567號,2026-09-13
屏東縣萬丹鄉水泉村泉利街95號,22.573303,120.486440,屏東縣萬丹鄉水泉村6鄰泉利街95號,2026-09-13
屏東縣萬丹鄉泉利街95號,22.573303,120.486440,屏東縣萬丹鄉水泉村6鄰泉利街95號,2026-09-13
屏東縣萬巒鄉萬和村中正路36號,22.572546,120.567828,屏東縣萬巒鄉萬和村19鄰中正路36號,2026-09-13
屏東縣萬巒鄉褒忠路28號,22.572720,120.572285,屏東縣萬巒鄉萬全村16鄰褒忠路28號,2026-09-13
屏東縣里港鄉中山路105號,22.779663,120.494090,屏東縣里港鄉大平村3鄰中山路105號,2026-09-13
屏東縣里港鄉玉田村玉田路42之9號,22.775423,120.488976,屏東縣里港鄉玉田村6鄰玉田路42之9號,2026-09-13
屏東縣里港鄉過江村仁愛路33巷26號,22.779869,120.491718,屏東縣里港鄉過江村13鄰仁愛路33巷26號,2026-09-13
屏東縣里港鄉過江村過江路41號,22.780725,120.494547,屏東縣里港鄉過江村15鄰過江路41號,2026-09-13
屏東縣里港鄉鐵店村鐵店路41之46號,22.776988,120.501342,屏東縣里港鄉鐵店村3鄰鐵店路41之46號,2026-09-13
屏東縣長治鄉仁義巷33號,22.680827,120.519717,屏東縣長治鄉新潭村13鄰仁義巷33號,2026-09-13
屏東縣長治鄉潭頭村合興路13之5號,22.670205,120.522207,屏東縣長治鄉潭頭村13鄰合興路13之5號,2026-09-13
屏東縣長治鄉進興村進興巷17號,22.675921,120.529009,屏東縣長治鄉進興村8鄰進興巷17號,2026-09-13
屏東縣長治鄉長興路401之1號,22.680479,120.515164,屏東縣長治鄉長興村18鄰長興路401之1號,2026-09-13
屏東縣霧臺鄉霧臺村文化街200號,22.692524,120.580712,屏東縣霧臺鄉霧臺村12鄰文化街200號,2026-09-13
屏東縣高樹鄉華光路32號,22.826151,120.599160,屏東縣高樹鄉高樹村20鄰華光路32號,2026-09-13
屏東縣鹽埔鄉光復路90號,22.753250,120.576400,屏東縣鹽埔鄉鹽南村12鄰光復路90號,2026-09-13
屏東縣鹽埔鄉新二村彭厝路64號,22.743475,120.554518,屏東縣鹽埔鄉新二村21鄰彭厝路64號,2026-09-13
屏東縣鹽埔鄉新二村新埔路6號,22.726434,120.539577,屏東縣鹽埔鄉新二村23鄰新埔路81號,2026-09-13
屏東縣鹽埔鄉維新路67號,22.738298,120.553898,屏東縣鹽埔鄉新二村19鄰維新路67號,2026-09-13
岡山區公園路2之1號,22.797354,120.292337,高雄市岡山區壽天里10鄰公園路2之1號,2026-09-13
岡山區岡山路303巷36號,22.794976,120.294613,高雄市岡山區岡山里23鄰岡山路303巷36號,2026-09-13
岡山區新樂街77之3號,22.803440,120.294321,高雄市岡山區岡山里21鄰新樂街77之3號,2026-09-13
岡山區維新路85號,22.793106,120.293383,高雄市岡山區平安里8鄰維新路85號,2026-09-13
岡山區華園二路15號,22.790004,120.309052,高雄市岡山區程香里3鄰華園二路15號,2026-09-13
峨眉鄉富興村1鄰33號,24.690470,120.986549,新竹縣峨眉鄉富興村1鄰富農新邨33號,2026-09-13
崁頂鄉洲子村光復路15之12號,22.532990,120.497932,屏東縣崁頂鄉洲子村1鄰光復路15之12號,2026-09-13
左營區文自路238號,22.673460,120.307964,高雄市左營區菜福里4鄰文自路238號,2026-09-13
左營區立大路320號,22.677118,120.303774,高雄市左營區新光里17鄰立大路320號,2026-09-13
左營區重信路215號,22.681040,120.314781,高雄市左營區福山里8鄰重信路215號,2026-09-13
左營大路2之2號,22.674372,120.288322,高雄市左營區自助里18鄰左營大路2之2號,2026-09-13
左鎮區澄山里77之2號,23.026263,120.386185,臺南市左鎮區澄山里8鄰澄山77號之2,2026-09-13
平鎮區中興路平鎮段229號,24.905076,121.190651,桃園市平鎮區鎮興里13鄰中興路平鎮段229號,2026-09-13
平鎮區中豐路363號,24.941244,121.216637,桃園市平鎮區新富里13鄰中豐路363號,2026-09-13
平鎮區和平路190號,24.946289,121.219629,桃園市平鎮區北勢里8鄰和平路190號,2026-09-13
平鎮區和平路1號,24.949357,121.222842,桃園市平鎮區北勢里9鄰和平路1號,2026-09-13
平鎮區和平路52號,24.948831,121.221488,桃園市平鎮區北勢里7鄰和平路52號,2026-09-13
平鎮區平東路203號,24.916001,121.249650,桃園市平鎮區新安里31鄰平東路203號,2026-09-13
平鎮區平興里廣泰路85號,24.945540,121.204580,桃園市平鎮區平興里13鄰廣泰路85號,2026-09-13
平鎮區廣平街1號,24.954733,121.207690,桃園市平鎮區廣達里15鄰廣平街1號,2026-09-13
平鎮區廣成街10號,24.955917,121.208436,桃園市平鎮區廣達里12鄰廣成街10號,2026-09-13
平鎮區廣泰路168號,24.944985,121.203435,桃園市平鎮區平興里15鄰廣泰路168號,2026-09-13
平鎮區延平路1段162號,24.950806,121.216362,桃園市平鎮區新勢里19鄰延平路一段162號,2026-09-13
平鎮區延平路1段2號,24.952993,121.221152,桃園市平鎮區北安里4鄰延平路一段2號,2026-09-13
平鎮區復興街55號,24.954228,121.204959,桃園市平鎮區復興里24鄰復興街55號,2026-09-13
平鎮區德育路271號,24.946461,121.219384,桃園市平鎮區北勢里6鄰德育路271號,2026-09-13
平鎮區德育路2段340號,24.937369,121.217572,桃園市平鎮區新富里14鄰德育路二段340號,2026-09-13
平鎮區振平街153號,24.942508,121.220574,桃園市平鎮區北華里4鄰振平街153號,2026-09-13
平鎮區振興路2號,24.944991,121.218237,桃園市平鎮區新富里1鄰振興路2號,2026-09-13
平鎮區新光路65巷50號,24.939453,121.206174,桃園市平鎮區廣仁里20鄰新光路65巷20號,2026-09-13
平鎮區新富五街66號,24.939650,121.213474,桃園市平鎮區新英里8鄰新富五街66號,2026-09-13
平鎮區新榮路259號,24.946171,121.213490,桃園市平鎮區新榮里15鄰新榮路259號,2026-09-13
平鎮區東勢里金陵路5段55號,24.910433,121.231453,桃園市平鎮區東勢里26鄰金陵路五段55號,2026-09-13
平鎮區湧安路45號,24.894052,121.202952,桃園市平鎮區湧安里25鄰湧安路45號,2026-09-13
平鎮區環南路3段88號,24.939761,121.217775,桃園市平鎮區新富里14鄰環南路三段88號,2026-09-13
平鎮區育達路2段94號,24.950935,121.205801,桃園市平鎮區復興里32鄰育達路二段94號,2026-09-13
平鎮區金陵路2段353號,24.937394,121.224631,桃園市平鎮區北興里3鄰金陵路二段353號,2026-09-13
平鎮區陸光路92巷8號,24.950675,121.186122,桃園市平鎮區雙連里36鄰陸光路92巷8之1號,2026-09-13
平鎮區龍南路315號,24.923167,121.250013,桃園市平鎮區龍興里16鄰龍南路315號,2026-09-13
建和街58號,22.647084,120.320713,高雄市三民區正興里22鄰建和街58號,2026-09-13
彰化市三民路436號,24.086545,120.549124,彰化縣彰化市陽明里20鄰三民路436號,2026-09-13
彰化市中正路1段226巷29號,24.084995,120.547594,彰化縣彰化市文化里4鄰中正路一段226巷29號,2026-09-13
彰化市互助一街9號,24.071446,120.599051,彰化縣彰化市臺鳳里12鄰互助一街9號,2026-09-13
彰化市光復路25號,24.080845,120.545104,彰化縣彰化市永福里10鄰光復路25號,2026-09-13
彰化市大埔路676號,24.068503,120.543186,彰化縣彰化市延平里6鄰大埔路676號,2026-09-13
彰化市桃源里虎崗路1號,24.066645,120.568864,彰化縣彰化市桃源里11鄰虎崗路1號,2026-09-13
彰化市民族路209號,24.070648,120.538790,彰化縣彰化市彰安里11鄰民族路209號,2026-09-13
彰化市民族路267號,24.071899,120.539169,彰化縣彰化市彰安里9鄰民族路267號,2026-09-13
彰化市福山街348號,24.080540,120.575613,彰化縣彰化市福山里20鄰福山街348號,2026-09-13
彰化縣二林鎮中西里二城路7號,23.889711,120.360193,彰化縣二林鎮中西里8鄰二城路7號,2026-09-13
彰化縣二林鎮二城路7號,23.889711,120.360193,彰化縣二林鎮中西里8鄰二城路7號,2026-09-13
彰化縣二林鎮二溪路3段240號,23.938814,120.384670,彰化縣二林鎮頂厝里12鄰二溪路三段240號,2026-09-13
彰化縣二林鎮五權街92巷25號,23.901224,120.379396,彰化縣二林鎮後厝里11鄰五權街92巷25號,2026-09-13
彰化縣二林鎮儒林路2段100之1號,23.892255,120.370976,彰化縣二林鎮南光里17鄰儒林路二段100號,2026-09-13
彰化縣二林鎮南光里儒林路2段100之1號,23.892255,120.370976,彰化縣二林鎮南光里17鄰儒林路二段100號,2026-09-13
彰化縣二林鎮南光里懷仁街8號,23.893959,120.366171,彰化縣二林鎮南光里23鄰懷仁街8號,2026-09-13
彰化縣二林鎮南安路41號,23.898361,120.374548,彰化縣二林鎮豐田里11鄰南安路41號,2026-09-13
彰化縣二林鎮建興街80號,23.897620,120.370749,彰化縣二林鎮南光里8鄰建興街80號,2026-09-13
彰化縣二林鎮後厝里長春路637號,23.897538,120.378885,彰化縣二林鎮後厝里13鄰長春路637號,2026-09-13
彰化縣二林鎮東興里長青路臨139號,23.896308,120.377453,彰化縣二林鎮東興里12鄰長青路139號,2026-09-13
彰化縣二林鎮果園街10巷12號,23.895237,120.368615,彰化縣二林鎮南光里20鄰果園街10巷12號,2026-09-13
彰化縣二林鎮照西路176巷1號,23.901263,120.366830,彰化縣二林鎮東和里18鄰照西路176巷2號,2026-09-13
彰化縣二林鎮萬合里太平路2段600號,23.916506,120.408331,彰化縣二林鎮萬合里9鄰太平路二段600號,2026-09-13
彰化縣二林鎮西平里西和一街65號,23.897339,120.362070,彰化縣二林鎮西平里13鄰西和一街65號,2026-09-13
彰化縣二林鎮豐田里南安路41號,23.898361,120.374548,彰化縣二林鎮豐田里11鄰南安路41號,2026-09-13
彰化縣二林鎮豐田里斗苑路4段636號,23.899961,120.374408,彰化縣二林鎮豐田里10鄰斗苑路四段636號,2026-09-13
彰化縣二水鄉二水村民生路354號,23.811507,120.613481,彰化縣二水鄉二水村10鄰民生路354號,2026-09-13
彰化縣二水鄉光化村光進一巷20之1號,23.814156,120.616116,彰化縣二水鄉光化村1鄰光進一巷18號,2026-09-13
彰化縣二水鄉合和村番田二巷26號,23.822962,120.612029,彰化縣二水鄉合和村5鄰番田二巷26號,2026-09-13
彰化縣二水鄉員集路3段678號,23.810103,120.615831,彰化縣二水鄉聖化村5鄰員集路三段678號,2026-09-13
彰化縣二水鄉大園村員集路2段442號,23.801244,120.639619,彰化縣二水鄉大園村1鄰員集路二段442號,2026-09-13
彰化縣伸港鄉新港村忠孝東街50號,24.148637,120.487765,彰化縣伸港鄉新港村12鄰忠孝東街50號,2026-09-13
彰化縣伸港鄉曾家村曾家路136之2號,24.147185,120.472762,彰化縣伸港鄉曾家村11鄰曾家路136之2號,2026-09-13
彰化縣伸港鄉泉厝村泉厝路102號,24.149303,120.479948,彰化縣伸港鄉泉厝村7鄰泉厝路102號,2026-09-13
彰化縣伸港鄉泉厝路44之3號,24.149440,120.481432,彰化縣伸港鄉泉厝村3鄰泉厝路44之3號,2026-09-13
彰化縣伸港鄉泉州村仁愛路123號,24.148081,120.482617,彰化縣伸港鄉泉州村11鄰仁愛路123號,2026-09-13
彰化縣北斗鎮光復路216號,23.874499,120.524438,彰化縣北斗鎮光復里4鄰光復路216號,2026-09-13
彰化縣和美鎮信義路241號,24.117330,120.497382,彰化縣和美鎮和北里14鄰信義路241號,2026-09-13
彰化縣和美鎮南佃里嘉佃路157號,24.085248,120.500434,彰化縣和美鎮南佃里11鄰嘉佃路157號,2026-09-13
彰化縣和美鎮南安路105號,24.085316,120.510692,彰化縣和美鎮源埤里3鄰南安路105號,2026-09-13
彰化縣和美鎮和厝路1段276號,24.122365,120.495561,彰化縣和美鎮月眉里3鄰和厝路一段276號,2026-09-13
彰化縣和美鎮和西里和卿路101號,24.111455,120.493697,彰化縣和美鎮和西里12鄰和卿路101號,2026-09-13
彰化縣和美鎮和頭路237號,24.117002,120.501097,彰化縣和美鎮竹營里12鄰和頭路237之1號,2026-09-13
彰化縣和美鎮彰和路2段176號,24.091694,120.528394,彰化縣和美鎮詔安里6鄰彰和路二段176號,2026-09-13
彰化縣和美鎮新庄里東發路100巷36之1號,24.097056,120.533616,彰化縣和美鎮新庄里3鄰東發路100巷36之1號,2026-09-13
彰化縣和美鎮東發路100巷30號,24.096665,120.533893,彰化縣和美鎮新庄里3鄰東發路100巷30號,2026-09-13
彰化縣和美鎮東發路100巷36之1號,24.097056,120.533616,彰化縣和美鎮新庄里3鄰東發路100巷36之1號,2026-09-13
彰化縣和美鎮東發路100巷36號,24.096861,120.533892,彰化縣和美鎮新庄里3鄰東發路100巷36號,2026-09-13
彰化縣和美鎮桂東路159巷18號,24.113047,120.538071,彰化縣和美鎮中圍里2鄰桂東路159巷18號,2026-09-13
彰化縣和美鎮竹營里德美路440號,24.116622,120.500020,彰化縣和美鎮竹營里11鄰德美路440號,2026-09-13
彰化縣和美鎮美寮路2段490號,24.113507,120.503750,彰化縣和美鎮竹營里18鄰美寮路二段490號,2026-09-13
彰化縣和美鎮詔安里彰和路2段176號,24.091694,120.528394,彰化縣和美鎮詔安里6鄰彰和路二段176號,2026-09-13
彰化縣和美鎮雅安路265號,24.099258,120.483075,彰化縣和美鎮面前里6鄰雅安路265號,2026-09-13
彰化縣和美鎮雅溝里南軒路359巷7號,24.099322,120.491738,彰化縣和美鎮雅溝里9鄰南軒路359巷7號,2026-09-13
彰化縣員林市三民街1號,23.958419,120.574671,彰化縣員林市中正里6鄰三民街1號,2026-09-13
彰化縣員林市中正里三民街2之1號,23.959057,120.574922,彰化縣員林市中正里5鄰三民街2號之1,2026-09-13
彰化縣員林市光明街141巷20號,23.954021,120.571741,彰化縣員林市惠來里3鄰光明街141巷20之1號,2026-09-13
彰化縣員林市光明街31號,23.952572,120.574194,彰化縣員林市黎明里22鄰光明街31號,2026-09-13
彰化縣員林市出水里出水巷13之1號,23.948910,120.608016,彰化縣員林市出水里5鄰出水巷13之1號,2026-09-13
彰化縣員林市南昌路128號,23.954577,120.570786,彰化縣員林市惠來里6鄰南昌路128號,2026-09-13
彰化縣員林市員東路2段345號,23.958553,120.580441,彰化縣員林市忠孝里2鄰員東路二段345號,2026-09-13
彰化縣員林市員林大道2段228號,23.948870,120.582296,彰化縣員林市萬年里5鄰員林大道二段228號,2026-09-13
彰化縣員林市員水路2段357號,23.955300,120.580876,彰化縣員林市萬年里16鄰員水路二段357號,2026-09-13
彰化縣員林市大同路1段285巷71號,23.961343,120.577859,彰化縣員林市三和里11鄰大同路一段285巷71號,2026-09-13
彰化縣員林市大同路2段5巷2號,23.966761,120.578517,彰化縣員林市三愛里3鄰大同路二段5巷2號,2026-09-13
彰化縣員林市大同路2段72之1號,23.968445,120.578103,彰化縣員林市三愛里5鄰大同路二段72號之1,2026-09-13
彰化縣員林市山腳路3段2巷150號,23.960819,120.603135,彰化縣員林市鎮興里13鄰山腳路三段2巷150號,2026-09-13
彰化縣員林市建國路233號,23.967528,120.577636,彰化縣員林市三愛里4鄰建國路233號,2026-09-13
彰化縣員林市新生路354號,23.963928,120.568844,彰化縣員林市南平里28鄰新生路354號,2026-09-13
彰化縣員林市林森路127號,23.956326,120.577827,彰化縣員林市東和里3鄰林森路127號,2026-09-13
彰化縣員林市林森路249巷8號,23.958867,120.576528,彰化縣員林市中正里41鄰林森路249巷8號,2026-09-13
彰化縣員林市永和街22號,23.950707,120.575025,彰化縣員林市黎明里23鄰永和街22號,2026-09-13
彰化縣員林市永興街184號,23.970176,120.574702,彰化縣員林市三多里8鄰永興街184號,2026-09-13
彰化縣員林市浮圳路1段198巷20號,23.970276,120.594890,彰化縣員林市南東里18鄰浮圳路一段198巷20號,2026-09-13
彰化縣員林市莒光路752號,23.970247,120.569167,彰化縣員林市和平里27鄰莒光路752號,2026-09-13
彰化縣員林市靜修路55號,23.962187,120.568353,彰化縣員林市新生里15鄰靜修路55號,2026-09-13
彰化縣埔心鄉五通北路23號,23.971670,120.528717,彰化縣埔心鄉埤霞村6鄰五通北路23號,2026-09-13
彰化縣埔心鄉仁安路65巷103號,23.951352,120.516045,彰化縣埔心鄉芎蕉村11鄰仁安路65巷103號,2026-09-13
彰化縣埔心鄉員鹿路2段194號,23.952801,120.546685,彰化縣埔心鄉義民村14鄰員鹿路二段194號,2026-09-13
彰化縣埔心鄉員鹿路4段201號,23.947679,120.525814,彰化縣埔心鄉舊舘村10鄰員鹿路四段201號,2026-09-13
彰化縣埔心鄉員鹿路4段273號,23.948918,120.523171,彰化縣埔心鄉舊舘村8鄰員鹿路四段273號,2026-09-13
彰化縣埔心鄉埔心村武英北路417號,23.957759,120.534526,彰化縣埔心鄉埔心村13鄰武英北路417號,2026-09-13
彰化縣埔心鄉忠義北路51號,23.953874,120.541930,彰化縣埔心鄉義民村12鄰忠義北路51號,2026-09-13
彰化縣埔心鄉武聖路491號,23.949210,120.550210,彰化縣埔心鄉東門村1鄰武聖路491號,2026-09-13
彰化縣埔心鄉武英北路417號,23.957759,120.534526,彰化縣埔心鄉埔心村13鄰武英北路417號,2026-09-13
彰化縣埔心鄉油車村二抱路3段42號,23.970196,120.543726,彰化縣埔心鄉油車村9鄰二抱路三段42號,2026-09-13
彰化縣埔心鄉舊館村員鹿路4段282號,23.949229,120.523507,彰化縣埔心鄉舊舘村9鄰員鹿路四段282號,2026-09-13
彰化縣埔心鄉舊館村興霖路233號,23.953980,120.523110,彰化縣埔心鄉舊舘村5鄰興霖路233號,2026-09-13
彰化縣埔鹽鄉埔鹽村埔港路68號,23.996680,120.478399,彰化縣埔鹽鄉埔鹽村3鄰埔港路68號,2026-09-13
彰化縣埔鹽鄉崑崙村彰水路1段74號,23.988431,120.478284,彰化縣埔鹽鄉崑崙村4鄰彰水路一段74號,2026-09-13
彰化縣埔鹽鄉彰水路1段74號,23.988431,120.478284,彰化縣埔鹽鄉崑崙村4鄰彰水路一段74號,2026-09-13
彰化縣埤頭鄉安康街72號,23.889014,120.460031,彰化縣埤頭鄉平原村16鄰安康街72號,2026-09-13
彰化縣埤頭鄉斗苑西路138號,23.891628,120.462121,彰化縣埤頭鄉合興村1鄰斗苑西路138號,2026-09-13
彰化縣埤頭鄉東海大學埤頭校區梅館101E化教室,23.869348,120.494728,彰化縣埤頭鄉元埔村1鄰文化路369號,2026-09-13
彰化縣大城鄉東城村中平路132號,23.853137,120.320641,彰化縣大城鄉東城村9鄰中平路132號,2026-09-13
彰化縣大村鄉中山路3段193巷69號,23.999631,120.555699,彰化縣大村鄉大橋村10鄰中山路三段193巷69號,2026-09-13
彰化縣大村鄉中正西路280巷2弄53號,23.995753,120.547643,彰化縣大村鄉大村村1鄰中正西路280巷2弄53號,2026-09-13
彰化縣大村鄉中正西路338號,23.993480,120.547192,彰化縣大村鄉大村村1鄰中正西路338號,2026-09-13
彰化縣彰化市一德南路232號,24.073898,120.598374,彰化縣彰化市臺鳳里3鄰一德南路232號,2026-09-13
彰化縣彰化市中正路1段542號,24.082008,120.540054,彰化縣彰化市長樂里6鄰中正路一段542號,2026-09-13
彰化縣彰化市中正路2段75號,24.079910,120.537978,彰化縣彰化市長樂里20鄰中正路二段75號,2026-09-13
彰化縣彰化市南郭路1段339號,24.073360,120.553540,彰化縣彰化市華陽里10鄰南郭路一段339號,2026-09-13
彰化縣彰化市卦山路5號,24.077857,120.546196,彰化縣彰化市卦山里1鄰卦山路5號,2026-09-13
彰化縣彰化市城中北街11號,24.079700,120.541051,彰化縣彰化市光華里9鄰城中北街11號,2026-09-13
彰化縣彰化市新平路146號,24.066027,120.521419,彰化縣彰化市平和里12鄰新平路146號,2026-09-13
彰化縣彰化市民族路209號,24.070648,120.538790,彰化縣彰化市彰安里11鄰民族路209號,2026-09-13
彰化縣彰化市民族路267號,24.071899,120.539169,彰化縣彰化市彰安里9鄰民族路267號,2026-09-13
彰化縣彰化市石牌里石牌路1段192巷3號,24.054997,120.613435,彰化縣彰化市石牌里2鄰石牌路一段192巷3號,2026-09-13
彰化縣彰化市虎崗路1號,24.066645,120.568864,彰化縣彰化市桃源里11鄰虎崗路1號,2026-09-13
彰化縣彰化市西興東路125號,24.079867,120.535495,彰化縣彰化市西興里11鄰西興東路125號,2026-09-13
彰化縣彰化縣二林鎮東勢里面前巷2號,23.907633,120.436220,彰化縣二林鎮東勢里3鄰面前巷2號,2026-09-13
彰化縣永靖鄉中山路2段65號,23.920637,120.548018,彰化縣永靖鄉永東村5鄰中山路二段65號,2026-09-13
彰化縣永靖鄉四湳路55之1號,23.923941,120.523994,彰化縣永靖鄉四芳村10鄰四湳路55之1號,2026-09-13
彰化縣永靖鄉永社路266號,23.915188,120.546384,彰化縣永靖鄉港西村1鄰永社路266號,2026-09-13
彰化縣永靖鄉湳港村永社路205號,23.910751,120.548742,彰化縣永靖鄉湳港村5鄰永社路205號,2026-09-13
彰化縣溪州鄉圳南路138號,23.851053,120.497779,彰化縣溪州鄉溪州村2鄰圳南路138號,2026-09-13
彰化縣溪湖鎮二溪路1段35號,23.959230,120.478529,彰化縣溪湖鎮光華里3鄰二溪路一段35號,2026-09-13
彰化縣溪湖鎮北勢里二溪路2段35巷8號,23.958785,120.463929,彰化縣溪湖鎮北勢里16鄰二溪路二段35巷8號,2026-09-13
彰化縣溪湖鎮北大路東巷33號,23.960542,120.466034,彰化縣溪湖鎮北勢里3鄰北大路東巷33號,2026-09-13
彰化縣溪湖鎮北聖路20號,23.959967,120.467706,彰化縣溪湖鎮大突里13鄰北聖路20號,2026-09-13
彰化縣溪湖鎮員鹿路2段383號,23.956228,120.486243,彰化縣溪湖鎮西溪里16鄰員鹿路二段383號,2026-09-13
彰化縣溪湖鎮員鹿路3段279號,23.963161,120.479257,彰化縣溪湖鎮太平里3鄰員鹿路三段279號,2026-09-13
彰化縣溪湖鎮地政路250號,23.965498,120.477517,彰化縣溪湖鎮太平里14鄰地政路250號,2026-09-13
彰化縣溪湖鎮大公路347號,23.961124,120.469499,彰化縣溪湖鎮大突里17鄰大公路347號,2026-09-13
彰化縣溪湖鎮太平里文二街14號,23.962450,120.478254,彰化縣溪湖鎮太平里5鄰文二街14號,2026-09-13
彰化縣溪湖鎮太平里文二街15號,23.962305,120.478245,彰化縣溪湖鎮太平里5鄰文二街15號,2026-09-13
彰化縣溪湖鎮彰水路4段439巷151號,23.972223,120.478000,彰化縣溪湖鎮東寮里10鄰彰水路四段439巷151號,2026-09-13
彰化縣溪湖鎮德華街17號,23.956882,120.478510,彰化縣溪湖鎮大竹里7鄰德華街17號,2026-09-13
彰化縣溪湖鎮文二街15號,23.962305,120.478245,彰化縣溪湖鎮太平里5鄰文二街15號,2026-09-13
彰化縣溪湖鎮東寮里彰水路4段60號,23.966875,120.480417,彰化縣溪湖鎮東寮里15鄰彰水路四段60號,2026-09-13
彰化縣溪湖鎮河東里二溪路666號,23.958017,120.451611,彰化縣溪湖鎮河東里13鄰二溪路二段666號,2026-09-13
彰化縣溪湖鎮湖東里青雅路58號,23.966350,120.483719,彰化縣溪湖鎮湖東里5鄰青雅路58號,2026-09-13
彰化縣溪湖鎮青雅路58號,23.966350,120.483719,彰化縣溪湖鎮湖東里5鄰青雅路58號,2026-09-13
彰化縣溪湖鎮頂寮西寮里員鹿路269之1號,23.962948,120.479273,彰化縣溪湖鎮太平里3鄰員鹿路三段269號,2026-09-13
彰化縣田中鎮中南路2段210號,23.853728,120.609362,彰化縣田中鎮碧峰里1鄰中南路二段210號,2026-09-13
彰化縣田中鎮中南路2段421號,23.852114,120.605936,彰化縣田中鎮碧峰里2鄰中南路二段421號,2026-09-13
彰化縣田中鎮中南路2段608巷48號,23.854002,120.602085,彰化縣田中鎮東源里3鄰中南路二段608巷48號,2026-09-13
彰化縣田中鎮中南路3段512號,23.853255,120.589430,彰化縣田中鎮南路里13鄰中南路三段512號,2026-09-13
彰化縣田中鎮中州路1段177號,23.857327,120.587504,彰化縣田中鎮南路里7鄰中州路一段177號,2026-09-13
彰化縣田中鎮中潭里員集路3段125巷255號,23.867154,120.585261,彰化縣田中鎮中潭里5鄰員集路三段125巷125號,2026-09-13
彰化縣田中鎮中潭里員集路3段125巷276號,23.868985,120.584492,彰化縣田中鎮中潭里6鄰員集路三段125巷276號,2026-09-13
彰化縣田中鎮南路里中南路3段512號,23.853255,120.589430,彰化縣田中鎮南路里13鄰中南路三段512號,2026-09-13
彰化縣田中鎮拓農路1號,23.865049,120.555855,彰化縣田中鎮三民里5鄰拓農路1號,2026-09-13
彰化縣田中鎮斗中路2段230巷248號,23.869233,120.570223,彰化縣田中鎮三光里1鄰斗中路二段230巷248號,2026-09-13
彰化縣田中鎮斗中路2段739號,23.869066,120.558746,彰化縣田中鎮三民里4鄰斗中路二段739號,2026-09-13
彰化縣田中鎮沙崙里酪農路191號,23.845092,120.570333,彰化縣田中鎮沙崙里6鄰酪農路191號,2026-09-13
彰化縣田中鎮西路里長順街8號,23.861791,120.580202,彰化縣田中鎮西路里21鄰長順街8號,2026-09-13
彰化縣田尾鄉仁里村中正路2段103號,23.904765,120.506954,彰化縣田尾鄉仁里村17鄰中正路二段105號,2026-09-13
彰化縣田尾鄉公所路186巷25號,23.891470,120.526550,彰化縣田尾鄉饒平村5鄰公所路186巷25號,2026-09-13
彰化縣田尾鄉柳鳳村民生路2段338號,23.911075,120.518046,彰化縣田尾鄉柳鳳村6鄰民生路二段338號,2026-09-13
彰化縣田尾鄉正義村中正路1段233號,23.891339,120.518741,彰化縣田尾鄉正義村5鄰中正路一段233號,2026-09-13
彰化縣田尾鄉正義村中正路1段288號,23.892613,120.517694,彰化縣田尾鄉正義村5鄰中正路一段288號,2026-09-13
彰化縣田尾鄉福德巷343號,23.893467,120.535926,彰化縣田尾鄉北曾村3鄰福德巷343號,2026-09-13
彰化縣田尾鄉福田村光復路1段98巷189號,23.890218,120.564461,彰化縣田尾鄉福田村9鄰光復路一段98巷189號,2026-09-13
彰化縣社頭鄉仁雅村和平三路216號,23.893905,120.583996,彰化縣社頭鄉仁雅村12鄰和平三路216號,2026-09-13
彰化縣社頭鄉員集路1段615號,23.889205,120.586997,彰化縣社頭鄉美雅村6鄰員集路一段615號,2026-09-13
彰化縣社頭鄉員集路1段689號,23.890249,120.587339,彰化縣社頭鄉美雅村3鄰員集路一段689號,2026-09-13
彰化縣社頭鄉廣興村中興路47號,23.902744,120.582677,彰化縣社頭鄉廣興村14鄰中興路47號,2026-09-13
彰化縣社頭鄉民生路371號,23.890043,120.588253,彰化縣社頭鄉美雅村2鄰民生路371號,2026-09-13
彰化縣社頭鄉泰安村山腳路3段130號,23.916283,120.607431,彰化縣社頭鄉泰安村11鄰山腳路三段130號,2026-09-13
彰化縣社頭鄉清水岩路1號,23.886378,120.613893,彰化縣社頭鄉清水村11鄰清水岩路1號,2026-09-13
彰化縣社頭鄉社斗路1段336號,23.896927,120.585211,彰化縣社頭鄉社頭村12鄰社斗路一段336號,2026-09-13
彰化縣福興鄉同安村同安巷3之1號,24.025862,120.438797,彰化縣福興鄉同安村1鄰同安巷3號之1,2026-09-13
彰化縣福興鄉外中村外中街123號,24.015640,120.472627,彰化縣福興鄉外中村1鄰外中街123號,2026-09-13
彰化縣福興鄉復興路78號,24.050983,120.439457,彰化縣福興鄉橋頭村9鄰復興路78號,2026-09-13
彰化縣福興鄉番婆村彰鹿路6段148號,24.047762,120.468528,彰化縣福興鄉番婆村2鄰彰鹿路六段148號,2026-09-13
彰化縣福興鄉番社村番社街11之5號,24.024312,120.458851,彰化縣福興鄉番社村15鄰番社街11號之5,2026-09-13
彰化縣福興鄉福興村福興路51巷6號,24.046230,120.427606,彰化縣福興鄉福興村8鄰福興路51巷6號,2026-09-13
彰化縣福興鄉西勢村西勢街34號,24.040240,120.437553,彰化縣福興鄉西勢村4鄰西勢街34號,2026-09-13
彰化縣秀水鄉中山路245號,24.035288,120.504059,彰化縣秀水鄉安東村5鄰中山路245號,2026-09-13
彰化縣秀水鄉中山路257號,24.034866,120.502657,彰化縣秀水鄉安東村7鄰中山路257號,2026-09-13
彰化縣秀水鄉中山路99號,24.038325,120.507329,彰化縣秀水鄉莊雅村18鄰中山路99號,2026-09-13
彰化縣秀水鄉安東村枋林巷60號,24.039284,120.501245,彰化縣秀水鄉安東村12鄰枋林巷60號,2026-09-13
彰化縣竹塘鄉土庫村東陽路1段安平巷2之1號,23.851060,120.413387,彰化縣竹塘鄉土庫村3鄰東陽路一段安平巷2之1號,2026-09-13
彰化縣竹塘鄉成功路85號,23.875285,120.417926,彰化縣竹塘鄉民靖村7鄰成功路85號,2026-09-13
彰化縣竹塘鄉民靖村成功路94號,23.875513,120.418269,彰化縣竹塘鄉民靖村6鄰成功路94號,2026-09-13
彰化縣線西鄉中央路2段15號,24.130440,120.471607,彰化縣線西鄉寓埔村2鄰中央路二段15號,2026-09-13
彰化縣線西鄉中央路2段20號,24.130685,120.471466,彰化縣線西鄉寓埔村2鄰中央路二段20號,2026-09-13
彰化縣線西鄉中央路2段536巷31號,24.136219,120.463257,彰化縣線西鄉線西村11鄰中央路二段536巷31號,2026-09-13
彰化縣線西鄉中央路3段108巷151號,24.142861,120.453986,彰化縣線西鄉線西村18鄰中央路三段108巷151號,2026-09-13
彰化縣線西鄉塭仔路91號,24.125488,120.457995,彰化縣線西鄉塭仔村7鄰塭仔路91號,2026-09-13
彰化縣線西鄉寓埔村中央路2段15號,24.130440,120.471607,彰化縣線西鄉寓埔村2鄰中央路二段15號,2026-09-13
彰化縣線西鄉德興村線東路2段447號,24.135298,120.481630,彰化縣線西鄉德興村6鄰線東路二段447號,2026-09-13
彰化縣線西鄉沿海路2段334巷32號,24.140347,120.467389,彰化縣線西鄉頂庄村2鄰沿海路二段334巷32號,2026-09-13
彰化縣線西鄉草豐路501巷5號,24.125984,120.466616,彰化縣線西鄉頂犁村19鄰草豐路501巷5號,2026-09-13
彰化縣線西鄉頂庄村沿海路2段334巷32號,24.140347,120.467389,彰化縣線西鄉頂庄村2鄰沿海路二段334巷32號,2026-09-13
彰化縣線西鄉頂犁村頂犁路123號,24.125645,120.480078,彰化縣線西鄉頂犁村11鄰頂犁路123號,2026-09-13
彰化縣線西鄉頂犁村頂犁路48之1號,24.122223,120.480131,彰化縣線西鄉頂犁村5鄰頂犁路48號之1,2026-09-13
彰化縣線西鄉頂犁路48之1號,24.122223,120.480131,彰化縣線西鄉頂犁村5鄰頂犁路48號之1,2026-09-13
彰化縣線西鄉頂犁路48號,24.122934,120.480112,彰化縣線西鄉頂犁村5鄰頂犁路48號,2026-09-13
彰化縣芬園鄉大彰路1段448號,23.960230,120.630259,彰化縣芬園鄉大竹村9鄰大彰路一段448號,2026-09-13
彰化縣芬園鄉太平路67號,24.020255,120.627394,彰化縣芬園鄉竹林村6鄰太平路67號,2026-09-13
彰化縣芬園鄉太平路77巷12號,24.020540,120.627062,彰化縣芬園鄉竹林村7鄰太平路77巷12號,2026-09-13
彰化縣芬園鄉彰南路4段25號,24.012008,120.628080,彰化縣芬園鄉社口村12鄰彰南路四段25號,2026-09-13
彰化縣花壇鄉中山路2段516號,24.040418,120.535247,彰化縣花壇鄉文德村9鄰中山路二段516號,2026-09-13
彰化縣花壇鄉長沙村中正路72號,24.027655,120.545546,彰化縣花壇鄉長沙村22鄰中正路72號,2026-09-13
彰化縣芳苑鄉仁愛村中央路38號,23.925103,120.317274,彰化縣芳苑鄉仁愛村4鄰中央路38號,2026-09-13
彰化縣芳苑鄉漢寶村成功一路45號,24.005789,120.368873,彰化縣芳苑鄉漢寶村10鄰成功一路45號,2026-09-13
彰化縣鹿港鎮中正路588號,24.062620,120.435936,彰化縣鹿港鎮埔崙里12鄰中正路588號,2026-09-13
彰化縣鹿港鎮後車巷47號,24.056817,120.432887,彰化縣鹿港鎮洛津里8鄰後車巷47號,2026-09-13
彰化縣鹿港鎮永寧街235號,24.065568,120.432220,彰化縣鹿港鎮埔崙里24鄰永寧街235號,2026-09-13
彰化縣鹿港鎮頭崙里頂草路2段150號,24.091569,120.476972,彰化縣鹿港鎮頭崙里7鄰頂草路二段150號,2026-09-13
彰化縣鹿港鎮龍舟路22號,24.046263,120.438673,彰化縣鹿港鎮街尾里9鄰龍舟路22號,2026-09-13
後壁區後壁里195號,23.365723,120.366150,臺南市後壁區後壁里8鄰後壁195號,2026-09-13
後壁區新東里80之1號,23.337976,120.332253,臺南市後壁區新東里4鄰新港東80號之1,2026-09-13
後甲國中,22.995954,120.224804,臺南市東區大學里2鄰林森路二段260號,2026-09-13
後龍鎮中山路252號,24.612202,120.794682,苗栗縣後龍鎮大庄里22鄰中山路252號,2026-09-13
御花園KTV--吉安鄉吉祥四街1號,23.973944,121.582908,花蓮縣吉安鄉宜昌村21鄰吉祥四街1號,2026-09-13
忠孝東路4段553巷50號,25.044371,121.562893,臺北市信義區新仁里10鄰忠孝東路四段553巷50號,2026-09-13
忠明國小,24.157800,120.659129,臺中市西區忠誠里11鄰臺灣大道二段556號,2026-09-13
恆春鎮中正路60號,22.002898,120.745150,屏東縣恆春鎮城南里2鄰中正路60號,2026-09-13
恆春鎮北門路39巷26號,22.006389,120.746609,屏東縣恆春鎮城北里4鄰北門路39巷26號,2026-09-13
恆春鎮山腳里恆南路1巷60號,22.002530,120.741842,屏東縣恆春鎮山腳里4鄰恒西路1巷1號,2026-09-13
恆春鎮西門路146號,22.008663,120.744208,屏東縣恆春鎮城北里16鄰西門路146號,2026-09-13
慶豐街18號,22.665881,120.292884,高雄市鼓山區裕豐里9鄰慶豐街18號,2026-09-13
技工舍｜旗津社會開創基地,22.604716,120.276290,高雄市旗津區實踐里9鄰北汕尾巷6號,2026-09-13
斗六市雲中街12號,23.708378,120.540170,雲林縣斗六市中和里15鄰雲中街12號,2026-09-13
新北市三峽區大學路66號,24.941802,121.376302,新北市三峽區龍學里2鄰大學路66號,2026-09-13
新北市三峽區愛國路8號,24.933758,121.374058,新北市三峽區礁溪里19鄰愛國路8號,2026-09-13
新北市三峽區民生街186號,24.934932,121.370674,新北市三峽區永舘里13鄰民生街186號,2026-09-13
新北市三峽區長泰街100號,24.933363,121.376030,新北市三峽區礁溪里8鄰長泰街100號,2026-09-13
新北市三峽區隆恩街239號,24.941709,121.359823,新北市三峽區龍恩里30鄰隆恩街239號,2026-09-13
新北市三芝區民生街31號,25.256403,121.503562,新北市三芝區埔坪里13鄰民生街31號,2026-09-13
新北市三芝區育英街22號,25.257878,121.501635,新北市三芝區埔頭里28鄰育英街22號,2026-09-13
新北市三重區三和路3段170巷49號,25.072680,121.490835,新北市三重區厚德里11鄰三和路三段170巷49號,2026-09-13
新北市三重區中寮街57巷18號,25.057794,121.492768,新北市三重區菜寮里16鄰中寮街57巷18號,2026-09-13
新北市三重區介壽路32號,25.070928,121.501318,新北市三重區奕壽里1鄰介壽路32號,2026-09-13
新北市三重區光復路1段61巷27號,25.048989,121.473868,新北市三重區五谷里23鄰光復路一段61巷27號,2026-09-13
新北市三重區大同南路172巷26號,25.057553,121.497897,新北市三重區仁義里11鄰大同南路172巷26號,2026-09-13
新北市三重區大同南路172巷30號,25.057599,121.498103,新北市三重區仁義里11鄰大同南路172巷30號,2026-09-13
新北市三重區忠孝路1段37號,25.072028,121.491143,新北市三重區厚德里5鄰忠孝路一段37號,2026-09-13
新北市三重區新北大道1段9號,25.061139,121.489206,新北市三重區過田里4鄰新北大道一段9號,2026-09-13
新北市三重區正義北路27號,25.063554,121.497601,新北市三重區文化里15鄰正義北路27號,2026-09-13
新北市三重區福德南路23號,25.062872,121.502696,新北市三重區清和里10鄰福德南路23號,2026-09-13
新北市三重區重新路4段206號,25.054638,121.486158,新北市三重區福祉里12鄰重新路四段206號,2026-09-13
新北市三重區重陽路1段120巷8號,25.060049,121.486230,新北市三重區光田里11鄰重陽路一段120巷8號,2026-09-13
新北市三重區開元街1號,25.066581,121.503550,新北市三重區開元里16鄰開元街1號,2026-09-13
新北市三重區雙園街1號,25.068239,121.497535,新北市三重區雙園里9鄰雙園街1號,2026-09-13
新北市中和區中山路2段448號,25.004449,121.489002,新北市中和區中原里9鄰中山路二段448號,2026-09-13
新北市中和區中山路3段115號,25.005938,121.474632,新北市中和區民有里7鄰中山路三段115號,2026-09-13
新北市中和區中正路488號,24.994461,121.489197,新北市中和區中山里22鄰中正路488號,2026-09-13
新北市中和區景平路116之1號,24.991400,121.519819,新北市中和區秀水里1鄰景平路116之1號,2026-09-13
新北市五股區五工六路9號,25.061521,121.450643,新北市五股區興珍里36鄰五工六路9號,2026-09-13
新北市五股區五權路17號,25.065943,121.449055,新北市五股區興珍里37鄰五權路17號,2026-09-13
新北市五股區五權路19號,25.065978,121.448998,新北市五股區興珍里37鄰五權路19號,2026-09-13
新北市五股區五權路21號,25.066150,121.449158,新北市五股區興珍里37鄰五權路21號,2026-09-13
新北市五股區工商路127號,25.086096,121.435608,新北市五股區民義里19鄰工商路127號,2026-09-13
新北市八里區中山路2段356巷16號,25.149378,121.401449,新北市八里區訊塘里10鄰中山路二段356巷16號,2026-09-13
新北市八里區龍米路2段129巷1號,25.146849,121.445396,新北市八里區米倉里9鄰龍米路二段129巷1號,2026-09-13
新北市八里區龍米路2段96號,25.148000,121.445068,新北市八里區米倉里9鄰龍米路二段96號,2026-09-13
新北市八里區龍米路2段98號,25.148037,121.445036,新北市八里區米倉里9鄰龍米路二段98號,2026-09-13
新北市土城區三民路4號,24.963113,121.420685,新北市土城區沛陂里9鄰三民路4號,2026-09-13
新北市土城區中央路4段80號,24.959553,121.418773,新北市土城區頂埔里7鄰中央路四段80號,2026-09-13
新北市土城區員林街15號,24.978282,121.442984,新北市土城區員林里18鄰員林街15號,2026-09-13
新北市土城區員林里員林街15號,24.978282,121.442984,新北市土城區員林里18鄰員林街15號,2026-09-13
新北市土城區土城里興城路12號,24.973566,121.442574,新北市土城區土城里17鄰興城路12號,2026-09-13
新北市土城區承天路6號,24.964749,121.436255,新北市土城區大安里7鄰承天路6號,2026-09-13
新北市土城區永豐里清水路234巷5號,24.982349,121.461481,新北市土城區永豐里8鄰清水路234巷5號,2026-09-13
新北市土城區興城路12號,24.973566,121.442574,新北市土城區土城里17鄰興城路12號,2026-09-13
新北市平溪區十分街157號,25.043478,121.777697,新北市平溪區十分里6鄰十分街157號,2026-09-13
新北市新店區中正路367號,24.976389,121.534828,新北市新店區福德里1鄰中正路367號,2026-09-13
新北市新莊區中環路2段392號,25.046210,121.442156,新北市新莊區立泰里21鄰中環路二段392號之1,2026-09-13
新北市新莊區中華路1段66巷2號,25.038608,121.452345,新北市新莊區榮和里18鄰中華路一段66巷2號,2026-09-13
新北市新莊區化成路231號,25.052926,121.466129,新北市新莊區頭前里10鄰化成路231號,2026-09-13
新北市新莊區幸福路569號,25.049223,121.454048,新北市新莊區自信里10鄰幸福路569號,2026-09-13
新北市新莊區建興街28號,25.037246,121.450101,新北市新莊區興漢里16鄰建興街28號,2026-09-13
新北市新莊區新豐街20巷5號,25.034538,121.448038,新北市新莊區全安里14鄰新豐街20巷5號,2026-09-13
新北市新莊區瓊泰路116號,25.030931,121.443332,新北市新莊區國泰里2鄰瓊泰路116號,2026-09-13
新北市板橋區中山路1段293之1號,25.014407,121.470641,新北市板橋區香丘里14鄰中山路一段293之1號,2026-09-13
新北市板橋區四川路2段239號,24.993841,121.450834,新北市板橋區華德里19鄰四川路二段239號,2026-09-13
新北市板橋區文化路2段242號,25.027788,121.470945,新北市板橋區忠翠里9鄰文化路二段242號,2026-09-13
新北市板橋區民族路61號,25.008871,121.465145,新北市板橋區深丘里5鄰民族路61號,2026-09-13
新北市板橋區萬板路101號,25.023632,121.472717,新北市板橋區華翠里4鄰萬板路101號,2026-09-13
新北市板橋區重慶路66號,25.006454,121.461841,新北市板橋區景星里20鄰重慶路66號,2026-09-13
新北市林口區仁愛里文化一路1段137號,25.071966,121.373910,新北市林口區仁愛里30鄰文化一路一段137號,2026-09-13
新北市林口區南勢二街154號,25.073835,121.359019,新北市林口區南勢里11鄰南勢二街154號,2026-09-13
新北市林口區南勢街538號,25.078830,121.352026,新北市林口區南勢里4鄰南勢街538號,2026-09-13
新北市林口區南勢里南勢二街154號,25.073835,121.359019,新北市林口區南勢里11鄰南勢二街154號,2026-09-13
新北市林口區後坑34之1號,25.128390,121.349320,新北市林口區太平里11鄰後坑34之1號,2026-09-13
新北市林口區文化一路1段137號,25.071966,121.373910,新北市林口區仁愛里30鄰文化一路一段137號,2026-09-13
新北市林口區林口路76號,25.080842,121.389893,新北市林口區菁湖里4鄰林口路76號,2026-09-13
新北市樹林區中正路21之1號,24.999270,121.427642,新北市樹林區圳福里16鄰中正路21之1號,2026-09-13
新北市樹林區中正路21號,24.999302,121.427599,新北市樹林區圳福里16鄰中正路21號,2026-09-13
新北市樹林區佳園路1段71之5號,24.970203,121.393313,新北市樹林區中山里15鄰佳園路一段71之5號,2026-09-13
新北市樹林區佳園路3段128號,24.950831,121.386183,新北市樹林區南園里10鄰佳園路三段128號,2026-09-13
新北市樹林區佳園路3段15號,24.954999,121.388434,新北市樹林區柑園里2鄰佳園路三段15號,2026-09-13
新北市樹林區復興路225巷2號,24.990858,121.420272,新北市樹林區樹西里29鄰復興路225巷2號,2026-09-13
新北市樹林區復興路335巷7號,24.987683,121.418368,新北市樹林區樹南里7鄰復興路335巷7號,2026-09-13
新北市樹林區文化街112巷2號,24.989981,121.416925,新北市樹林區樹興里8鄰文化街112巷2號,2026-09-13
新北市樹林區文化街15號,24.987395,121.419676,新北市樹林區樹南里3鄰文化街15號,2026-09-13
新北市樹林區福順街27號,24.979272,121.415580,新北市樹林區太順里13鄰福順街27號,2026-09-13
新北市樹林區育英街176號,24.989427,121.417830,新北市樹林區樹西里13鄰育英街176號,2026-09-13
新北市樹林區鎮前街467號,24.982186,121.412602,新北市樹林區東陽里12鄰鎮前街467號,2026-09-13
新北市永和區中正路666巷70號,25.008989,121.519056,新北市永和區光明里1鄰中正路666巷68號,2026-09-13
新北市永和區中正路70號,24.994949,121.513662,新北市永和區智光里26鄰中正路70號,2026-09-13
新北市永和區安樂路204之216號,25.001848,121.515134,新北市永和區潭墘里3鄰安樂路204號,2026-09-13
新北市永和區安樂路342號,25.006176,121.514473,新北市永和區永安里11鄰安樂路342號,2026-09-13
新北市永和區安樂路431號,25.004310,121.514278,新北市永和區永樂里1鄰安樂路431號,2026-09-13
新北市永和區成功路1段1號,25.005317,121.527271,新北市永和區秀成里1鄰成功路一段1號,2026-09-13
新北市汐止區大同路2段394號,25.066949,121.658391,新北市汐止區禮門里17鄰大同路二段394號,2026-09-13
新北市汐止區康寧街520號,25.068622,121.633830,新北市汐止區湖光里1鄰康寧街520號之1,2026-09-13
新北市汐止區建成路39號,25.072883,121.662969,新北市汐止區城中里8鄰建成路39號,2026-09-13
新北市汐止區復興路1之1號,25.064958,121.655940,新北市汐止區復興里4鄰復興路1號,2026-09-13
新北市汐止區橫科路117號,25.050534,121.619967,新北市汐止區橫科里34鄰橫科路117號,2026-09-13
新北市汐止區環河街1號,25.063819,121.632833,新北市汐止區中興里32鄰環河街1號,2026-09-13
新北市汐止區福德三路9號,25.069430,121.637758,新北市汐止區康福里8鄰福德三路9號,2026-09-13
新北市汐止區茄苳路82號,25.070489,121.667029,新北市汐止區崇德里3鄰茄苳路82號,2026-09-13
新北市泰山區明志路2段426號,25.043811,121.424712,新北市泰山區明志里19鄰明志路二段426號,2026-09-13
新北市淡水區三民街2巷6號,25.171169,121.439376,新北市淡水區永吉里22鄰三民街2巷6號,2026-09-13
新北市淡水區中正東路1段3巷6號,25.164848,121.451057,新北市淡水區竿蓁里14鄰中正東路一段3巷6號,2026-09-13
新北市淡水區中正東路2段29之5號,25.156985,121.460209,新北市淡水區八勢里7鄰中正東路二段29之5號,2026-09-13
新北市淡水區中正路1段2號,25.176596,121.429053,新北市淡水區油車里1鄰中正路一段2號,2026-09-13
新北市淡水區中正路65號,25.169504,121.441139,新北市淡水區草東里16鄰中正路65號,2026-09-13
新北市淡水區學府路99號,25.171312,121.449293,新北市淡水區學府里4鄰學府路99號,2026-09-13
新北市淡水區後寮6號,25.197698,121.478421,新北市淡水區忠寮里11鄰後寮6號,2026-09-13
新北市淡水區新民街1段138巷7號,25.189322,121.428122,新北市淡水區大庄里10鄰新民街一段138巷7號,2026-09-13
新北市淡水區水源街1段29號,25.172342,121.443203,新北市淡水區中興里12鄰水源街一段29號,2026-09-13
新北市淡水區沙崙路300號,25.187183,121.427566,新北市淡水區油車里20鄰沙崙路300號,2026-09-13
新北市淡水區福德里自強路51號,25.131283,121.461543,新北市淡水區福德里8鄰自強路51號,2026-09-13
新北市淡水區竿蓁里中正東路1段3巷6號,25.164848,121.451057,新北市淡水區竿蓁里14鄰中正東路一段3巷6號,2026-09-13
新北市淡水區自強路51號,25.131283,121.461543,新北市淡水區福德里8鄰自強路51號,2026-09-13
新北市淡水區鼻頭街22號,25.166015,121.447054,新北市淡水區幸福里1鄰鼻頭街22號,2026-09-13
新北市深坑區北深路1段83巷8弄36號,25.010023,121.634587,新北市深坑區土庫里17鄰北深路一段83巷8弄36號,2026-09-13
新北市深坑區文化街45號,25.001803,121.616875,新北市深坑區深坑里30鄰文化街45號,2026-09-13
新北市烏來區忠治里新烏路5段111號,24.871714,121.548005,新北市烏來區忠治里2鄰新烏路五段111號,2026-09-13
新北市烏來區新烏路5段111號,24.871714,121.548005,新北市烏來區忠治里2鄰新烏路五段111號,2026-09-13
新北市烏來區烏來里啦卡路5號,24.863038,121.554224,新北市烏來區烏來里3鄰啦卡路5號,2026-09-13
新北市瑞芳區逢甲路274之2號,25.111349,121.804697,新北市瑞芳區龍山里10鄰逢甲路274之2號,2026-09-13
新北市瑞芳區魚寮路146號,25.057988,121.819829,新北市瑞芳區碩仁里3鄰魚寮路146號,2026-09-13
新北市石碇區石碇西街15號,24.990263,121.658955,新北市石碇區石碇里6鄰石碇西街15號,2026-09-13
新北市石碇區靜安路1段245號,25.007795,121.688007,新北市石碇區永定里9鄰靜安路一段245號,2026-09-13
新北市石門區中山路34號,25.290163,121.566429,新北市石門區石門里5鄰中山路34號,2026-09-13
新北市石門區山溪里老崩山6之5號,25.290889,121.551720,新北市石門區山溪里1鄰老崩山6之5號,2026-09-13
新北市萬里區瑪鋉路123號,25.178248,121.689187,新北市萬里區萬里里3鄰瑪鋉路123號,2026-09-13
新北市萬里區瑪鋉路157號,25.178332,121.689713,新北市萬里區萬里里4鄰瑪鋉路157號,2026-09-13
新北市萬里區瑪鋉路15號,25.177827,121.685353,新北市萬里區萬里里2鄰瑪鋉路15號,2026-09-13
新北市蘆洲區中正路172號,25.086869,121.468039,新北市蘆洲區保佑里1鄰中正路172號,2026-09-13
新北市蘆洲區信義路266巷9號,25.087205,121.478520,新北市蘆洲區信義里10鄰信義路266巷9號,2026-09-13
新北市蘆洲區民族路33巷8號,25.085495,121.478063,新北市蘆洲區鷺江里13鄰民族路33巷8號,2026-09-13
新北市蘆洲區民權路78號,25.087573,121.474765,新北市蘆洲區仁愛里11鄰民權路78號,2026-09-13
新北市貢寮區學苑街7號,25.022017,121.915086,新北市貢寮區雙玉里10鄰學苑街7號,2026-09-13
新北市金山區中山路234號,25.222963,121.636519,新北市金山區美田里2鄰中山路234號,2026-09-13
新北市鶯歌區中山路138巷3之4號,24.958012,121.349486,新北市鶯歌區西鶯里18鄰中山路138巷3號之4,2026-09-13
新北市鶯歌區中正三路鄭厝巷14之3號,24.934751,121.333153,新北市鶯歌區二橋里7鄰中正三路鄭厝巷14之3號,2026-09-13
新北市鶯歌區二甲里1鄰環河路169號,24.937488,121.344323,新北市鶯歌區二甲里1鄰環河路169號,2026-09-13
新北市鶯歌區文化路181號,24.953976,121.355440,新北市鶯歌區東鶯里5鄰文化路181號,2026-09-13
新北市鶯歌區文化路215號,24.953499,121.354657,新北市鶯歌區東鶯里7鄰文化路215號,2026-09-13
新北是新莊區中原路191號,25.054209,121.452272,新北市新莊區昌平里20鄰中原路191號,2026-09-13
新和順清慈宮,23.042973,120.211712,臺南市安南區新順里20鄰培安路173號,2026-09-13
新埔六街140號,25.017194,121.301834,桃園市桃園區藝文里7鄰新埔六街140號,2026-09-13
新埔鎮成功街240號,24.828829,121.074369,新竹縣新埔鎮新民里14鄰成功街240號,2026-09-13
新屋區中山路370號,24.972875,121.104147,桃園市新屋區新生里5鄰中山路370號,2026-09-13
新屋區中正路196號,24.974081,121.102033,桃園市新屋區新生里4鄰中正路196號,2026-09-13
新屋區中興路111號,24.970099,121.101834,桃園市新屋區新屋里14鄰中興路111號,2026-09-13
新屋區中華南路2段50號,24.957577,121.115783,桃園市新屋區埔頂里1鄰中華南路二段50號,2026-09-13
新屋區中華路658號,24.981321,121.107703,桃園市新屋區清華里16鄰中華路658號,2026-09-13
新屋區後庄村東福路2段515號,24.951087,121.019760,桃園市新屋區後庄里5鄰東福路二段515號,2026-09-13
新屋區後庄里東福路2段515號,24.951087,121.019760,桃園市新屋區後庄里5鄰東福路二段515號,2026-09-13
新屋區新生里3鄰中山路267巷1號,24.972402,121.104985,桃園市新屋區新生里3鄰中山路267巷1號,2026-09-13
新屋區新生里中山路370號,24.972875,121.104147,桃園市新屋區新生里5鄰中山路370號,2026-09-13
新屋區笨港里聖賢路39號,24.975833,121.026588,桃園市新屋區笨港里2鄰聖賢路39號,2026-09-13
新營區中山路93之2號,23.305751,120.320065,臺南市新營區興業里4鄰中山路93之2號,2026-09-13
新營區中正路23號,23.308580,120.315842,臺南市新營區民權里5鄰中正路23號,2026-09-13
新營區中正路39之9號,23.314231,120.316466,臺南市新營區忠政里4鄰中正路39之9號,2026-09-13
新營區中正路41號,23.315260,120.316352,臺南市新營區忠政里11鄰中正路41號,2026-09-13
新營區建業路191號,23.298355,120.298573,臺南市新營區南紙里22鄰建業路191號,2026-09-13
新營區新東里10鄰東仁街10巷39號,23.316564,120.328685,臺南市新營區新東里12鄰東仁街10巷39號,2026-09-13
新營區新進路45號,23.300550,120.312152,臺南市新營區永平里16鄰新進路二段45號,2026-09-13
新營區東學路77號,23.315578,120.326209,臺南市新營區新東里15鄰東學路77號,2026-09-13
新營區民族路4之3號,23.306471,120.318624,臺南市新營區大宏里8鄰民族路4之3號,2026-09-13
新營區民治路65號,23.309520,120.308701,臺南市新營區民生里4鄰民治路65號,2026-09-13
新竹市中和路15巷17號,24.800136,120.957210,新竹市北區西雅里18鄰中和路15巷17號,2026-09-13
新竹市中央路241號,24.809670,120.976231,新竹市東區復中里7鄰中央路241號,2026-09-13
新竹市中央路342號,24.810665,120.978764,新竹市東區復興里1鄰中央路342號,2026-09-13
新竹市中山路598號,24.797012,120.955406,新竹市香山區頂埔里2鄰中山路598號,2026-09-13
新竹市中正路20號,24.803051,120.971392,新竹市東區榮光里2鄰中正路20號,2026-09-13
新竹市中正路96巷16號,24.805616,120.970275,新竹市東區中正里3鄰中正路96巷16號,2026-09-13
新竹市中華路2段471號,24.801221,120.970546,新竹市東區榮光里6鄰中華路二段471號,2026-09-13
新竹市中華路2段49號,24.808598,120.982270,新竹市東區東園里14鄰中華路二段49號,2026-09-13
新竹市五福路2段707號,24.757337,120.952318,新竹市香山區東香里6鄰五福路二段707號,2026-09-13
新竹市元培街306號,24.777840,120.940380,新竹市香山區香村里1鄰元培街306號,2026-09-13
新竹市光復路1段163巷53弄1之4號,24.780158,121.021764,新竹市東區金山里22鄰光復路一段163巷53弄1之4號,2026-09-13
新竹市光復路1段448號,24.784960,121.013552,新竹市東區龍山里12鄰光復路一段448號,2026-09-13
新竹市光復路1段512號,24.786032,121.011864,新竹市東區龍山里6鄰光復路一段512號,2026-09-13
新竹市光復路1段525巷27號,24.783613,121.013513,新竹市東區仙水里10鄰光復路一段525巷27號,2026-09-13
新竹市光復路2段101號,24.796398,120.996864,新竹市東區光明里7鄰光復路二段101號,2026-09-13
新竹市光華街91號,24.817268,120.972117,新竹市北區光華里8鄰光華街91號,2026-09-13
新竹市八德路155號,24.804242,120.985185,新竹市東區東勢里13鄰八德路155號,2026-09-13
新竹市北區北大路22號,24.810416,120.969288,新竹市北區大同里12鄰北大路99號,2026-09-13
新竹市北區國華街69號,24.816368,120.970300,新竹市北區光華里1鄰國華街69號,2026-09-13
新竹市北區東大路4段315號,24.846370,120.925295,新竹市北區南寮里22鄰東大路四段315號,2026-09-13
新竹市北區林森路278號,24.797657,120.961890,新竹市北區育英里18鄰林森路278號,2026-09-13
新竹市北區水田街91巷9號,24.815842,120.967493,新竹市北區光田里2鄰水田街91巷9號,2026-09-13
新竹市北區湳雅街313巷5號,24.823167,120.976288,新竹市北區舊社里7鄰湳雅街313巷5號,2026-09-13
新竹市北區舊港里6鄰54號,24.845631,120.942055,新竹市北區舊港里6鄰舊港54號,2026-09-13
新竹市北大路373號,24.804403,120.961070,新竹市北區崇禮里12鄰北大路373號,2026-09-13
新竹市北門街172號,24.808657,120.965213,新竹市北區北門里2鄰北門街172號,2026-09-13
新竹市千甲路385號,24.806902,121.012693,新竹市東區千甲里4鄰千甲路385號,2026-09-13
新竹市千甲路460號,24.802808,121.019406,新竹市東區千甲里4鄰千甲路460號,2026-09-13
新竹市南大路175號,24.799853,120.973494,新竹市東區下竹里11鄰南大路175號,2026-09-13
新竹市南大路808巷1之1號,24.788771,120.966014,新竹市東區光鎮里10鄰南大路808巷1號,2026-09-13
新竹市博愛街106號,24.799062,120.982338,新竹市東區綠水里16鄰博愛街106號,2026-09-13
新竹市原興路198號,24.811499,121.001997,新竹市東區水源里5鄰原興路198號,2026-09-13
新竹市吉羊路96號,24.824096,120.954510,新竹市北區士林里9鄰吉羊路96號,2026-09-13
新竹市園後街40號,24.800136,120.983990,新竹市東區綠水里21鄰園後街40號,2026-09-13
新竹市埔頂二路123號,24.792422,121.010349,新竹市東區埔頂里7鄰埔頂二路123號,2026-09-13
新竹市埔頂路136號,24.794176,121.010028,新竹市東區埔頂里11鄰埔頂路136號,2026-09-13
新竹市大同路86號,24.804866,120.968645,新竹市東區中正里4鄰大同路86號,2026-09-13
新竹市學府路128號,24.796856,120.984713,新竹市東區綠水里9鄰學府路128號,2026-09-13
新竹市學府路2號,24.793843,120.976798,新竹市東區建華里2鄰學府路2號,2026-09-13
新竹市工業東二路1號,24.779787,121.005629,新竹市東區科園里24鄰工業東二路1號,2026-09-13
新竹市建中一路23巷21號,24.800149,120.993424,新竹市東區豐功里14鄰建中一路23巷21號,2026-09-13
新竹市建功一路49巷14號,24.798998,120.996504,新竹市東區軍功里29鄰建功一路49巷14號,2026-09-13
新竹市建新路52號,24.797904,120.997004,新竹市東區軍功里14鄰建新路52號,2026-09-13
新竹市建華街36號,24.793710,120.975162,新竹市東區建華里5鄰建華街36號,2026-09-13
新竹市忠孝路50號,24.801618,120.990662,新竹市東區光復里11鄰忠孝路50號,2026-09-13
新竹市慈雲路81號,24.791151,121.011808,新竹市東區埔頂里21鄰慈雲路81號,2026-09-13
新竹市成功路192巷191弄22之1號,24.811683,120.947361,新竹市北區新雅里20鄰成功路192巷191弄22之1號,2026-09-13
新竹市成功路192巷196號,24.812313,120.948257,新竹市北區新雅里19鄰成功路192巷196號,2026-09-13
新竹市明湖路775巷36號,24.774461,120.968521,新竹市東區明湖里1鄰明湖路775巷36號,2026-09-13
新竹市東區三民里中華路2段2之1號,24.809673,120.983439,新竹市東區三民里12鄰中華路二段2之1號,2026-09-13
新竹市東區中央路229號,24.809666,120.974931,新竹市東區復中里7鄰中央路229號,2026-09-13
新竹市東區中央路241號,24.809670,120.976231,新竹市東區復中里7鄰中央路241號,2026-09-13
新竹市東區中央路342號,24.810665,120.978764,新竹市東區復興里1鄰中央路342號,2026-09-13
新竹市東區中央路345號,24.813943,120.980643,新竹市東區復興里7鄰中央路345號,2026-09-13
新竹市東區中華路2段2之1號,24.809673,120.983439,新竹市東區三民里12鄰中華路二段2之1號,2026-09-13
新竹市東區光復路1段163巷1之4號,24.781443,121.022441,新竹市東區金山里10鄰光復路一段163巷1號,2026-09-13
新竹市東區八德路233號,24.803742,120.985256,新竹市東區東勢里17鄰八德路233號,2026-09-13
新竹市東區南大路500之1號,24.795314,120.965633,新竹市東區振興里6鄰南大路500之1號,2026-09-13
新竹市東區南門街109之1號,24.802517,120.966756,新竹市東區關帝里8鄰南門街105之2號,2026-09-13
新竹市東區博愛街106號,24.799062,120.982338,新竹市東區綠水里16鄰博愛街106號,2026-09-13
新竹市東區原興路198號,24.811499,121.001997,新竹市東區水源里5鄰原興路198號,2026-09-13
新竹市東區建中一路23巷21號,24.800149,120.993424,新竹市東區豐功里14鄰建中一路23巷21號,2026-09-13
新竹市東區建功一路49巷14號,24.798998,120.996504,新竹市東區軍功里29鄰建功一路49巷14號,2026-09-13
新竹市東區建新路52號,24.797904,120.997004,新竹市東區軍功里14鄰建新路52號,2026-09-13
新竹市東區建華里2鄰學府路2號,24.793843,120.976798,新竹市東區建華里2鄰學府路2號,2026-09-13
新竹市東區東南街142巷28號,24.796839,120.973219,新竹市東區頂竹里1鄰東南街142巷28號,2026-09-13
新竹市東區東大路4段32號,24.802283,120.976492,新竹市東區公園里8鄰東大路一段32號,2026-09-13
新竹市東區東山里食品路155巷29號,24.796585,120.976954,新竹市東區東山里16鄰食品路155巷29號,2026-09-13
新竹市東區東門街33號,24.804028,120.973432,新竹市東區榮光里8鄰東門街33號,2026-09-13
新竹市東區林森路32號,24.801825,120.968731,新竹市東區成功里7鄰林森路32號,2026-09-13
新竹市東區民享一街36號,24.782640,121.009420,新竹市東區科園里19鄰民享一街36號,2026-09-13
新竹市東區民族路31號,24.803951,120.971949,新竹市東區榮光里3鄰民族路31號,2026-09-13
新竹市東區民族路36號,24.804912,120.972830,新竹市東區育賢里9鄰民族路36號,2026-09-13
新竹市東區科園里科學園路162巷36號,24.781862,121.010208,新竹市東區科園里9鄰科學園路162巷36號,2026-09-13
新竹市東區立功里光復路2段42巷12弄35號,24.793198,121.004023,新竹市東區立功里5鄰光復路二段42巷12弄35號,2026-09-13
新竹市東區立鵬路82之120號,24.790200,121.011171,新竹市東區龍山里17鄰立鵬路82號,2026-09-13
新竹市東區竹蓮街10號,24.796932,120.972644,新竹市東區頂竹里2鄰竹蓮街10號,2026-09-13
新竹市東區竹蓮街6號,24.796792,120.972727,新竹市東區頂竹里2鄰竹蓮街6號,2026-09-13
新竹市東區綠水里園後街40號,24.800136,120.983990,新竹市東區綠水里21鄰園後街40號,2026-09-13
新竹市東區西大路72巷55號,24.797047,120.970931,新竹市東區南大里8鄰西大路72巷55號,2026-09-13
新竹市東區豐功里建中一路23巷21號,24.800149,120.993424,新竹市東區豐功里14鄰建中一路23巷21號,2026-09-13
新竹市東區軍功里建新路52號,24.797904,120.997004,新竹市東區軍功里14鄰建新路52號,2026-09-13
新竹市東區金城一路67號,24.794428,121.002810,新竹市東區建功里2鄰金城一路67號,2026-09-13
新竹市東區金山里光復路1段163巷53弄1號,24.780158,121.021764,新竹市東區金山里22鄰光復路一段163巷53弄1之4號,2026-09-13
新竹市東區食品路155巷27號,24.796601,120.976947,新竹市東區東山里16鄰食品路155巷27號,2026-09-13
新竹市東區食品路155巷29號,24.796585,120.976954,新竹市東區東山里16鄰食品路155巷29號,2026-09-13
新竹市東區食品路66號,24.800156,120.980037,新竹市東區公園里7鄰食品路66號,2026-09-13
新竹市東區高峰里高峰路325巷8弄18號,24.780819,120.981179,新竹市東區高峰里14鄰高峰路325巷8弄18號,2026-09-13
新竹市東區龍山西路107號,24.790688,121.009490,新竹市東區龍山里18鄰龍山西路107號,2026-09-13
新竹市東區龍山西路99號,24.790387,121.009938,新竹市東區龍山里18鄰龍山西路99號,2026-09-13
新竹市東區龍山里光復路1段472號,24.785218,121.012862,新竹市東區龍山里12鄰光復路一段472號,2026-09-13
新竹市東區龍山里光復路1段512號,24.786032,121.011864,新竹市東區龍山里6鄰光復路一段512號,2026-09-13
新竹市東大路1段132號,24.808329,120.972253,新竹市東區錦華里1鄰東大路一段132號,2026-09-13
新竹市東大路1段137之1號,24.808530,120.971931,新竹市東區親仁里6鄰東大路一段137之1號,2026-09-13
新竹市東大路2段15巷1號,24.811191,120.968858,新竹市北區水田里3鄰東大路二段15巷1號,2026-09-13
新竹市東大路2段232巷17號,24.818815,120.965177,新竹市北區武陵里20鄰東大路二段232巷17號,2026-09-13
新竹市東大路2段386號,24.819486,120.962858,新竹市北區武陵里22鄰東大路二段386號,2026-09-13
新竹市東大路2段598巷108號,24.825963,120.962023,新竹市北區古賢里1鄰東大路二段598巷117之1號,2026-09-13
新竹市東大路3段335巷7號,24.835542,120.944251,新竹市北區康樂里6鄰東大路三段335巷7號,2026-09-13
新竹市東大路3段357巷6號,24.836240,120.943422,新竹市北區康樂里4鄰東大路三段357巷6號,2026-09-13
新竹市東大路4段32號,24.841512,120.936190,新竹市北區南寮里6鄰東大路四段32號,2026-09-13
新竹市東大路4段35號,24.841491,120.935673,新竹市北區南寮里6鄰東大路四段35號,2026-09-13
新竹市東明街138巷1號,24.804372,120.987415,新竹市東區東勢里3鄰東明街138巷1號,2026-09-13
新竹市東香路2段20號,24.773545,120.951462,新竹市香山區東香里2鄰東香路二段20號,2026-09-13
新竹市林森路176號,24.799304,120.964446,新竹市東區福德里5鄰林森路176號,2026-09-13
新竹市武陵西三路7號,24.819845,120.964705,新竹市北區武陵里24鄰武陵西三路7號,2026-09-13
新竹市武陵路111之1號,24.819167,120.966980,新竹市北區湳中里1鄰武陵路111之1號,2026-09-13
新竹市武陵路73巷8號,24.818578,120.966033,新竹市北區武陵里25鄰武陵路73巷8號,2026-09-13
新竹市民享一街36號,24.782640,121.009420,新竹市東區科園里19鄰民享一街36號,2026-09-13
新竹市民族路31號,24.803951,120.971949,新竹市東區榮光里3鄰民族路31號,2026-09-13
新竹市民族路33號,24.805696,120.972509,新竹市東區育賢里11鄰民族路33號,2026-09-13
新竹市水源街77巷18號,24.801513,120.991017,新竹市東區光復里10鄰水源街77巷18號,2026-09-13
新竹市水田街146號,24.815208,120.967547,新竹市北區光田里8鄰水田街146號,2026-09-13
新竹市水田街98號,24.813962,120.966534,新竹市北區水田里13鄰水田街98號,2026-09-13
新竹市湳雅街187巷84之1號,24.821025,120.971809,新竹市北區湳雅里7鄰湳雅街187巷84之1號,2026-09-13
新竹市湳雅街88號,24.818905,120.972031,新竹市北區光華里12鄰湳雅街88號,2026-09-13
新竹市田美三街2號,24.814858,120.977053,新竹市東區文華里14鄰田美三街2號,2026-09-13
新竹市田美二街8號,24.814850,120.972897,新竹市東區文華里8鄰田美二街8號,2026-09-13
新竹市科學園區展業一路2號,24.782050,121.002503,新竹市東區科園里22鄰展業一路2號,2026-09-13
新竹市竹蓮街6號,24.796792,120.972727,新竹市東區頂竹里2鄰竹蓮街6號,2026-09-13
新竹市綠水里博愛街106號,24.799062,120.982338,新竹市東區綠水里16鄰博愛街106號,2026-09-13
新竹市育英路69號,24.799170,120.958271,新竹市北區育英里6鄰育英路69號,2026-09-13
新竹市自由路69號,24.812992,120.980658,新竹市東區復興里9鄰自由路69號,2026-09-13
新竹市西大路213號,24.798450,120.968133,新竹市東區振興里1鄰西大路213號,2026-09-13
新竹市西大路681巷1號,24.810203,120.957214,新竹市北區磐石里11鄰西大路681巷1號,2026-09-13
新竹市西大路95號,24.796100,120.970666,新竹市東區南大里16鄰西大路95號,2026-09-13
新竹市西濱路1段1段1巷76弄1號,24.827450,120.925330,新竹市北區港北里10鄰西濱路一段1巷76弄3號,2026-09-13
新竹市西門街185號,24.800457,120.962087,新竹市北區興南里9鄰西門街185號,2026-09-13
新竹市關新一街26號,24.783874,121.019044,新竹市東區關東里22鄰關新一街26號,2026-09-13
新竹市關新路19巷49號,24.784008,121.017327,新竹市東區關新里8鄰關新路19巷49號,2026-09-13
新竹市關新路53號,24.785768,121.018589,新竹市東區關新里5鄰關新路53號,2026-09-13
新竹市食品路155巷27號,24.796601,120.976947,新竹市東區東山里16鄰食品路155巷27號,2026-09-13
新竹市食品路67號,24.798676,120.978983,新竹市東區綠水里3鄰食品路67號,2026-09-13
新竹市香山區?茄苳里茄苳路56號,24.756034,120.946654,新竹市香山區茄苳里10鄰茄苳路56號,2026-09-13
新竹市香山區元培街262號,24.778299,120.938542,新竹市香山區香村里1鄰元培街262號,2026-09-13
新竹市香山區南港街48之1號,24.739753,120.897030,新竹市香山區南港里4鄰南港街48之1號,2026-09-13
新竹市香山區延平路2段336號,24.808354,120.934088,新竹市香山區虎林里11鄰延平路二段336號,2026-09-13
新竹市香山區樹下街95號,24.799504,120.934364,新竹市香山區樹下里6鄰樹下街95號,2026-09-13
新竹市香山區牛埔南路376巷151之1號,24.795506,120.931152,新竹市香山區樹下里9鄰牛埔南路376巷151之1號,2026-09-13
新竹市香山區西濱路4段365號,24.770343,120.914153,新竹市香山區朝山里8鄰西濱路四段365號,2026-09-13
新竹市體育街58號,24.802462,120.981203,新竹市東區公園里5鄰體育街58號,2026-09-13
新竹市高峰路221巷9號,24.785200,120.979806,新竹市東區高峰里7鄰高峰路221巷9號,2026-09-13
新竹市高峰路386巷100弄21號,24.778188,120.977864,新竹市東區高峰里15鄰高峰路386巷100弄21號,2026-09-13
新竹市高翠路327巷8弄2號,24.776902,120.985104,新竹市東區高峰里21鄰高翠路327巷8弄2號,2026-09-13
新竹市龍山西路107號,24.790688,121.009490,新竹市東區龍山里18鄰龍山西路107號,2026-09-13
新竹縣五峰鄉大隘村12鄰190之1號,24.630464,121.120415,新竹縣五峰鄉大隘村9鄰五峰190號,2026-09-13
新竹縣北埔鄉南興村光復街28號,24.698842,121.056571,新竹縣北埔鄉南興村14鄰光復街28號,2026-09-13
新竹縣寶山鄉寶新路2段251巷25號,24.742315,120.977318,新竹縣寶山鄉新城村7鄰寶新路二段251巷25號,2026-09-13
新竹縣尖石鄉梅花村四鄰95之1號,24.673110,121.204029,新竹縣尖石鄉梅花村4鄰梅花95之1號,2026-09-13
新竹縣新埔鎮義民路2段236巷139號,24.839291,121.053006,新竹縣新埔鎮上寮里6鄰義民路二段236巷139號,2026-09-13
新竹縣新豐鄉康樂路1段516號,24.874987,120.985566,新竹縣新豐鄉松柏村1鄰康樂路一段516號,2026-09-13
新竹縣新豐鄉重興村成德街36號,24.902398,120.991273,新竹縣新豐鄉重興村15鄰成德街36號,2026-09-13
新竹縣橫山鄉中豐路2段157號,24.719015,121.140440,新竹縣橫山鄉大肚村3鄰中豐路二段157號,2026-09-13
新竹縣湖口鄉中平路1段510號,24.898018,121.061560,新竹縣湖口鄉中勢村1鄰中平路一段510號,2026-09-13
新竹縣湖口鄉新生路122號,24.866059,121.026017,新竹縣湖口鄉勝利村28鄰新生路122號,2026-09-13
新竹縣湖口鄉民族街227號,24.906083,121.047129,新竹縣湖口鄉愛勢村16鄰民族街227號,2026-09-13
新竹縣竹北市三民路549號,24.836434,121.005760,新竹縣竹北市竹義里4鄰三民路549號,2026-09-13
新竹縣竹北市中正東路111號,24.834964,121.017255,新竹縣竹北市竹仁里7鄰中正東路111號,2026-09-13
新竹縣竹北市中正東路213號,24.835019,121.014866,新竹縣竹北市竹仁里14鄰中正東路213號,2026-09-13
新竹縣竹北市光明二街91號,24.832305,121.006478,新竹縣竹北市北崙里11鄰光明二街91號,2026-09-13
新竹縣竹北市勝利五路195號,24.823344,121.029086,新竹縣竹北市十興里34鄰勝利五路195號,2026-09-13
新竹縣竹北市勝利十一路139號,24.826411,121.029836,新竹縣竹北市北興里27鄰勝利十一路139號,2026-09-13
新竹縣竹北市十興路1段261號,24.829448,121.028201,新竹縣竹北市北興里13鄰十興路一段261號,2026-09-13
新竹縣竹北市博愛街236號,24.834048,121.007420,新竹縣竹北市北崙里15鄰博愛街236號,2026-09-13
新竹縣竹北市和平街82號,24.839590,121.009976,新竹縣竹北市竹北里27鄰和平街82號,2026-09-13
新竹縣竹北市嘉政七街100號,24.804988,121.031411,新竹縣竹北市東平里22鄰嘉政七街100號,2026-09-13
新竹縣竹北市嘉興路62號,24.814323,121.025006,新竹縣竹北市鹿場里31鄰嘉興路62號,2026-09-13
新竹縣竹北市嘉豐七街145號,24.810297,121.031539,新竹縣竹北市中興里8鄰嘉豐七街145號,2026-09-13
新竹縣竹北市復興五街62號,24.813011,121.024745,新竹縣竹北市鹿場里31鄰復興五街52號,2026-09-13
新竹縣竹北市白地街496巷358號,24.856002,120.969017,新竹縣竹北市白地里5鄰白地街496巷355號,2026-09-13
新竹縣竹北市科大二街101號,24.820621,121.009145,新竹縣竹北市中崙里31鄰科大二街101號,2026-09-13
新竹縣竹北市縣政二路181號,24.831470,121.018064,新竹縣竹北市文化里14鄰縣政二路181號,2026-09-13
新竹縣竹北市縣政八街77號,24.827261,121.010740,新竹縣竹北市北崙里1鄰縣政八街77號,2026-09-13
新竹縣竹北市莊敬北路423號,24.830140,121.026386,新竹縣竹北市北興里1鄰莊敬北路423號,2026-09-13
新竹縣竹北市長園一街236號,24.846674,120.977026,新竹縣竹北市麻園里3鄰長園一街236號,2026-09-13
新竹縣竹東鎮三重里中興路2段152巷30號,24.760520,121.064446,新竹縣竹東鎮三重里10鄰中興路二段152巷30號,2026-09-13
新竹縣竹東鎮二重里中興路3段73巷23號,24.765613,121.056781,新竹縣竹東鎮二重里1鄰中興路三段73巷23號,2026-09-13
新竹縣竹東鎮大同路109巷5號,24.739505,121.089510,新竹縣竹東鎮榮樂里6鄰大同路109巷5號,2026-09-13
新竹縣竹東鎮大同路95號,24.738969,121.089504,新竹縣竹東鎮榮樂里8鄰大同路95號,2026-09-13
新竹縣竹東鎮康莊街107巷54號,24.736463,121.080326,新竹縣竹東鎮五豐里48鄰康莊街107巷54號,2026-09-13
新竹縣竹東鎮忠孝街71巷1弄29號,24.744075,121.078937,新竹縣竹東鎮五豐里22鄰忠孝街71巷1弄29號,2026-09-13
新竹縣竹東鎮東寧路2段319號,24.736140,121.088464,新竹縣竹東鎮東華里3鄰東寧路二段319號,2026-09-13
新竹縣竹東鎮東寧路3段127號,24.739482,121.085939,新竹縣竹東鎮竹東里13鄰東寧路三段127號,2026-09-13
新竹縣竹東鎮柯湖路1段157之6號,24.775951,121.030845,新竹縣竹東鎮頭重里23鄰柯湖路一段157之5號,2026-09-13
新竹縣竹東鎮榮樂里大同路77號,24.738914,121.088914,新竹縣竹東鎮榮樂里8鄰大同路77號,2026-09-13
新竹縣竹東鎮至善路9號,24.718553,121.096013,新竹縣竹東鎮員崠里17鄰至善路9號,2026-09-13
新竹縣竹東鎮長安路130號,24.735964,121.090958,新竹縣竹東鎮鷄林里23鄰長安路130號,2026-09-13
新竹縣縣政九路195號,24.831332,121.011799,新竹縣竹北市文化里3鄰縣政九路195號,2026-09-13
新竹縣芎林鄉上山村文山路789號,24.783585,121.074575,新竹縣芎林鄉上山村5鄰文山路789號,2026-09-13
新竹縣芎林鄉五龍村9鄰76號,24.737983,121.114464,新竹縣芎林鄉五龍村9鄰鹿寮坑76號,2026-09-13
新竹縣芎林鄉文林村文山路238號,24.773577,121.082948,新竹縣芎林鄉文林村2鄰文山路238號,2026-09-13
新竹縣芎林鄉新竹縣芎林鄉上山村上山村8鄰上山82之12號,24.792676,121.073170,新竹縣芎林鄉上山村8鄰上山82之12號,2026-09-13
新竹縣芎林鄉綠獅三街6號,24.783448,121.074450,新竹縣芎林鄉上山村5鄰綠獅三街6號,2026-09-13
新竹縣關西鎮中山東路103號,24.790159,121.181481,新竹縣關西鎮東安里6鄰中山東路103號,2026-09-13
新竹縣關西鎮中山路126號,24.702893,121.054110,新竹縣關西鎮西安里7鄰中山路126號,2026-09-13
新竹縣關西鎮北山里4鄰崁下25號,24.800632,121.166866,新竹縣關西鎮北山里4鄰崁下25號,2026-09-13
新竹縣關西鎮石光里石岡子308巷46號,24.813164,121.129990,新竹縣關西鎮石光里6鄰石岡子308巷46號,2026-09-13
新興國中,22.977802,120.187566,臺南市南區國宅里12鄰新孝路87號,2026-09-13
新莊區中環路2段392號,25.046210,121.442156,新北市新莊區立泰里21鄰中環路二段392號之1,2026-09-13
旗山區旗甲路2段256巷4號,22.920353,120.496843,高雄市旗山區圓富里6鄰旗甲路二段256巷4號,2026-09-13
明誠二路524號,22.661311,120.304479,高雄市左營區新超里18鄰明誠二路524號,2026-09-13
春鶯藝術工作室,23.572431,119.577517,澎湖縣馬公市朝陽里22鄰中華路279號,2026-09-13
曾子路281號,22.679456,120.306725,高雄市左營區新光里20鄰曾子路281號,2026-09-13
東區育樂街197巷10之1號,22.993375,120.215342,臺南市東區成大里2鄰育樂街197巷10號之1,2026-09-13
東園街90之1號,25.024630,121.496995,臺北市萬華區忠德里11鄰東園街90之1號,2026-09-13
東山區福安街2號,23.318899,120.399987,臺南市東山區東中里18鄰福安街2號,2026-09-13
東山區青葉路2段49號,23.323704,120.404761,臺南市東山區東中里5鄰青葉路二段49號,2026-09-13
林邊鄉中山路417號,22.436889,120.511347,屏東縣林邊鄉仁和村14鄰中山路417號,2026-09-13
柳營區東昇里中山西路1段362號,23.278612,120.317099,臺南市柳營區東昇里5鄰中山西路一段362號,2026-09-13
校本部,22.634036,120.287797,高雄市三民區立德里8鄰市中一路339號,2026-09-13
桃園區中埔六街6號,25.015787,121.296665,桃園市桃園區同德里9鄰中埔六街6號,2026-09-13
桃園區中正五街315號,25.001043,121.303347,桃園市桃園區永安里17鄰中正五街315號,2026-09-13
桃園區信光路55號,25.005723,121.306884,桃園市桃園區東埔里21鄰信光路55號,2026-09-13
桃園區力行路22號,25.003082,121.304668,桃園市桃園區長安里1鄰力行路22號,2026-09-13
桃園區南平路110巷2號,25.020666,121.302888,桃園市桃園區自強里4鄰南平路110巷2號,2026-09-13
桃園區南華街77號,24.990994,121.308056,桃園市桃園區南華里8鄰南華街77號,2026-09-13
桃園區南通路65號,25.020084,121.305577,桃園市桃園區新埔里17鄰南通路65號,2026-09-13
桃園區國際路2段501巷3之7號,25.004290,121.285190,桃園市桃園區中成里5鄰國際路二段501巷3之7號,2026-09-13
桃園區大原路31號,24.977783,121.320108,桃園市桃園區大林里27鄰大原路31號,2026-09-13
桃園區延平路265號,24.976655,121.315159,桃園市桃園區大樹里3鄰延平路265號,2026-09-13
桃園區慈文路65號,25.010158,121.305608,桃園市桃園區信光里1鄰慈文路65號,2026-09-13
桃園區成功路3段38號,24.999339,121.326414,桃園市桃園區三元里11鄰成功路三段38號,2026-09-13
桃園區新生路169之2號,24.995827,121.307606,桃園市桃園區西門里11鄰新生路169之2號,2026-09-13
桃園區泰成路62巷67之2號,24.988568,121.297370,桃園市桃園區泰山里6鄰泰成路62巷67之2號,2026-09-13
桃園區玉山街233巷36弄3號,24.983850,121.300719,桃園市桃園區玉山里25鄰玉山街233巷36弄3號,2026-09-13
桃園區莊敬路1段128號,25.025926,121.301195,桃園市桃園區幸福里2鄰莊敬路一段128號,2026-09-13
桃園區鎮撫街41號,24.998192,121.314448,桃園市桃園區青溪里1鄰鎮撫街41號,2026-09-13
桃園區龍泉二街36號,24.981351,121.270520,桃園市桃園區龍壽里3鄰龍泉二街36號,2026-09-13
桃園巿大園鄉華興路40號,25.063854,121.193234,桃園市大園區田心里6鄰華興路40號,2026-09-13
桃園市中壢區七和一街31號,24.964065,121.227156,桃園市中壢區新街里15鄰七和一街31號,2026-09-13
桃園市中壢區中北路2段434號,24.954514,121.233207,桃園市中壢區正義里16鄰中北路二段434號,2026-09-13
桃園市中壢區中央東路19號,24.957247,121.224214,桃園市中壢區中央里5鄰中央東路19號,2026-09-13
桃園市中壢區中央東路88號,24.956043,121.226183,桃園市中壢區中央里8鄰中央東路88號,2026-09-13
桃園市中壢區中央西路2段30號,24.958227,121.217549,桃園市中壢區新明里1鄰中央西路二段30號,2026-09-13
桃園市中壢區中山路134號,24.956006,121.225032,桃園市中壢區中央里8鄰中山路134號,2026-09-13
桃園市中壢區中山路136號,24.955886,121.225029,桃園市中壢區中央里8鄰中山路136號,2026-09-13
桃園市中壢區中山路63號,24.954956,121.226750,桃園市中壢區石頭里4鄰中山路63號,2026-09-13
桃園市中壢區中山路66號,24.955335,121.226780,桃園市中壢區中央里9鄰中山路66號,2026-09-13
桃園市中壢區中臺路30號,24.957585,121.226401,桃園市中壢區中央里6鄰中臺路30號,2026-09-13
桃園市中壢區中華路2段369號,24.961893,121.235926,桃園市中壢區仁義里9鄰中華路二段369之1號,2026-09-13
桃園市中壢區五光二街40號,24.958785,121.209896,桃園市中壢區五福里12鄰五光二街40號,2026-09-13
桃園市中壢區元生二街126號,24.976432,121.254207,桃園市中壢區忠孝里18鄰元生二街126號,2026-09-13
桃園市中壢區內壢里五鄰中華路1段98號,24.974148,121.261675,桃園市中壢區內壢里5鄰中華路一段98號,2026-09-13
桃園市中壢區延平路176號,24.963148,121.228402,桃園市中壢區新街里1鄰延平路176號,2026-09-13
桃園市中壢區延平路98號,24.963599,121.230438,桃園市中壢區幸福里2鄰延平路98號,2026-09-13
桃園市中壢區強國路121號,24.967597,121.256867,桃園市中壢區莊敬里20鄰強國路121號,2026-09-13
桃園市中壢區復興路117號,24.955337,121.224337,桃園市中壢區石頭里3鄰復興路117號,2026-09-13
桃園市中壢區復興路46號,24.957608,121.225123,桃園市中壢區中央里5鄰復興路46號,2026-09-13
桃園市中壢區復興路71號,24.956298,121.224988,桃園市中壢區中央里8鄰復興路71號,2026-09-13
桃園市中壢區復華一街108號,24.971091,121.248982,桃園市中壢區復華里7鄰復華一街108號,2026-09-13
桃園市中壢區復華一街32號,24.969684,121.249314,桃園市中壢區復華里7鄰復華一街32號,2026-09-13
桃園市中壢區德育路36號,24.952993,121.220093,桃園市中壢區中榮里13鄰德育路36號,2026-09-13
桃園市中壢區慈惠三街121號,24.963516,121.225339,桃園市中壢區金華里20鄰慈惠三街121號,2026-09-13
桃園市中壢區文昌路225巷28弄19號,25.004097,121.207942,桃園市中壢區青溪里3鄰文昌路225巷28弄19號,2026-09-13
桃園市中壢區新中北路871號,24.956869,121.252603,桃園市中壢區仁愛里6鄰新中北路871號,2026-09-13
桃園市中壢區新興路102巷12號,24.951971,121.225059,桃園市中壢區東興里8鄰新興路102巷12號,2026-09-13
桃園市中壢區東坡街6號,24.951237,121.225194,桃園市中壢區東興里7鄰東坡街6號,2026-09-13
桃園市中壢區林森路90號,24.945355,121.225934,桃園市中壢區新興里6鄰林森路90號,2026-09-13
桃園市中壢區榮安二街96號,24.964430,121.258690,桃園市中壢區中正里26鄰榮安二街96號,2026-09-13
桃園市中壢區榮民路396號,24.961680,121.261501,桃園市中壢區中山里22鄰榮民路396號,2026-09-13
桃園市中壢區水尾里興平路59號,24.966296,121.224898,桃園市中壢區水尾里22鄰興平路59號,2026-09-13
桃園市中壢區永福路66號,24.958371,121.263294,桃園市中壢區篤行里4鄰永福路66號,2026-09-13
桃園市中壢區環中東路51號,24.966179,121.259821,桃園市中壢區中正里20鄰環中東路51號,2026-09-13
桃園市中壢區環北路398號,24.965533,121.226331,桃園市中壢區新街里13鄰環北路398號,2026-09-13
桃園市中壢區環北路400號,24.965504,121.226516,桃園市中壢區新街里13鄰環北路400號,2026-09-13
桃園市中壢區精忠二街42號,24.969954,121.255962,桃園市中壢區莊敬里11鄰精忠二街42號,2026-09-13
桃園市中壢區自強一路6號,24.970036,121.244887,桃園市中壢區復華里11鄰自強一路6號,2026-09-13
桃園市中壢區自立五街82號,24.966063,121.250994,桃園市中壢區自立里6鄰自立五街82號,2026-09-13
桃園市中壢區苑平街9號,24.945685,121.229697,桃園市中壢區明德里12鄰苑平街9號,2026-09-13
桃園市中壢區華夏路158號,24.970713,121.227325,桃園市中壢區忠福里8鄰華夏路158號,2026-09-13
桃園市中壢區華祥一街21號,24.948158,121.261819,桃園市中壢區仁祥里20鄰華祥一街21號,2026-09-13
桃園市中壢區過嶺里雙福路12號,24.960286,121.177264,桃園市中壢區過嶺里1鄰雙福路12號,2026-09-13
桃園市中壢區雙福路9號,24.959978,121.176781,桃園市中壢區過嶺里1鄰雙福路9號,2026-09-13
桃園市中壢區龍山街11之3號,24.948762,121.229768,桃園市中壢區明德里2鄰龍山街11之3號,2026-09-13
桃園市中壢區龍江路99號,24.931569,121.257828,桃園市中壢區龍安里4鄰龍江路99號,2026-09-13
桃園市中壢市長江路2號,24.954998,121.228306,桃園市中壢區石頭里4鄰長江路2號,2026-09-13
桃園市中央西路2段97號,24.959126,121.215742,桃園市中壢區光明里20鄰中央西路二段97號,2026-09-13
桃園市八德區介壽路2段1432號,24.924975,121.296005,桃園市八德區瑞德里18鄰介壽路二段1432號,2026-09-13
桃園市八德區介壽路2段247號,24.950928,121.298321,桃園市八德區大華里11鄰介壽路二段247號,2026-09-13
桃園市八德區公園路139號,24.968121,121.297739,桃園市八德區大宏里8鄰公園路139號,2026-09-13
桃園市八德區和平路548號,24.956980,121.312810,桃園市八德區大安里4鄰和平路548號,2026-09-13
桃園市八德區大安里建安街110號,24.951622,121.321161,桃園市八德區大安里26鄰建安街110號,2026-09-13
桃園市八德區大正里大福街29號,24.973268,121.300173,桃園市八德區大正里4鄰大福街83號,2026-09-13
桃園市八德區大興路992號,24.937861,121.301750,桃園市八德區大信里30鄰大興路992號,2026-09-13
桃園市八德區建國路1126號,24.956822,121.296744,桃園市八德區大和里4鄰建國路1126號,2026-09-13
桃園市八德區建國路1199號,24.957745,121.298740,桃園市八德區大成里13鄰建國路1199號,2026-09-13
桃園市八德區忠勇街12號,24.958403,121.305101,桃園市八德區大千里4鄰忠勇街12號,2026-09-13
桃園市八德區忠勇西街14號,24.969052,121.302822,桃園市八德區大勇里18鄰忠勇西街14號,2026-09-13
桃園市八德區永豐路170號,24.965151,121.277971,桃園市八德區茄苳里10鄰永豐路169之1號,2026-09-13
桃園市八德區福國北街220號,24.963117,121.296844,桃園市八德區大智里12鄰福國北街220號,2026-09-13
桃園市八德區福國北街221號,24.963262,121.296404,桃園市八德區大智里12鄰福國北街221號,2026-09-13
桃園市八德區興豐路2175號,24.952669,121.323520,桃園市八德區大發里16鄰興豐路2175號,2026-09-13
桃園市八德區興豐路264號,24.929059,121.284821,桃園市八德區興仁里13鄰興豐路264號,2026-09-13
桃園市八德區陸光街50巷1號,24.961511,121.297244,桃園市八德區陸光里4鄰陸光街50巷1號,2026-09-13
桃園市八德區陸光街50巷24號,24.962646,121.297054,桃園市八德區陸光里7鄰陸光街50巷24號,2026-09-13
桃園市大園區中山南路351號,25.058694,121.202992,桃園市大園區橫峰里13鄰中山南路351號,2026-09-13
桃園市大園區中山南路361之1號,25.058818,121.203418,桃園市大園區橫峰里13鄰中山南路361之1號,2026-09-13
桃園市大園區中正東路160號,25.060397,121.202294,桃園市大園區橫峰里12鄰中正東路160號,2026-09-13
桃園市大園區沙崙村1鄰80之3號,25.091891,121.221481,桃園市大園區沙崙里9鄰沙崙80號,2026-09-13
桃園市大園區濱海路2段432、436號,25.084962,121.192117,桃園市大園區圳頭里8鄰濱海路二段868號,2026-09-13
桃園市大園區高鐵北路2段147號,25.020228,121.221301,桃園市大園區青峰里12鄰高鐵北路二段147號,2026-09-13
桃園市大溪區三元三街50號,24.881934,121.267713,桃園市大溪區三元里15鄰三元三街50號,2026-09-13
桃園市大溪區中山路30號,24.881836,121.286524,桃園市大溪區興和里24鄰中山路30號,2026-09-13
桃園市大溪區仁和七街159號,24.897672,121.273867,桃園市大溪區仁和里10鄰仁和七街159號,2026-09-13
桃園市大溪區仁和七街55號,24.894538,121.274138,桃園市大溪區仁和里20鄰仁和七街55號,2026-09-13
桃園市大溪區仁愛路11號,24.885101,121.285828,桃園市大溪區福仁里9鄰仁愛路11號,2026-09-13
桃園市大溪區仁愛里埔頂街188號,24.904586,121.278313,桃園市大溪區仁愛里19鄰埔頂街188號,2026-09-13
桃園市大溪區僑愛一街55號,24.922872,121.293571,桃園市大溪區僑愛里23鄰僑愛一街55號,2026-09-13
桃園市大溪區南興里仁和路2段190巷29號,24.904501,121.265178,桃園市大溪區南興里11鄰仁和路二段190巷29號,2026-09-13
桃園市大溪區員林路2段382巷78弄36之1號,24.888057,121.267878,桃園市大溪區員林里7鄰員林路二段382巷78弄36之1號,2026-09-13
桃園市大溪區埔頂六街205號,24.905745,121.279867,桃園市大溪區仁愛里19鄰埔頂六街205號,2026-09-13
桃園市大溪區大鶯路1541巷128號,24.934571,121.317325,桃園市大溪區中新里1鄰大鶯路1541巷128號,2026-09-13
桃園市大溪區普濟路58號,24.881181,121.286430,桃園市大溪區興和里20鄰普濟路58號,2026-09-13
桃園市大溪區東二路31號,24.883878,121.291848,桃園市大溪區田心里26鄰東二路31號,2026-09-13
桃園市大溪區民權東路94巷29號,24.881362,121.291286,桃園市大溪區一心里6鄰民權東路94巷29號,2026-09-13
桃園市大連二街153之175號,25.008637,121.306985,桃園市桃園區信光里8鄰大連二街153號,2026-09-13
桃園市平鎮區和平路190號,24.946289,121.219629,桃園市平鎮區北勢里8鄰和平路190號,2026-09-13
桃園市平鎮區德育路2段329巷37號,24.936777,121.218673,桃園市平鎮區北興里33鄰德育路二段329巷37號,2026-09-13
桃園市平鎮區忠孝路2號,24.955872,121.212922,桃園市平鎮區廣興里17鄰忠孝路2號,2026-09-13
桃園市平鎮區義民路193號,24.951925,121.214688,桃園市平鎮區廣興里31鄰義民路193號,2026-09-13
桃園市平鎮區義民路199號,24.951828,121.214588,桃園市平鎮區廣興里31鄰義民路199號,2026-09-13
桃園市建成街88號,24.986956,121.315463,桃園市桃園區建國里23鄰建成街88號,2026-09-13
桃園市復興區羅浮里3鄰16號,24.797515,121.365359,桃園市復興區羅浮里3鄰羅浮16號,2026-09-13
桃園市新屋區中正路110巷1號,24.973964,121.104605,桃園市新屋區新生里6鄰中正路110巷1號,2026-09-13
桃園市昆明路95號,24.983433,121.315713,桃園市桃園區雲林里14鄰昆明路95號,2026-09-13
桃園市桃園區三民路3段22號,24.998448,121.307168,桃園市桃園區永興里14鄰三民路三段22號,2026-09-13
桃園市桃園區三民路3段268號,24.990920,121.305970,桃園市桃園區南門里22鄰三民路三段268號,2026-09-13
桃園市桃園區中山北路36號,24.992961,121.303454,桃園市桃園區光興里1鄰中山北路36號,2026-09-13
桃園市桃園區中山北路42號,24.993182,121.303429,桃園市桃園區光興里24鄰中山北路42號,2026-09-13
桃園市桃園區中山路468號,24.992035,121.301653,桃園市桃園區光興里5鄰中山路468號,2026-09-13
桃園市桃園區中山路658巷4弄3號,24.992095,121.295639,桃園市桃園區中正里9鄰中山路658巷4弄3號,2026-09-13
桃園市桃園區中平路118號,24.986684,121.292907,桃園市桃園區中山里15鄰中平路118號,2026-09-13
桃園市桃園區中正五街315號,25.001043,121.303347,桃園市桃園區永安里17鄰中正五街315號,2026-09-13
桃園市桃園區介壽路199號,24.982105,121.308059,桃園市桃園區福林里2鄰介壽路199號,2026-09-13
桃園市桃園區介壽路288號,24.981814,121.307212,桃園市桃園區豐林里13鄰介壽路288號,2026-09-13
桃園市桃園區信光路28號,25.006217,121.307368,桃園市桃園區信光里9鄰信光路28號,2026-09-13
桃園市桃園區力行路22號,25.003082,121.304668,桃園市桃園區長安里1鄰力行路22號,2026-09-13
桃園市桃園區南平路470號,25.016845,121.294842,桃園市桃園區寶安里25鄰南平路470號,2026-09-13
桃園市桃園區南華街77號,24.990994,121.308056,桃園市桃園區南華里8鄰南華街77號,2026-09-13
桃園市桃園區博愛路221號,24.993218,121.306445,桃園市桃園區西湖里11鄰博愛路221號,2026-09-13
桃園市桃園區同安街45號,25.011650,121.305217,桃園市桃園區同安里7鄰同安街45號,2026-09-13
桃園市桃園區同德七街46之108號,25.013954,121.294076,桃園市桃園區寶慶里9鄰同德七街46號,2026-09-13
桃園市桃園區同德五街295號,25.012293,121.295141,桃園市桃園區寶慶里2鄰同德五街295號,2026-09-13
桃園市桃園區國聖一街2號,24.988105,121.287837,桃園市桃園區中聖里18鄰國聖一街2號,2026-09-13
桃園市桃園區國際路1段1177號,24.989080,121.288582,桃園市桃園區中聖里1鄰國際路一段1177號,2026-09-13
桃園市桃園區國際路2段604號,25.008125,121.286607,桃園市桃園區中埔里6鄰國際路二段604號,2026-09-13
桃園市桃園區埔新路12號,24.999290,121.307376,桃園市桃園區永安里1鄰埔新路12號,2026-09-13
桃園市桃園區大同路11號,24.990284,121.314995,桃園市桃園區武陵里11鄰大同路11號,2026-09-13
桃園市桃園區宏昌六街316號,24.986832,121.288890,桃園市桃園區中聖里8鄰宏昌六街316號,2026-09-13
桃園市桃園區建國路101號,24.985216,121.311961,桃園市桃園區福安里9鄰建國路101號,2026-09-13
桃園市桃園區建成街88號,24.986956,121.315463,桃園市桃園區建國里23鄰建成街88號,2026-09-13
桃園市桃園區復興路180號,24.990265,121.311903,桃園市桃園區文化里3鄰復興路180號,2026-09-13
桃園市桃園區復興路248號,24.989218,121.308586,桃園市桃園區文明里3鄰復興路248號,2026-09-13
桃園市桃園區復興路255號,24.988933,121.307685,桃園市桃園區文明里11鄰復興路255號,2026-09-13
桃園市桃園區復興路393號,24.990804,121.302264,桃園市桃園區泰山里11鄰復興路393號,2026-09-13
桃園市桃園區復興路98號,24.991139,121.315651,桃園市桃園區武陵里9鄰復興路98號,2026-09-13
桃園市桃園區愛二街48號,25.003538,121.302768,桃園市桃園區長安里16鄰愛二街48號,2026-09-13
桃園市桃園區樹林六街30號,24.979009,121.315399,桃園市桃園區大豐里16鄰樹林六街28號,2026-09-13
桃園市桃園區正康三街275號,25.010229,121.305889,桃園市桃園區信光里11鄰正康三街275號,2026-09-13
桃園市桃園區民富九街174巷6號,25.008643,121.312260,桃園市桃園區大業里6鄰民富九街174巷6號,2026-09-13
桃園市桃園區民富十一街11號,25.011431,121.317694,桃園市桃園區寶民里6鄰民富十一街11號,2026-09-13
桃園市桃園區民族路55號,24.990160,121.309670,桃園市桃園區文明里4鄰民族路55號,2026-09-13
桃園市桃園區民權路6號,24.989913,121.311937,桃園市桃園區文化里3鄰民權路6號,2026-09-13
桃園市桃園區民生路650號,25.002830,121.309649,桃園市桃園區朝陽里14鄰民生路650號,2026-09-13
桃園市桃園區永安北路372號,25.016185,121.292738,桃園市桃園區寶安里24鄰永安北路372號,2026-09-13
桃園市桃園區永安北路399號,25.016886,121.292471,桃園市桃園區寶安里24鄰永安北路399號,2026-09-13
桃園市桃園區永安北路439號,25.017786,121.292553,桃園市桃園區寶安里23鄰永安北路439號,2026-09-13
桃園市桃園區永安北路500號,25.019382,121.292506,桃園市桃園區瑞慶里1鄰永安北路500號,2026-09-13
桃園市桃園區永樂街5號,24.995408,121.311777,桃園市桃園區中和里13鄰永樂街5號,2026-09-13
桃園市桃園區經國路242之1號,25.020605,121.304146,桃園市桃園區自強里1鄰經國路242之1號,2026-09-13
桃園市桃園區經國路242號,25.020584,121.304062,桃園市桃園區自強里1鄰經國路242號,2026-09-13
桃園市桃園區經國路244號,25.020636,121.304250,桃園市桃園區自強里1鄰經國路244號,2026-09-13
桃園市桃園區縣府路110號,24.994341,121.302297,桃園市桃園區光興里21鄰縣府路110號,2026-09-13
桃園市桃園區縣府路332號,24.992153,121.300801,桃園市桃園區光興里29鄰縣府路332號,2026-09-13
桃園市桃園區興一街65巷50號,25.014220,121.316128,桃園市桃園區會稽里1鄰興一街65巷50號,2026-09-13
桃園市桃園區鎮南街1號,24.991059,121.309386,桃園市桃園區文明里1鄰鎮南街1號,2026-09-13
桃園市楊梅區幼獅路2段3號,24.931277,121.171356,桃園市楊梅區高上里2鄰幼獅路二段3號,2026-09-13
桃園市楊梅區秀才路851號,24.888035,121.134507,桃園市楊梅區秀才里12鄰秀才路851號,2026-09-13
桃園市民有十街218號,25.013725,121.319958,桃園市桃園區大有里9鄰民有十街218號,2026-09-13
桃園市蘆竹區中正路1號,25.040366,121.294801,桃園市蘆竹區南榮里3鄰中正路1號,2026-09-13
桃園市蘆竹區南崁路265號,25.049409,121.292587,桃園市蘆竹區錦中里9鄰南崁路265號,2026-09-13
桃園市蘆竹區大新三街185號,25.021085,121.256159,桃園市蘆竹區大竹里16鄰大新三街185號,2026-09-13
桃園市蘆竹區赤塗崎34之1號,25.067279,121.351989,桃園市蘆竹區坑子里13鄰赤塗崎10之8號,2026-09-13
桃園市觀音區一心路180號,25.037789,121.138639,桃園市觀音區富林里15鄰一心路180號,2026-09-13
桃園市觀音區中山路2段717號,25.012920,121.137623,桃園市觀音區新坡里1鄰中山路二段717號,2026-09-13
桃園市觀音區中山路2段819號,25.011190,121.139058,桃園市觀音區大同里5鄰中山路二段819號,2026-09-13
桃園市觀音區中山路8號,25.036612,121.081956,桃園市觀音區觀音里8鄰中山路8號,2026-09-13
桃園市觀音區保障二路562號,25.057949,121.151144,桃園市觀音區保障里10鄰保障二路562號,2026-09-13
桃園市觀音區育仁路2段1號,25.013217,121.102563,桃園市觀音區坑尾里4鄰育仁路二段1號,2026-09-13
桃園市觀音區草新里2鄰新生路1462號,25.045715,121.143217,桃園市觀音區草新里2鄰新生路1462號,2026-09-13
桃園市觀音區草新里新生路1148號,25.038662,121.144118,桃園市觀音區草新里12鄰新生路1148號,2026-09-13
桃園市觀音區草漯里忠孝路82號,25.049955,121.142493,桃園市觀音區草漯里1鄰忠孝路82號,2026-09-13
桃園市觀音區莊敬路186號,25.044920,121.135445,桃園市觀音區草漯里11鄰莊敬路186號,2026-09-13
桃園市觀音鄉大觀路4段413號,25.034551,121.102213,桃園市觀音區坑尾里15鄰大觀路四段413號,2026-09-13
桃園市龍潭區中興路712號,24.870717,121.220866,桃園市龍潭區中山里10鄰中興路712號,2026-09-13
桃園市龍潭區公園路52號,24.867480,121.218583,桃園市龍潭區中山里4鄰公園路52號,2026-09-13
桃園市龍潭區大昌路2段81之3號,24.866203,121.221900,桃園市龍潭區中山里1鄰大昌路二段88之1號,2026-09-13
桃園市龍潭區干城路19巷28號,24.868855,121.207046,桃園市龍潭區凌雲里2鄰干城路19巷28號,2026-09-13
桃園市龍潭區建國路278號,24.846850,121.231578,桃園市龍潭區富林里15鄰建國路278號,2026-09-13
桃園市龍潭區東龍路220號,24.864741,121.214445,桃園市龍潭區龍潭里22鄰東龍路220號,2026-09-13
桃園市龍潭區百年二街15巷21號,24.877579,121.209346,桃園市龍潭區百年里28鄰百年二街15巷21號,2026-09-13
桃園市龍潭區龍新路三和段539巷33號,24.852846,121.183595,桃園市龍潭區三和里2鄰龍新路三和段539巷33號,2026-09-13
桃園市龍潭區龍華路100號,24.864138,121.215399,桃園市龍潭區龍星里27鄰龍華路100號,2026-09-13
桃園市龍潭區龍華路460號,24.856290,121.217211,桃園市龍潭區中正里15鄰龍華路460號,2026-09-13
桃園市龜山區中坑街106號,25.017585,121.343107,桃園市龜山區楓樹里14鄰中坑街106號,2026-09-13
桃園市龜山區德明路5號,24.984740,121.344383,桃園市龜山區大同里11鄰德明路5號,2026-09-13
桃園市龜山區頂興路2號,24.991959,121.327594,桃園市龜山區山德里3鄰頂興路2號,2026-09-13
梁冠英李金碧作陶工作室,22.618050,120.295673,高雄市苓雅區苓洲里9鄰青年二路186號,2026-09-13
梓官區和平路265號,22.758947,120.262345,高雄市梓官區梓和里19鄰和平路265號,2026-09-13
楊梅區上湖里楊湖路3段679之1號,24.912185,121.082425,桃園市楊梅區上湖里13鄰楊湖路三段679之1號,2026-09-13
楊梅區中山北路1段390巷46號,24.910917,121.158628,桃園市楊梅區楊明里2鄰中山北路一段390巷46號,2026-09-13
楊梅區中正路456號,24.941913,121.074815,桃園市楊梅區豐野里29鄰中正路456號,2026-09-13
楊梅區中興路133號,24.916373,121.185784,桃園市楊梅區埔心里10鄰中興路133號,2026-09-13
楊梅區信義街187號,24.936366,121.082648,桃園市楊梅區豐野里5鄰信義街187號,2026-09-13
楊梅區大成路2號,24.907547,121.146018,桃園市楊梅區楊江里8鄰大成路2號,2026-09-13
楊梅區富岡里新明街88巷11號,24.935603,121.081379,桃園市楊梅區富岡里6鄰新明街88巷11號,2026-09-13
楊梅區富豐里新明街347巷2弄1號,24.932358,121.074919,桃園市楊梅區富豐里8鄰新明街347巷2弄1號,2026-09-13
楊梅區新明街347巷2弄1號,24.932358,121.074919,桃園市楊梅區富豐里8鄰新明街347巷2弄1號,2026-09-13
楊梅區新農街337號,24.910793,121.154910,桃園市楊梅區大同里25鄰新農街337號,2026-09-13
楊梅區校前路41號,24.905104,121.145352,桃園市楊梅區紅梅里16鄰校前路41號,2026-09-13
楊梅區瑞塘里四維二路20號,24.913774,121.179329,桃園市楊梅區瑞塘里2鄰四維二路20號,2026-09-13
楊梅區瑞溪路1段88號,24.906477,121.168785,桃園市楊梅區三民里1鄰瑞溪路一段88號,2026-09-13
楊梅區秀才路33號,24.905451,121.143364,桃園市楊梅區紅梅里14鄰秀才路33號,2026-09-13
楊梅區豐野里中正路147號,24.937495,121.080705,桃園市楊梅區豐野里19鄰中正路147號,2026-09-13
楊梅區豐野里信義街83巷25弄23號,24.936094,121.083931,桃園市楊梅區豐野里3鄰信義街83巷17號,2026-09-13
楊梅區金華街100號,24.912118,121.143002,桃園市楊梅區楊梅里29鄰金華街100號,2026-09-13
楊梅區金龍里26鄰中興路238號,24.913946,121.186373,桃園市楊梅區金龍里26鄰中興路238號,2026-09-13
楊梅區高榮里幼平街383巷131弄1號,24.934884,121.180801,桃園市楊梅區高榮里14鄰幼平街383巷131弄1號,2026-09-13
楠梓區軍校路880巷36弄18號,22.711811,120.293008,高雄市楠梓區隆昌里20鄰軍校路880巷36弄18號,2026-09-13
樹林區中正路21之1號,24.999270,121.427642,新北市樹林區圳福里16鄰中正路21之1號,2026-09-13
樹林區復興路225巷2號,24.990858,121.420272,新北市樹林區樹西里29鄰復興路225巷2號,2026-09-13
樹林區文化街112巷2號,24.989981,121.416925,新北市樹林區樹興里8鄰文化街112巷2號,2026-09-13
橋頭區興糖路3巷3號,22.752772,120.315164,高雄市橋頭區橋南里7鄰興糖路3巷3號,2026-09-13
水里鄉民生路68號,23.811019,120.857053,南投縣水里鄉鉅工村2鄰民生路68號,2026-09-13
永和區安樂路431號,25.004310,121.514278,新北市永和區永樂里1鄰安樂路431號,2026-09-13
永和區永利路71號,25.003998,121.520856,新北市永和區秀和里18鄰永利路71號,2026-09-13
永安北路372號,25.016185,121.292738,桃園市桃園區寶安里24鄰永安北路372號,2026-09-13
永安北路399號,25.016886,121.292471,桃園市桃園區寶安里24鄰永安北路399號,2026-09-13
永靖鄉瑚璉村永興路3段295號,23.922766,120.553007,彰化縣永靖鄉瑚璉村10鄰永興路三段295號,2026-09-13
汐止區信義路1號,25.068572,121.662001,新北市汐止區信望里4鄰信義路1號,2026-09-13
汐止區勤進路1號,25.062040,121.660393,新北市汐止區秀山里13鄰勤進路1號,2026-09-13
汐止區南興路83巷17號,25.059363,121.653745,新北市汐止區文化里8鄰南興路83巷17號,2026-09-13
汐止區大同路2段394號,25.066949,121.658391,新北市汐止區禮門里17鄰大同路二段394號,2026-09-13
汐止區忠孝東路201號,25.065634,121.660087,新北市汐止區秀峰里23鄰忠孝東路201號,2026-09-13
汐止區汐平路2段107號,25.058024,121.711022,新北市汐止區東山里2鄰汐平路二段107號,2026-09-13
汐止區福德一路141巷50、52號,25.067388,121.637445,新北市汐止區康福里23鄰福德一路141巷80號,2026-09-13
汐止區茄苳路225巷35號,25.069151,121.672036,新北市汐止區茄苳里4鄰茄苳路225巷35號,2026-09-13
泰昌六街45號,24.986669,121.294398,桃園市桃園區中原里18鄰泰昌六街45號,2026-09-13
洛斯特咖啡,22.634360,120.298767,高雄市新興區建興里3鄰七賢二路90號,2026-09-13
海尾代天宮,23.041258,120.183140,臺南市安南區海西里4鄰海中街169巷59號之1,2026-09-13
海尾朝皇宮,23.040317,120.183724,臺南市安南區海西里7鄰海中街101巷10號,2026-09-13
海尾朝皇宮椪舍學堂,23.040317,120.183724,臺南市安南區海西里7鄰海中街101巷10號,2026-09-13
海西里活動中心,23.037538,120.183924,臺南市安南區海西里12鄰海環街186號,2026-09-13
淡水區三民街2巷6號,25.171169,121.439376,新北市淡水區永吉里22鄰三民街2巷6號,2026-09-13
淡水區中山北路1段158號,25.178033,121.444153,新北市淡水區水碓里17鄰中山北路一段158號,2026-09-13
淡水區中正東路1段3巷6號,25.164848,121.451057,新北市淡水區竿蓁里14鄰中正東路一段3巷6號,2026-09-13
淡水區北新路109號,25.178483,121.446853,新北市淡水區正德里1鄰北新路109號,2026-09-13
淡水區學府路99號,25.171312,121.449293,新北市淡水區學府里4鄰學府路99號,2026-09-13
淡水區新民街1段138巷7號,25.189322,121.428122,新北市淡水區大庄里10鄰新民街一段138巷7號,2026-09-13
深坑區北深路1段83巷8弄36號,25.010023,121.634587,新北市深坑區土庫里17鄰北深路一段83巷8弄36號,2026-09-13
清水路234巷5號,24.982349,121.461481,新北市土城區永豐里8鄰清水路234巷5號,2026-09-13
溪南寮興安宮,23.070105,120.156151,臺南市安南區南興里2鄰安興街435巷12號,2026-09-13
溪頂寮代天宮,23.031934,120.210407,臺南市安南區安西里8鄰安和路一段285巷67號,2026-09-13
潮州鎮三林路186號,22.553778,120.549647,屏東縣潮州鎮三星里22鄰三林路186號,2026-09-13
潮州鎮志成路201號,22.540379,120.536872,屏東縣潮州鎮光春里15鄰志成路201號,2026-09-13
潮州鎮文化路66號,22.554008,120.542947,屏東縣潮州鎮三共里1鄰文化路66號,2026-09-13
潮州鎮西市路33號,22.550765,120.540533,屏東縣潮州鎮同榮里12鄰西市路33號,2026-09-13
潮州鎮連興路21號,22.554009,120.538822,屏東縣潮州鎮三和里8鄰連興路21號,2026-09-13
澄新四街60號,22.671291,120.356014,高雄市仁武區仁慈里8鄰澄新四街32號,2026-09-13
澎湖縣七美鄉南港村1鄰43號,23.193285,119.425799,澎湖縣七美鄉南港村1鄰西南43號,2026-09-13
澎湖縣湖西鄉隘門村16號,23.563038,119.635402,澎湖縣湖西鄉隘門村1鄰隘門16號,2026-09-13
澎湖縣白沙鄉中屯村29之1號,23.612844,119.603473,澎湖縣白沙鄉中屯村2鄰中屯29號之1,2026-09-13
澎湖縣西嶼鄉竹灣村70之4號,23.631466,119.522791,澎湖縣西嶼鄉竹灣村18鄰竹篙灣70號之4,2026-09-13
澎湖縣馬公市中央街5號,23.564361,119.564517,澎湖縣馬公市中央里8鄰中央街5號,2026-09-13
澎湖縣馬公市中華路279號,23.572431,119.577517,澎湖縣馬公市朝陽里22鄰中華路279號,2026-09-13
澎湖縣馬公市大賢街160號,23.561027,119.580913,澎湖縣馬公市案山里15鄰大賢街160號,2026-09-13
澎湖縣馬公市文康街38號,23.568464,119.567250,澎湖縣馬公市中興里19鄰文康街38號,2026-09-13
澎湖縣馬公市新店北路65號,23.564655,119.586769,澎湖縣馬公市西文里16鄰新店北路65號,2026-09-13
澎湖縣馬公市東文里文學路285號,23.560880,119.581974,澎湖縣馬公市東文里18鄰文學路285號,2026-09-13
澎湖縣馬公市東衛里94號,23.568769,119.603816,澎湖縣馬公市東衛里9鄰東衛94號,2026-09-13
澎湖縣馬公市永福街30號,23.566025,119.578708,澎湖縣馬公市西文里24鄰永福街30號,2026-09-13
澎湖縣馬公市自立路21號,23.572478,119.569008,澎湖縣馬公市光明里15鄰自立路21號,2026-09-13
白河區白河里開明街249號,23.350564,120.416191,臺南市白河區白河里5鄰開明街249號,2026-09-13
白鳥美術教室,23.568464,119.567250,澎湖縣馬公市中興里19鄰文康街38號,2026-09-13
盛昌街161號,22.713585,120.286912,高雄市楠梓區興昌里6鄰盛昌街161號,2026-09-13
石門區山溪里老崩山6之5號,25.290889,121.551720,新北市石門區山溪里1鄰老崩山6之5號,2026-09-13
福東國小,22.624090,120.326947,高雄市苓雅區福祥里9鄰福德三路96號,2026-09-13
禮明路78號,22.640116,120.325819,高雄市三民區寶安里3鄰禮明路78號,2026-09-13
秘密．共享空間,23.564655,119.586769,澎湖縣馬公市西文里16鄰新店北路65號,2026-09-13
竹北市勝利八街1段227號,24.826128,121.027103,新竹縣竹北市北興里14鄰勝利八街一段227號,2026-09-13
竹北市勝利十一路139號,24.826411,121.029836,新竹縣竹北市北興里27鄰勝利十一路139號,2026-09-13
竹北市十興路305巷10弄15號,24.832912,121.022744,新竹縣竹北市竹北里3鄰十興路305巷10弄15號,2026-09-13
竹北市嘉政七街100號,24.804988,121.031411,新竹縣竹北市東平里22鄰嘉政七街100號,2026-09-13
竹北市嘉興三街22至30號,24.823505,121.035820,新竹縣竹北市東興里25鄰嘉興三街30號,2026-09-13
竹北市嘉豐二街1段131巷35號,24.813645,121.028951,新竹縣竹北市中興里17鄰嘉豐二街一段131巷35號,2026-09-13
竹北市復興五街62號,24.813011,121.024745,新竹縣竹北市鹿場里31鄰復興五街52號,2026-09-13
竹北市東海一街97巷50號,24.812444,121.048077,新竹縣竹北市東海里9鄰東海一街97巷50號,2026-09-13
竹北市興隆路5段71號,24.802577,121.032719,新竹縣竹北市東平里27鄰興隆路五段71號,2026-09-13
竹北市莊敬一路2號,24.823798,121.019036,新竹縣竹北市十興里1鄰莊敬一路2號,2026-09-13
竹北市莊敬北路423號,24.830140,121.026386,新竹縣竹北市北興里1鄰莊敬北路423號,2026-09-13
竹南鎮海口里7鄰保福路20號,24.675491,120.861616,苗栗縣竹南鎮海口里7鄰保福路20號,2026-09-13
竹山鎮公所路43號,23.755271,120.673950,南投縣竹山鎮雲林里32鄰公所路43號,2026-09-13
竹山鎮自強路100號,23.751165,120.677309,南投縣竹山鎮中山里31鄰自強路100號,2026-09-13
竹田鄉西勢村龍南路26號,22.616185,120.523491,屏東縣竹田鄉西勢村26鄰龍南路26號,2026-09-13
粉紅音樂屋,22.981377,120.221970,臺南市東區德光里16鄰崇善路42之1號,2026-09-13
終身學習園區,22.671599,120.485241,屏東縣屏東市光榮里1鄰中山路41號,2026-09-13
線西鄉寓埔路177之1號,24.133636,120.459870,彰化縣線西鄉寓埔村16鄰寓埔路177之1號,2026-09-13
線西鄉溝內路34之1號,24.128053,120.455602,彰化縣線西鄉溝內村7鄰溝內路34之3號,2026-09-13
總頭寮興安宮,23.055001,120.201877,臺南市安南區總頭里10鄰長溪路二段561號,2026-09-13
義華路166號,22.643129,120.340424,高雄市三民區本上里18鄰義華路166號,2026-09-13
自由一路50號,22.642603,120.308874,高雄市三民區德智里9鄰自由一路50號,2026-09-13
自立一路535號,22.650353,120.296483,高雄市三民區安宜里1鄰自立一路535號,2026-09-13
臺中巿太平區長億六街1號,24.113067,120.721619,臺中市太平區長億里14鄰長億六街1號,2026-09-13
臺中市423東勢區東崎街4段242號,24.250379,120.838235,臺中市東勢區泰昌里23鄰東崎街171號,2026-09-13
臺中市中區三民路2段46號,24.141327,120.678633,臺中市中區大墩里6鄰三民路二段46號,2026-09-13
臺中市中區中山路27號,24.137518,120.683353,臺中市中區綠川里6鄰中山路27號,2026-09-13
臺中市中區大誠街78號,24.145745,120.679590,臺中市中區大誠里20鄰大誠街78號,2026-09-13
臺中市中區平等街1號,24.139511,120.678357,臺中市中區光復里1鄰平等街1號,2026-09-13
臺中市中區成功路338號,24.144977,120.678293,臺中市中區大誠里18鄰成功路338號,2026-09-13
臺中市中區柳川里興中街88號,24.144279,120.679786,臺中市中區柳川里11鄰興中街88號,2026-09-13
臺中市中區綠川西街135號,24.139390,120.683808,臺中市中區綠川里24鄰綠川西街135號,2026-09-13
臺中市中區綠川西街59巷2號,24.137065,120.681869,臺中市中區綠川里26鄰綠川西街59巷2號,2026-09-13
臺中市北區三民路3段217號,24.153864,120.685645,臺中市北區錦平里9鄰三民路三段217號,2026-09-13
臺中市北區中清路1段100號,24.153578,120.677620,臺中市北區光大里12鄰中清路一段100號,2026-09-13
臺中市北區中清路1段369號,24.162428,120.674495,臺中市北區健行里37鄰中清路一段369號,2026-09-13
臺中市北區中清路1段370號,24.161594,120.675318,臺中市北區賴村里4鄰中清路一段370號,2026-09-13
臺中市北區中清路1段372號,24.161448,120.675498,臺中市北區賴村里4鄰中清路一段372號,2026-09-13
臺中市北區北屯路10號,24.159854,120.691952,臺中市北區錦祥里9鄰北屯路10號,2026-09-13
臺中市北區漢口路4段21號,24.167092,120.674256,臺中市北區賴明里11鄰漢口路四段21號,2026-09-13
臺中市北區進化北路221號,24.162815,120.684549,臺中市北區頂厝里1鄰進化北路221號,2026-09-13
臺中市北區錦新街30號,24.153035,120.687760,臺中市北區新北里18鄰錦新街30號,2026-09-13
臺中市北屯區中清路70之1號,24.175258,120.671190,臺中市北屯區水湳里6鄰中清路二段70號,2026-09-13
臺中市北屯區仁和里18鄰崇德路3段1號,24.181967,120.685831,臺中市北屯區仁和里18鄰崇德路三段1號,2026-09-13
臺中市北屯區北屯路390號,24.177400,120.700252,臺中市北屯區舊社里12鄰北屯路390號,2026-09-13
臺中市北屯區大連路3段10號,24.175192,120.690904,臺中市北屯區平順里8鄰大連路三段10號,2026-09-13
臺中市北屯區大連路3段16號,24.175178,120.691046,臺中市北屯區平順里8鄰大連路三段16號,2026-09-13
臺中市北屯區天津路3段32之4號,24.169638,120.680025,臺中市北屯區平德里12鄰天津路三段32之4號,2026-09-13
臺中市北屯區文心路4段934號,24.170868,120.694330,臺中市北屯區平昌里19鄰文心路四段934號,2026-09-13
臺中市北屯區文心路4段938號,24.170848,120.694627,臺中市北屯區平昌里19鄰文心路四段938號,2026-09-13
臺中市北屯區旅順路2段354號,24.173313,120.695538,臺中市北屯區平田里12鄰旅順路二段354號,2026-09-13
臺中市北屯區昌平路1段95之8號,24.172247,120.690317,臺中市北屯區平心里2鄰昌平路一段95之8號,2026-09-13
臺中市北屯區東山路1段33巷16號,24.170875,120.699104,臺中市北屯區東光里10鄰東山路一段33巷16號,2026-09-13
臺中市北屯區興安路1段92號,24.167450,120.692289,臺中市北屯區北屯里11鄰興安路一段92號,2026-09-13
臺中市北屯路10號,24.159854,120.691952,臺中市北區錦祥里9鄰北屯路10號,2026-09-13
臺中市南區國光路11號,24.132277,120.676620,臺中市南區長榮里9鄰國光路11號,2026-09-13
臺中市南區工學三街23號,24.117647,120.663198,臺中市南區南和里4鄰工學三街23號,2026-09-13
臺中市南區工學二街275巷3號,24.112371,120.663557,臺中市南區永興里16鄰工學二街275巷3號,2026-09-13
臺中市南區柳川西路1段59號,24.131430,120.660583,臺中市南區西川里9鄰柳川西路一段59號,2026-09-13
臺中市南區福田二街23號,24.108747,120.661013,臺中市南區樹義里29鄰福田二街23號,2026-09-13
臺中市南區臺中路348巷11號,24.127171,120.683785,臺中市南區國光里11鄰臺中路348巷11號,2026-09-13
臺中市南區高工二街1號,24.112048,120.662700,臺中市南區永興里28鄰高工二街21號,2026-09-13
臺中市南屯區五權西路2段131號,24.139714,120.651218,臺中市南屯區大誠里3鄰五權西路二段131號,2026-09-13
臺中市南屯區南屯路2段530號,24.138593,120.642735,臺中市南屯區田心里20鄰南屯路二段530號,2026-09-13
臺中市南屯區向上南路1段169之2號,24.144792,120.652508,臺中市南屯區大同里3鄰向上南路一段169之2號,2026-09-13
臺中市南屯區培德路11號,24.144647,120.597343,臺中市南屯區春社里24鄰培德路11號,2026-09-13
臺中市南屯區大墩六街161號,24.142508,120.650241,臺中市南屯區大同里13鄰大墩六街161號,2026-09-13
臺中市南屯區大墩十一街518號,24.148910,120.639060,臺中市南屯區三和里31鄰大墩十一街518號,2026-09-13
臺中市南屯區大墩十四街192號,24.152440,120.650325,臺中市南屯區大業里14鄰大墩十四街192號,2026-09-13
臺中市南屯區大墩路693號,24.152443,120.649608,臺中市南屯區溝墘里8鄰大墩路693號,2026-09-13
臺中市南屯區干城街127號,24.155266,120.630349,臺中市南屯區黎明里1鄰干城街127號,2026-09-13
臺中市南屯區干城街150號,24.155479,120.629570,臺中市南屯區黎明里7鄰干城街150號,2026-09-13
臺中市南屯區忠勇路10之75號,24.133766,120.611350,臺中市南屯區春社里34鄰忠勇路10之75號,2026-09-13
臺中市南屯區忠勇路17號,24.130960,120.609483,臺中市南屯區春社里11鄰忠勇路17號,2026-09-13
臺中市南屯區文山南巷301號,24.149420,120.607511,臺中市南屯區文山里39鄰文山南巷301號,2026-09-13
臺中市南屯區文心南二路439巷5號,24.135682,120.642880,臺中市南屯區豐樂里11鄰文心南二路439巷5號,2026-09-13
臺中市南屯區文心南五路1段331號,24.131571,120.643402,臺中市南屯區豐樂里15鄰文心南五路一段331號,2026-09-13
臺中市南屯區文心南五路1段369號,24.131890,120.641195,臺中市南屯區豐樂里17鄰文心南五路一段369號,2026-09-13
臺中市南屯區文心南五路331號,24.131571,120.643402,臺中市南屯區豐樂里15鄰文心南五路一段331號,2026-09-13
臺中市南屯區新民巷14之3號,24.130268,120.623869,臺中市南屯區鎮平里5鄰新民巷14之3號,2026-09-13
臺中市南屯區新民巷3號,24.129703,120.626526,臺中市南屯區鎮平里3鄰新民巷2之1號,2026-09-13
臺中市南屯區春安里路110號,24.134667,120.608942,臺中市南屯區春安里6鄰春安路110號,2026-09-13
臺中市南屯區東興路1段450號,24.131456,120.653868,臺中市南屯區豐樂里31鄰東興路一段450號,2026-09-13
臺中市南屯區楓樹西街200號,24.116127,120.628862,臺中市南屯區楓樹里7鄰楓樹西街200號,2026-09-13
臺中市南屯區水碓巷1號,24.123747,120.632523,臺中市南屯區鎮平里8鄰水碓巷1號,2026-09-13
臺中市南屯區永春南路423號,24.139043,120.601105,臺中市南屯區春社里33鄰永春南路423號,2026-09-13
臺中市南屯區河南路4段150之2號,24.156656,120.635982,臺中市南屯區三義里5鄰河南路四段150之2號,2026-09-13
臺中市南屯區河南路4段690巷5號,24.144786,120.638667,臺中市南屯區南屯里31鄰河南路四段690巷5號,2026-09-13
臺中市南屯區精科六路2號,24.151040,120.594869,臺中市南屯區文山里39鄰精科六路2號,2026-09-13
臺中市南屯區萬和路1段50號,24.136479,120.639090,臺中市南屯區南屯里9鄰萬和路一段50號,2026-09-13
臺中市南屯區萬和路2段31之25號,24.140361,120.639635,臺中市南屯區南屯里23鄰萬和路二段31之25號,2026-09-13
臺中市南屯區黎明路1段219號,24.117088,120.627020,臺中市南屯區中和里7鄰黎明路一段219號,2026-09-13
臺中市南屯區黎明路1段965巷38號,24.136562,120.635594,臺中市南屯區南屯里10鄰黎明路一段965巷38號,2026-09-13
臺中市南屯路2段530號,24.138593,120.642735,臺中市南屯區田心里20鄰南屯路二段530號,2026-09-13
臺中市后里區三光路139號,24.308015,120.711912,臺中市后里區墩北里16鄰三光路139號,2026-09-13
臺中市后里區三光路42號,24.305674,120.711099,臺中市后里區墩西里3鄰三光路42號,2026-09-13
臺中市后里區九甲一路259號,24.313453,120.715697,臺中市后里區厚里里8鄰九甲一路259號,2026-09-13
臺中市后里區厚里里九甲一路259號,24.313453,120.715697,臺中市后里區厚里里8鄰九甲一路259號,2026-09-13
臺中市后里區墩北里三光路139號,24.308015,120.711912,臺中市后里區墩北里16鄰三光路139號,2026-09-13
臺中市后里區大圳路538號,24.307709,120.710038,臺中市后里區墩北里6鄰大圳路538號,2026-09-13
臺中市后里區大山路211號,24.305617,120.726573,臺中市后里區義德里8鄰大山路211號,2026-09-13
臺中市后里區平安路130號,24.307149,120.715475,臺中市后里區墩東里5鄰平安路130號,2026-09-13
臺中市和平區南勢里東關路3段139之10號,24.173831,120.887468,臺中市和平區南勢里9鄰東關路三段139之10號,2026-09-13
臺中市外埔區外埔路878號,24.332564,120.653497,臺中市外埔區大同里3鄰外埔路878號,2026-09-13
臺中市外埔區大馬路莊內巷1弄56號,24.342140,120.643529,臺中市外埔區大東里7鄰大馬路莊內巷1弄56號,2026-09-13
臺中市外埔區東西巷13號,24.337864,120.664352,臺中市外埔區中山里2鄰東西巷13號,2026-09-13
臺中市外埔區長生路449號,24.346283,120.643862,臺中市外埔區鐵山里18鄰長生路449號,2026-09-13
臺中市大安區中山北路1巷10號,24.373119,120.585558,臺中市大安區海墘里10鄰中山北路1巷10號,2026-09-13
臺中市大安區中松路233號,24.353434,120.596795,臺中市大安區福興里6鄰中松路233號,2026-09-13
臺中市大安區大安港路1100號,24.379209,120.589015,臺中市大安區海墘里1鄰大安港路1100號,2026-09-13
臺中市大安區東安里福東一路79號,24.336957,120.590047,臺中市大安區東安里4鄰福東一路79號,2026-09-13
臺中市大甲區中山路1段675號,24.339119,120.617957,臺中市大甲區義和里5鄰中山路一段675號,2026-09-13
臺中市大甲區中山路2段202號,24.379971,120.654766,臺中市大甲區孟春里4鄰中山路二段202號,2026-09-13
臺中市大甲區中山里甲東路512號,24.341380,120.630908,臺中市大甲區中山里18鄰甲東路512號,2026-09-13
臺中市大甲區仁愛街138號,24.349091,120.619501,臺中市大甲區平安里4鄰仁愛街138號,2026-09-13
臺中市大甲區吉祥一街9號,24.401653,120.637810,臺中市大甲區龍泉里6鄰吉祥一街9號,2026-09-13
臺中市大甲區和平路223號,24.353849,120.621321,臺中市大甲區文武里5鄰和平路223號,2026-09-13
臺中市大甲區大安港路53巷3號,24.349680,120.615836,臺中市大甲區庄美里12鄰大安港路53巷3號,2026-09-13
臺中市大甲區德興路61號,24.349826,120.625425,臺中市大甲區文武里20鄰德興路61號,2026-09-13
臺中市大甲區文曲路81號,24.336829,120.601923,臺中市大甲區武陵里9鄰文曲路81號,2026-09-13
臺中市大甲區文武里德興路61號,24.349826,120.625425,臺中市大甲區文武里20鄰德興路61號,2026-09-13
臺中市大甲區文武里德興路63號,24.349914,120.625308,臺中市大甲區文武里20鄰德興路63號,2026-09-13
臺中市大甲區東西六路111號,24.369925,120.635475,臺中市大甲區江南里7鄰東西六路一段111號,2026-09-13
臺中市大甲區東陽新村71號,24.340064,120.630808,臺中市大甲區中山里18鄰東陽新村71之10號,2026-09-13
臺中市大甲區武陵里文曲路81號,24.336829,120.601923,臺中市大甲區武陵里9鄰文曲路81號,2026-09-13
臺中市大甲區水源路167號,24.340900,120.626859,臺中市大甲區中山里7鄰水源路167號,2026-09-13
臺中市大甲區永順街37號,24.342121,120.619080,臺中市大甲區新美里1鄰永順街37號,2026-09-13
臺中市大甲區甲東路520號,24.341316,120.629104,臺中市大甲區中山里10鄰甲東路520號,2026-09-13
臺中市大甲區經國路21巷9號,24.339472,120.617558,臺中市大甲區義和里12鄰經國路21巷9號,2026-09-13
臺中市大甲區經國路520號,24.351270,120.617658,臺中市大甲區平安里6鄰經國路520號,2026-09-13
臺中市大甲區經國路95巷13號,24.342206,120.616734,臺中市大甲區新美里1鄰經國路95巷13號,2026-09-13
臺中市大甲區義和里中山路1段484巷45號,24.337634,120.618673,臺中市大甲區義和里4鄰中山路一段484巷45號,2026-09-13
臺中市大甲區育德路113號,24.348088,120.624182,臺中市大甲區孔門里5鄰育德路113號,2026-09-13
臺中市大甲區興安路29之1號,24.347377,120.615799,臺中市大甲區新美里22鄰興安路29之1號,2026-09-13
臺中市大甲區興安路92號,24.348198,120.613570,臺中市大甲區庄美里6鄰興安路92號,2026-09-13
臺中市大甲區通天路110之2號,24.374844,120.658230,臺中市大甲區太白里1鄰通天路110之2號,2026-09-13
臺中市大甲區鎮瀾街207號,24.346494,120.624621,臺中市大甲區朝陽里9鄰鎮瀾街207號,2026-09-13
臺中市大甲區開元路71號,24.349868,120.644456,臺中市大甲區頂店里3鄰開元路71號,2026-09-13
臺中市大甲區順天路146號,24.344953,120.622446,臺中市大甲區大甲里4鄰順天路146號,2026-09-13
臺中市大甲區順天路67號,24.343260,120.621217,臺中市大甲區新美里12鄰順天路67號,2026-09-13
臺中市大甲區順帆路96號,24.420300,120.628470,臺中市大甲區西岐里6鄰順帆路96號,2026-09-13
臺中市大肚區平和街28號,24.149756,120.544234,臺中市大肚區大肚里10鄰平和街28號,2026-09-13
臺中市大肚區榮華街630號,24.163388,120.545009,臺中市大肚區山陽里1鄰榮華街630號,2026-09-13
臺中市大肚區永和里永和街11之1號,24.148583,120.544122,臺中市大肚區永和里2鄰永和街11之1號,2026-09-13
臺中市大肚區沙田路2段646號,24.151147,120.545708,臺中市大肚區大肚里6鄰沙田路二段646號,2026-09-13
臺中市大肚區沙田路3段888巷9之1號,24.169311,120.543090,臺中市大肚區山陽里10鄰沙田路三段888巷9之1號,2026-09-13
臺中市大里區中山路330號,24.080825,120.690208,臺中市大里區西湖里6鄰中山路330號,2026-09-13
臺中市大里區國中路438號,24.092647,120.675808,臺中市大里區夏田里2鄰國中路438號,2026-09-13
臺中市大里區國光路2段702之10號,24.114698,120.679458,臺中市大里區東興里15鄰國光路二段702之10號,2026-09-13
臺中市大里區大明路391之9號,24.114881,120.679854,臺中市大里區東興里15鄰大明路391之9號,2026-09-13
臺中市大里區德芳路1段122號,24.110393,120.687504,臺中市大里區長榮里18鄰德芳路一段122號,2026-09-13
臺中市大里區東興路100號,24.115334,120.680568,臺中市大里區大明里21鄰東興路100號,2026-09-13
臺中市大里區益民路2段57巷47號,24.105555,120.687260,臺中市大里區長榮里12鄰益民路二段57巷47號,2026-09-13
臺中市大里區立新街338號,24.105167,120.699397,臺中市大里區立仁里20鄰立新街338號,2026-09-13
臺中市大雅區中山北路235號,24.220304,120.646015,臺中市大雅區文雅里12鄰中山北路235號,2026-09-13
臺中市大雅區中科路6號,24.209878,120.618737,臺中市大雅區橫山里13鄰中科路6號,2026-09-13
臺中市大雅區員林里中清路4段158號,24.228153,120.642315,臺中市大雅區員林里22鄰中清路四段155之8號,2026-09-13
臺中市大雅區學府路230號,24.222083,120.650025,臺中市大雅區二和里10鄰學府路230號,2026-09-13
臺中市大雅區楓林街232號,24.236395,120.666811,臺中市大雅區上楓里19鄰楓林街232號,2026-09-13
臺中市大雅區橫山里永和路8號,24.209573,120.628727,臺中市大雅區橫山里11鄰永和路8號,2026-09-13
臺中市天保街60號,24.177083,120.616901,臺中市西屯區福和里10鄰天保街60號,2026-09-13
臺中市太平區中山路3段67巷60弄1號,24.147064,120.717520,臺中市太平區宜昌里6鄰中山路三段67巷60弄1號,2026-09-13
臺中市太平區中平九街181號,24.122619,120.721542,臺中市太平區中平里3鄰中平九街181號,2026-09-13
臺中市太平區振福路312號,24.150356,120.706700,臺中市太平區新福里5鄰振福路312號,2026-09-13
臺中市太平區興隆路76號,24.111664,120.732519,臺中市太平區興隆里12鄰興隆路76號,2026-09-13
臺中市新社區大南里興中街42－1號,24.223021,120.803509,臺中市新社區大南里18鄰興中街42之1號,2026-09-13
臺中市新社區復盛村中和街3段國中巷10號,24.236676,120.807251,臺中市新社區復盛里8鄰中和街三段國中巷10號,2026-09-13
臺中市新社區復盛里興社街2段28之1號,24.233995,120.809431,臺中市新社區復盛里11鄰興社街二段28之1號,2026-09-13
臺中市新社區新社里興社街4段一巷2號,24.240398,120.809513,臺中市新社區新社里2鄰興社街四段1巷3號,2026-09-13
臺中市東勢區上新里忠孝街150之1號,24.254746,120.831818,臺中市東勢區上新里4鄰忠孝街150號,2026-09-13
臺中市東勢區中寧里文化街115巷3號,24.257253,120.826065,臺中市東勢區中寧里4鄰文化街115巷3號,2026-09-13
臺中市東勢區中山路28號,24.257527,120.830475,臺中市東勢區廣興里11鄰中山路28號,2026-09-13
臺中市東勢區中泰街88號,24.252911,120.835380,臺中市東勢區泰昌里9鄰中泰街88號,2026-09-13
臺中市東勢區北興里文化街115巷7號,24.257908,120.825942,臺中市東勢區北興里5鄰文化街115巷7號,2026-09-13
臺中市東勢區南平里本街南片巷100之1號,24.254856,120.827509,臺中市東勢區南平里19鄰本街南片巷100號,2026-09-13
臺中市東勢區文昌前街1號,24.250394,120.833462,臺中市東勢區泰昌里2鄰文昌前街1號,2026-09-13
臺中市東勢區新盛街342號,24.243382,120.831320,臺中市東勢區新盛里6鄰新盛街342號,2026-09-13
臺中市東勢區東坑路西盛巷60號,24.234568,120.846168,臺中市東勢區隆興里4鄰東坑路西盛巷60號,2026-09-13
臺中市東勢區東安里文化街113號,24.255792,120.826589,臺中市東勢區東安里10鄰文化街113號,2026-09-13
臺中市東勢區正五街17號,24.259210,120.824920,臺中市東勢區北興里7鄰正五街17號,2026-09-13
臺中市東勢區泰昌里名流街28巷2號,24.251901,120.834528,臺中市東勢區泰昌里9鄰名流街28巷2號,2026-09-13
臺中市東勢區第二橫街28號,24.254693,120.829682,臺中市東勢區南平里1鄰第二橫街28號,2026-09-13
臺中市東區仁和路362號,24.125824,120.687886,臺中市東區東興里17鄰仁和路362號,2026-09-13
臺中市東區六順路26號,24.124974,120.699524,臺中市東區東門里23鄰六順路26號,2026-09-13
臺中市東區十甲里東英七街41號,24.141200,120.704201,臺中市東區十甲里14鄰東英七街41號,2026-09-13
臺中市東區大振街33號,24.129167,120.691850,臺中市東區東橋里16鄰大振街33號,2026-09-13
臺中市東區東勢里福明街118號,24.146429,120.693726,臺中市東區東勢里24鄰福明街118號,2026-09-13
臺中市東區東橋里大智路359號,24.128614,120.690785,臺中市東區東橋里17鄰大智路359號,2026-09-13
臺中市東區東英七街41號,24.141200,120.704201,臺中市東區十甲里14鄰東英七街41號,2026-09-13
臺中市東區樂業一路135巷8號,24.136456,120.694175,臺中市東區泉源里15鄰樂業一路135巷8號,2026-09-13
臺中市東區樂業一路151號,24.136842,120.695210,臺中市東區泉源里15鄰樂業一路95號,2026-09-13
臺中市東區福明街118號,24.146429,120.693726,臺中市東區東勢里24鄰福明街118號,2026-09-13
臺中市梧棲區中和街16號,24.253848,120.531174,臺中市梧棲區文化里13鄰中和街16號,2026-09-13
臺中市梧棲區中央路1段238之1號,24.230048,120.535815,臺中市梧棲區永寧里14鄰中央路一段238之1號,2026-09-13
臺中市梧棲區中央路1段536之2號,24.241367,120.537335,臺中市梧棲區大村里14鄰中央路一段536號之3,2026-09-13
臺中市梧棲區中興路128巷11號,24.253854,120.534646,臺中市梧棲區中正里24鄰中興路128巷11號,2026-09-13
臺中市梧棲區博愛北路55號,24.253321,120.554490,臺中市梧棲區南簡里19鄰博愛北路55號,2026-09-13
臺中市梧棲區大庄里文華街168巷1號,24.246300,120.542571,臺中市梧棲區大庄里34鄰文華街168巷1號,2026-09-13
臺中市梧棲區居仁街209巷7號,24.257718,120.534041,臺中市梧棲區中正里16鄰居仁街209巷7號,2026-09-13
臺中市梧棲區建國北街635號,24.252873,120.525694,臺中市梧棲區草湳里30鄰建國北街635號,2026-09-13
臺中市梧棲區文化路1段88號,24.251123,120.529367,臺中市梧棲區草湳里38鄰文化路一段88號,2026-09-13
臺中市梧棲區梧北路117號,24.260938,120.530132,臺中市梧棲區下寮里18鄰梧北路117號,2026-09-13
臺中市梧棲區民生街12號,24.252507,120.532799,臺中市梧棲區文化里12鄰民生街12號,2026-09-13
臺中市梧棲區民生街15之77號,24.251865,120.533033,臺中市梧棲區安仁里10鄰民生街15之77號,2026-09-13
臺中市梧棲區港埠路2段306號,24.256647,120.539476,臺中市梧棲區福德里21鄰港埠路二段306號,2026-09-13
臺中市梧棲區自強二街61號,24.240692,120.530148,臺中市梧棲區草湳里25鄰自強二街61號,2026-09-13
臺中市梧棲區臺灣大道8段699號,24.247286,120.542506,臺中市梧棲區大庄里7鄰臺灣大道八段699號,2026-09-13
臺中市梧棲區頂寮里梧北路117號,24.262033,120.531124,臺中市梧棲區頂寮里13鄰梧北路170號,2026-09-13
臺中市沙鹿區中棲路三條圳巷67號,24.227140,120.572261,臺中市沙鹿區北勢里23鄰中棲路東明巷70號,2026-09-13
臺中市沙鹿區北中七街39號,24.228419,120.569960,臺中市沙鹿區北勢里29鄰北中七街39號,2026-09-13
臺中市沙鹿區晉江里晉文路301巷東1號,24.219464,120.581669,臺中市沙鹿區晉江里4鄰晉文路301巷1號,2026-09-13
臺中市沙鹿區沙鹿里中正街34號,24.236283,120.560055,臺中市沙鹿區沙鹿里10鄰中正街36號,2026-09-13
臺中市沙鹿區福人街52號,24.242341,120.563726,臺中市沙鹿區鹿寮里18鄰福人街52號,2026-09-13
臺中市沙鹿區鎮南路2段505號,24.232795,120.563776,臺中市沙鹿區福興里13鄰鎮南路二段505號,2026-09-13
臺中市沙鹿區鹿寮里三條圳二街167號,24.246703,120.560767,臺中市沙鹿區鹿寮里32鄰三條圳二街167號,2026-09-13
臺中市清水區中清路9段876巷29號,24.278274,120.549570,臺中市清水區武鹿里13鄰中清路九段876巷29號,2026-09-13
臺中市清水區中社路54號,24.268175,120.557710,臺中市清水區中社里14鄰中社路54號,2026-09-13
臺中市清水區中華路532號,24.275635,120.572060,臺中市清水區橋頭里21鄰中華路532號,2026-09-13
臺中市清水區五權路336號,24.279427,120.557267,臺中市清水區武鹿里8鄰五權路336號,2026-09-13
臺中市清水區建國路106號,24.270606,120.559396,臺中市清水區中社里29鄰建國路106號,2026-09-13
臺中市清水區建國路126號,24.271082,120.559326,臺中市清水區中社里31鄰建國路126號,2026-09-13
臺中市清水區建國路80號,24.270222,120.560413,臺中市清水區中社里25鄰建國路80號,2026-09-13
臺中市清水區忠貞路21號,24.270468,120.558346,臺中市清水區中社里20鄰忠貞路21號,2026-09-13
臺中市清水區橋江南街68號,24.279221,120.572075,臺中市清水區橋頭里14鄰橋江南街68號,2026-09-13
臺中市清水區民有路46巷19號,24.276972,120.572128,臺中市清水區橋頭里20鄰民有路46巷19號,2026-09-13
臺中市清水區港新五路300號,24.269922,120.537016,臺中市清水區槺榔里16鄰港新五路300號,2026-09-13
臺中市潭子區興華一路445號,24.213907,120.702956,臺中市潭子區甘蔗里4鄰興華一路445號,2026-09-13
臺中市潭子區豐興路1段88號,24.195685,120.721945,臺中市潭子區聚興里4鄰豐興路一段88號,2026-09-13
臺中市烏日區中山路1段2之1號,24.111168,120.644337,臺中市烏日區九德里29鄰中山路一段2之1號,2026-09-13
臺中市烏日區九德里興祥街119號,24.109085,120.637461,臺中市烏日區九德里34鄰興祥街119號,2026-09-13
臺中市烏日區五光路948號,24.101766,120.629114,臺中市烏日區烏日里10鄰五光路948號,2026-09-13
臺中市烏日區仁德里信義街116號,24.105506,120.640077,臺中市烏日區仁德里5鄰信義街116號,2026-09-13
臺中市烏日區光明路勤農巷7號,24.105345,120.656691,臺中市烏日區前竹里2鄰光明路勤農巷7號,2026-09-13
臺中市烏日區慶光路798號,24.098161,120.619095,臺中市烏日區東園里11鄰慶光路798號,2026-09-13
臺中市烏日區長春街373巷52號,24.107847,120.635616,臺中市烏日區九德里20鄰長春街373巷52號,2026-09-13
臺中市石岡區九房里8鄰石城街復興巷11之3號,24.277228,120.784728,臺中市石岡區九房里8鄰石城街復興巷11之3號,2026-09-13
臺中市石岡區九房里明德路121號,24.273914,120.778619,臺中市石岡區九房里1鄰明德路121號,2026-09-13
臺中市石岡區明德路105號,24.273848,120.779010,臺中市石岡區九房里1鄰明德路105號,2026-09-13
臺中市石岡區石岡街123號,24.276058,120.773309,臺中市石岡區石岡里2鄰石岡街123號,2026-09-13
臺中市石岡區石岡街1號,24.275779,120.778031,臺中市石岡區萬安里9鄰石岡街1號,2026-09-13
臺中市石岡區石岡街下坑巷153號,24.270774,120.773503,臺中市石岡區金星里8鄰石岡街下坑巷153號,2026-09-13
臺中市石岡區豐勢路308號,24.266085,120.807621,臺中市石岡區土牛里5鄰豐勢路308號,2026-09-13
臺中市石岡區豐勢路國中巷1號,24.267931,120.796778,臺中市石岡區梅子里14鄰豐勢路國中巷1號,2026-09-13
臺中市神岡區神圳路1號,24.258379,120.660782,臺中市神岡區神岡里2鄰神圳路1號,2026-09-13
臺中市神岡區神岡里中正南街80巷8號,24.256494,120.656589,臺中市神岡區神岡里9鄰中正南街80巷8號,2026-09-13
臺中市神岡區豐洲路482號,24.262287,120.703979,臺中市神岡區豐洲里15鄰豐洲路482號,2026-09-13
臺中市西區五權路1之67號,24.137083,120.665496,臺中市西區公民里29鄰五權路1之67號,2026-09-13
臺中市西區五權路2之3號,24.142522,120.668576,臺中市西區安龍里1鄰五權路2之3號,2026-09-13
臺中市西區大和路24號,24.150424,120.668515,臺中市西區民龍里14鄰大和路24號,2026-09-13
臺中市西區東興路3段246號,24.153819,120.653371,臺中市西區公平里13鄰東興路三段246號,2026-09-13
臺中市西區自由路1段101號,24.137736,120.679288,臺中市西區民生里7鄰自由路一段101號,2026-09-13
臺中市西區臺灣大道2段2號,24.148204,120.673624,臺中市西區和龍里20鄰臺灣大道二段2號,2026-09-13
臺中市西區臺灣大道2段566號,24.158234,120.658440,臺中市西區忠誠里11鄰臺灣大道二段566號,2026-09-13
臺中市西區金山路25之5號,24.140695,120.670931,臺中市西區平和里8鄰金山路25之5號,2026-09-13
臺中市西屯區中工三路199號,24.175921,120.617962,臺中市西屯區福和里10鄰中工三路199號,2026-09-13
臺中市西屯區中科路1777號,24.200935,120.646653,臺中市西屯區廣福里4鄰中科路1777號,2026-09-13
臺中市西屯區何南里臺灣大道2段659號,24.158450,120.656380,臺中市西屯區何南里24鄰臺灣大道二段659號,2026-09-13
臺中市西屯區大恩街1號,24.157996,120.648294,臺中市西屯區何成里1鄰大恩街1號,2026-09-13
臺中市西屯區天保街60號,24.177083,120.616901,臺中市西屯區福和里10鄰天保街60號,2026-09-13
臺中市西屯區工業區一路100號,24.173077,120.609284,臺中市西屯區協和里12鄰工業區一路100號,2026-09-13
臺中市西屯區工業區一路70號,24.177396,120.614198,臺中市西屯區福恩里17鄰工業區一路70號,2026-09-13
臺中市西屯區工業區三十九路59號,24.171264,120.587163,臺中市西屯區協和里16鄰工業區三十九路59號,2026-09-13
臺中市西屯區工業區三十八路189號,24.172623,120.588821,臺中市西屯區協和里16鄰工業區三十八路189號,2026-09-13
臺中市西屯區工業區八路11號,24.171705,120.604585,臺中市西屯區協和里12鄰工業區八路11號,2026-09-13
臺中市西屯區文心路3段241號,24.172507,120.662974,臺中市西屯區大鵬里34鄰文心路三段241號,2026-09-13
臺中市西屯區東興路3段381號,24.157464,120.654710,臺中市西屯區何南里8鄰東興路三段381號,2026-09-13
臺中市西屯區漢成街145號,24.170017,120.665604,臺中市西屯區何源里29鄰漢成街145號,2026-09-13
臺中市西屯區福科路317巷10號,24.181943,120.623992,臺中市西屯區福安里12鄰福科路317巷10號,2026-09-13
臺中市西屯區科園路21號,24.203340,120.608293,臺中市西屯區林厝里2鄰科園路21號,2026-09-13
臺中市西屯區臺灣大道3段658號,24.170595,120.638190,臺中市西屯區至善里19鄰臺灣大道三段658號,2026-09-13
臺中市西屯區臺灣大道3段99號,24.161989,120.647296,臺中市西屯區惠來里45鄰臺灣大道三段99號,2026-09-13
臺中市西屯區都會園路1215巷140號,24.205748,120.596493,臺中市西屯區林厝里11鄰都會園路1215巷140號,2026-09-13
臺中市西屯區重慶路262號,24.169614,120.661294,臺中市西屯區何福里19鄰重慶路262號,2026-09-13
臺中市西屯區重慶路99號,24.164180,120.654810,臺中市西屯區何安里14鄰重慶路99號,2026-09-13
臺中市西屯區龍洋巷52之1號,24.169374,120.631067,臺中市西屯區潮洋里1鄰龍洋巷52之1號,2026-09-13
臺中市豐原區三環路72號,24.260747,120.721569,臺中市豐原區北湳里11鄰三環路72號,2026-09-13
臺中市豐原區三豐路2段89巷45號,24.266210,120.719202,臺中市豐原區西湳里23鄰三豐路二段89巷45號,2026-09-13
臺中市豐原區中正路127號,24.251642,120.720337,臺中市豐原區中山里2鄰中正路127號,2026-09-13
臺中市豐原區中正路351號,24.250883,120.713950,臺中市豐原區西勢里1鄰中正路351號,2026-09-13
臺中市豐原區信義街200號,24.254431,120.718707,臺中市豐原區豐榮里19鄰信義街200號,2026-09-13
臺中市豐原區信義街208號,24.254402,120.718487,臺中市豐原區豐榮里19鄰信義街208號,2026-09-13
臺中市豐原區信義街218號,24.254379,120.718260,臺中市豐原區豐榮里19鄰信義街218號,2026-09-13
臺中市豐原區北陽路8號,24.252127,120.729835,臺中市豐原區北陽里9鄰北陽路8號,2026-09-13
臺中市豐原區圓環北路1段125號,24.256475,120.715677,臺中市豐原區圳寮里1鄰圓環北路一段125號,2026-09-13
臺中市豐原區圓環北路1段151號,24.256748,120.716905,臺中市豐原區大湳里20鄰圓環北路一段151號,2026-09-13
臺中市豐原區圓環東路711號,24.252853,120.729373,臺中市豐原區南村里11鄰圓環東路711號,2026-09-13
臺中市豐原區圓環西路95號,24.253070,120.708995,臺中市豐原區豐圳里23鄰圓環西路95號,2026-09-13
臺中市豐原區大湳里圓環北路1段151號,24.256748,120.716905,臺中市豐原區大湳里20鄰圓環北路一段151號,2026-09-13
臺中市豐原區大湳里圓環北路1段190號,24.256530,120.717222,臺中市豐原區大湳里9鄰圓環北路一段190號,2026-09-13
臺中市豐原區安康路280號,24.242597,120.726391,臺中市豐原區南陽里22鄰安康路129號,2026-09-13
臺中市豐原區新生北路155之1號,24.254948,120.720967,臺中市豐原區豐榮里12鄰新生北路155號,2026-09-13
臺中市豐原區東仁街138號,24.257616,120.726275,臺中市豐原區翁明里10鄰東仁街138號,2026-09-13
臺中市豐原區水源路1之1號,24.254869,120.746702,臺中市豐原區南嵩里7鄰水源路1之2號,2026-09-13
臺中市豐原區永康路181巷6號,24.241295,120.726055,臺中市豐原區南陽里19鄰永康路181巷6號,2026-09-13
臺中市豐原區福德路2之1號,24.253515,120.708926,臺中市豐原區豐圳里18鄰福德路2之1號,2026-09-13
臺中市豐原區育仁路81號,24.241135,120.717405,臺中市豐原區田心里4鄰育仁路81號,2026-09-13
臺中市豐原區豐南街2號,24.239560,120.711757,臺中市豐原區田心里16鄰豐南街2號,2026-09-13
臺中市豐原區豐原大道1段609號,24.237919,120.704468,臺中市豐原區三村里11鄰豐原大道一段609號,2026-09-13
臺中市豐原區豐東路118巷18號,24.247272,120.730423,臺中市豐原區北陽里7鄰豐東路118巷18號,2026-09-13
臺中市霧峰區中正路738之1號,24.058547,120.699231,臺中市霧峰區本堂里9鄰中正路738之1號,2026-09-13
臺中市霧峰區坑口里育德路91巷18號,24.049147,120.699342,臺中市霧峰區坑口里2鄰育德路91巷18號,2026-09-13
臺中市霧峰區萊園路141巷90號,24.058372,120.703050,臺中市霧峰區萊園里10鄰萊園路141巷90號,2026-09-13
臺中市霧峰區蘭生街43號,24.056119,120.696496,臺中市霧峰區本堂里13鄰蘭生街43號,2026-09-13
臺中市龍井區東海里藝術街34號,24.187754,120.594384,臺中市龍井區東海里23鄰藝術街34號,2026-09-13
臺中市龍井區竹坑里茄投路1段1巷35號,24.174051,120.542242,臺中市龍井區竹坑里3鄰茄投路一段1巷35號,2026-09-13
臺中市龍井區竹師路2段112巷50號,24.191034,120.553212,臺中市龍井區龍崗里2鄰竹師路二段112巷50號,2026-09-13
臺中市龍井區竹師路2段62巷68號,24.187472,120.550382,臺中市龍井區龍崗里6鄰竹師路二段62巷68號,2026-09-13
臺中市龍井區觀光路2號,24.192433,120.545106,臺中市龍井區龍泉里9鄰觀光路2號,2026-09-13
臺中市龍井區龍崗里竹師路2段68號,24.188126,120.549760,臺中市龍井區龍崗里6鄰竹師路二段68號,2026-09-13
臺中市龍井區龍西里龍門路40號,24.180980,120.529067,臺中市龍井區龍西里15鄰龍門路40號,2026-09-13
臺中市龍井區龍門路40號,24.180980,120.529067,臺中市龍井區龍西里15鄰龍門路40號,2026-09-13
臺北內湖區碧山路56號,25.104995,121.591971,臺北市內湖區碧山里3鄰碧山路56號,2026-09-13
臺北市104中山區林森北路511號,25.062064,121.525788,臺北市中山區聚葉里16鄰林森北路511號,2026-09-13
臺北市11241北投區溫泉路62號,25.134465,121.504324,臺北市北投區溫泉里18鄰溫泉路62號,2026-09-13
臺北市中和街534號,25.145566,121.493267,臺北市北投區秀山里7鄰中和街534號,2026-09-13
臺北市中山區104353臺北市中山區樂群二路266巷99號,25.077313,121.561684,臺北市中山區金泰里13鄰樂群二路266巷99號,2026-09-13
臺北市中山區中山北路2段158號,25.063034,121.522340,臺北市中山區集英里18鄰中山北路二段158號,2026-09-13
臺北市中山區中山北路2段16巷15號,25.053188,121.521255,臺北市中山區民安里10鄰中山北路二段16巷15號,2026-09-13
臺北市中山區中山北路3段26號,25.065141,121.522038,臺北市中山區集英里24鄰中山北路三段26號,2026-09-13
臺北市中山區南京東路2段11號,25.052336,121.528423,臺北市中山區中原里2鄰南京東路二段11號,2026-09-13
臺北市中山區南京東路3段219號,25.052084,121.543280,臺北市中山區復華里11鄰南京東路三段219號,2026-09-13
臺北市中山區吉林路110號,25.053815,121.529985,臺北市中山區中原里6鄰吉林路110號,2026-09-13
臺北市中山區大直街2號,25.080494,121.546433,臺北市中山區大直里28鄰大直街2號,2026-09-13
臺北市中山區建國北路2段66號,25.054426,121.536462,臺北市中山區中央里12鄰建國北路二段66號,2026-09-13
臺北市中山區新生北路2段29號,25.053804,121.527785,臺北市中山區中原里4鄰新生北路二段29號,2026-09-13
臺北市中山區松江路283號,25.060245,121.533385,臺北市中山區松江里5鄰松江路283號,2026-09-13
臺北市中山區林森北路372號,25.057734,121.525394,臺北市中山區中山里12鄰林森北路372號,2026-09-13
臺北市中山區樂齡學習中心,25.053815,121.529985,臺北市中山區中原里6鄰吉林路110號,2026-09-13
臺北市中山區民權東路1段27號,25.062967,121.523972,臺北市中山區恆安里2鄰民權東路一段27號,2026-09-13
臺北市中山區民權東路1段69號,25.062914,121.526315,臺北市中山區恆安里15鄰民權東路一段69號,2026-09-13
臺北市中山區民權東路2段206號,25.062205,121.536510,臺北市中山區松江里20鄰民權東路二段206號,2026-09-13
臺北市中山區民生東路3段67號,25.058049,121.542279,臺北市中山區江山里17鄰民生東路三段67號,2026-09-13
臺北市中山區長安東路1段25號,25.049389,121.524022,臺北市中山區正得里10鄰長安東路一段25號,2026-09-13
臺北市中山區長安東路1段27號,25.049333,121.524262,臺北市中山區正得里10鄰長安東路一段27號,2026-09-13
臺北市中山區長安東路1段長安東路27號,25.049333,121.524262,臺北市中山區正得里10鄰長安東路一段27號,2026-09-13
臺北市中山區長春路116號,25.054717,121.529631,臺北市中山區中原里6鄰長春路116號,2026-09-13
臺北市中山區龍江路96號,25.052335,121.540348,臺北市中山區復華里12鄰龍江路96號,2026-09-13
臺北市中正區中山南路20號,25.037325,121.516715,臺北市中正區建國里4鄰中山南路20號,2026-09-13
臺北市中正區公園路30號,25.044482,121.516857,臺北市中正區黎明里13鄰公園路30號,2026-09-13
臺北市中正區南昌路2段42巷14號,25.027558,121.519821,臺北市中正區南福里9鄰南昌路二段42巷14號,2026-09-13
臺北市中正區南昌路2段42巷16號,25.027582,121.519802,臺北市中正區南福里9鄰南昌路二段42巷16號,2026-09-13
臺北市中正區南海路1號,25.032780,121.517282,臺北市中正區龍福里4鄰南海路1號,2026-09-13
臺北市中正區南海路58號,25.030921,121.511023,臺北市中正區龍光里1鄰南海路58號,2026-09-13
臺北市中正區博愛路80號,25.044545,121.511375,臺北市中正區光復里10鄰博愛路80號,2026-09-13
臺北市中正區忠孝西路1段102號,25.047212,121.512485,臺北市中正區光復里2鄰忠孝西路一段102號,2026-09-13
臺北市中正區忠孝西路1段41號,25.046172,121.518384,臺北市中正區黎明里3鄰忠孝西路一段41號,2026-09-13
臺北市中正區忠孝西路1段72號,25.046827,121.514062,臺北市中正區黎明里5鄰忠孝西路一段72號,2026-09-13
臺北市中正區愛國西路9號,25.037269,121.507832,臺北市中正區建國里3鄰愛國西路9號,2026-09-13
臺北市中正區懷寧街39號,25.044765,121.514207,臺北市中正區黎明里10鄰懷寧街39號,2026-09-13
臺北市中正區濟南路1段1段321號,25.041947,121.525532,臺北市中正區幸福里8鄰濟南路一段321號,2026-09-13
臺北市中正區濟南路1段6號,25.042417,121.521837,臺北市中正區東門里2鄰濟南路一段6號,2026-09-13
臺北市中正區濟南路⼀段321號,25.041947,121.525532,臺北市中正區幸福里8鄰濟南路一段321號,2026-09-13
臺北市中正區秀山街4號,25.042792,121.509311,臺北市中正區光復里9鄰秀山街4號,2026-09-13
臺北市中正區羅斯福路1段28號,25.031416,121.518978,臺北市中正區南福里24鄰羅斯福路一段28號,2026-09-13
臺北市中正區羅斯福路3段76號,25.022058,121.526280,臺北市中正區頂東里3鄰羅斯福路三段76號,2026-09-13
臺北市中正區許昌街17號,25.045725,121.516958,臺北市中正區黎明里12鄰許昌街17號,2026-09-13
臺北市中正區許昌街42之1號,25.045163,121.515624,臺北市中正區黎明里11鄰許昌街42之1號,2026-09-13
臺北市中正區許昌街42號,25.045451,121.515460,臺北市中正區黎明里11鄰許昌街42號,2026-09-13
臺北市中正區重慶南路1段10號,25.046588,121.513136,臺北市中正區光復里2鄰重慶南路一段10號,2026-09-13
臺北市中正區青島西路11號,25.044988,121.517767,臺北市中正區黎明里4鄰青島西路11號,2026-09-13
臺北市信義區11072臺北市信義區光復南路133號,25.043688,121.559738,臺北市信義區新仁里21鄰光復南路133號,2026-09-13
臺北市信義區110臺北市信義區松仁路158巷1號,25.028610,121.567932,臺北市信義區三張里13鄰松仁路158巷1號,2026-09-13
臺北市信義區光復南路133號,25.043688,121.559738,臺北市信義區新仁里21鄰光復南路133號,2026-09-13
臺北市信義區光復南路495號,25.032460,121.557885,臺北市信義區中興里2鄰光復南路495號,2026-09-13
臺北市信義區基隆路2段99號,25.029720,121.558027,臺北市信義區景聯里8鄰基隆路二段99號,2026-09-13
臺北市信義區大道路49巷6號,25.041712,121.582526,臺北市信義區大道里14鄰大道路49巷6號,2026-09-13
臺北市信義區忠孝東路4段553巷50號,25.044371,121.562893,臺北市信義區新仁里10鄰忠孝東路四段553巷50號,2026-09-13
臺北市信義區松山路225巷48號,25.044696,121.578948,臺北市信義區永春里22鄰松山路225巷48號,2026-09-13
臺北市信義區松隆路102號,25.045885,121.571031,臺北市信義區五常里15鄰松隆路102號,2026-09-13
臺北市信義區永吉路181號,25.045767,121.571934,臺北市信義區五常里14鄰永吉路181號,2026-09-13
臺北市信義路3段134巷82號,25.029389,121.539235,臺北市大安區新龍里17鄰信義路三段134巷82號,2026-09-13
臺北市內湖區內湖路2段41號,25.079099,121.580211,臺北市內湖區港富里22鄰內湖路二段41號,2026-09-13
臺北市內湖區成功路5段420巷28號,25.075639,121.608802,臺北市內湖區金湖里12鄰成功路五段420巷28號,2026-09-13
臺北市內湖區文湖街15號,25.085832,121.560131,臺北市內湖區西康里4鄰文湖街15號,2026-09-13
臺北市內湖區星雲街121號,25.080034,121.594945,臺北市內湖區清白里30鄰星雲街121號,2026-09-13
臺北市內湖區東湖路115號,25.068540,121.615782,臺北市內湖區東湖里1鄰東湖路115號,2026-09-13
臺北市內湖區民權東路6段109號,25.069149,121.591589,臺北市內湖區寶湖里1鄰民權東路六段109號,2026-09-13
臺北市內湖區民權東路6段138號,25.068827,121.588719,臺北市內湖區湖興里15鄰民權東路六段138號,2026-09-13
臺北市內湖區金龍路100號,25.085302,121.591108,臺北市內湖區內湖里6鄰金龍路100號,2026-09-13
臺北市內湖區陽光街1號,25.076994,121.588723,臺北市內湖區紫陽里1鄰陽光街1號,2026-09-13
臺北市內湖路1段520號,25.079737,121.575448,臺北市內湖區港墘里13鄰內湖路一段520號,2026-09-13
臺北市北投區中央北路1段73號,25.134005,121.500426,臺北市北投區大同里7鄰中央北路一段73號,2026-09-13
臺北市北投區中山路3之1號,25.137115,121.505809,臺北市北投區林泉里3鄰中山路3之1號,2026-09-13
臺北市北投區中山路5之12號,25.138007,121.509604,臺北市北投區林泉里4鄰中山路5之10號,2026-09-13
臺北市北投區北投路2段17號,25.131267,121.498132,臺北市北投區大同里17鄰北投路二段17號,2026-09-13
臺北市北投區溫泉路62號,25.134465,121.504324,臺北市北投區溫泉里18鄰溫泉路62號,2026-09-13
臺北市北投區知行路212號,25.119894,121.467358,臺北市北投區關渡里16鄰知行路212號,2026-09-13
臺北市北投區立農街1段250號,25.119470,121.505308,臺北市北投區立農里17鄰立農街一段250號,2026-09-13
臺北市北投區育仁路16號,25.133015,121.498389,臺北市北投區大同里9鄰育仁路16號,2026-09-13
臺北市北投區致遠二路80號,25.115690,121.511745,臺北市北投區吉利里1鄰致遠二路80號,2026-09-13
臺北市南港區三重路19之10號,25.058139,121.613519,臺北市南港區三重里25鄰三重路19之10號,2026-09-13
臺北市南港區向陽路21號,25.052483,121.595048,臺北市南港區西新里3鄰向陽路21號,2026-09-13
臺北市南港區向陽路31號,25.053615,121.594757,臺北市南港區西新里1鄰向陽路31號,2026-09-13
臺北市南港區園區街3號,25.058478,121.611987,臺北市南港區三重里25鄰園區街3號,2026-09-13
臺北市南港區市民大道8段367號,25.053763,121.607935,臺北市南港區南港里5鄰市民大道八段367號,2026-09-13
臺北市南港區忠孝東路5段815號,25.044917,121.582211,臺北市南港區合成里14鄰忠孝東路五段815號,2026-09-13
臺北市南港區東新街65號,25.046893,121.586874,臺北市南港區聯成里12鄰東新街65號,2026-09-13
臺北市南港區興中路12巷15號,25.055044,121.606827,臺北市南港區南港里23鄰興中路12巷15號,2026-09-13
臺北市南港區興中路29號,25.056335,121.607192,臺北市南港區南港里16鄰興中路29號,2026-09-13
臺北市南港區舊莊街1段100號,25.040269,121.619575,臺北市南港區舊莊里3鄰舊莊街一段100號,2026-09-13
臺北市士林區中山北路6段392號,25.112977,121.526815,臺北市士林區天祿里15鄰中山北路六段392號,2026-09-13
臺北市士林區中正路345號,25.094351,121.522572,臺北市士林區福德里8鄰中正路345號,2026-09-13
臺北市士林區公民教室：承德路4段190號,25.087200,121.522295,臺北市士林區前港里14鄰承德路四段190號,2026-09-13
臺北市士林區公民教室：承德路4段192號,25.087276,121.522250,臺北市士林區前港里14鄰承德路四段192號,2026-09-13
臺北市士林區基河路130號,25.089144,121.522789,臺北市士林區義信里14鄰基河路130號,2026-09-13
臺北市士林區平菁街101號,25.129070,121.576312,臺北市士林區平等里2鄰平菁街101號,2026-09-13
臺北市士林區延平北路6段308號,25.089803,121.502942,臺北市士林區永倫里1鄰延平北路六段308號,2026-09-13
臺北市士林區忠誠路2段207巷3號,25.116551,121.536363,臺北市士林區三玉里10鄰忠誠路二段207巷3號,2026-09-13
臺北市士林區承德路4段177號,25.086958,121.523099,臺北市士林區義信里12鄰承德路四段177號,2026-09-13
臺北市士林區承德路4段190號,25.087200,121.522295,臺北市士林區前港里14鄰承德路四段190號,2026-09-13
臺北市士林區承德路4段192號,25.087276,121.522250,臺北市士林區前港里14鄰承德路四段192號,2026-09-13
臺北市士林區校本部：承德路4段177號,25.086958,121.523099,臺北市士林區義信里12鄰承德路四段177號,2026-09-13
臺北市士林區雨聲街68號,25.103612,121.528757,臺北市士林區名山里25鄰雨聲街68號,2026-09-13
臺北市大同區南京西路163號,25.054083,121.513129,臺北市大同區朝陽里8鄰南京西路163號,2026-09-13
臺北市大同區哈密街47號,25.073405,121.516721,臺北市大同區保安里10鄰哈密街47號,2026-09-13
臺北市大同區延平北路2段239號,25.061393,121.511669,臺北市大同區延平里5鄰延平北路二段239號,2026-09-13
臺北市大同區延平北路2段240號,25.059952,121.511301,臺北市大同區大有里8鄰延平北路二段240號,2026-09-13
臺北市大同區延平北路2段241號,25.062058,121.511365,臺北市大同區南芳里5鄰延平北路二段241號,2026-09-13
臺北市大同區延平北路2段242號,25.059997,121.511299,臺北市大同區大有里8鄰延平北路二段242號,2026-09-13
臺北市大同區延平北路2段243號,25.062103,121.511361,臺北市大同區南芳里5鄰延平北路二段243號,2026-09-13
臺北市大同區延平北路2段244號,25.060047,121.511295,臺北市大同區大有里8鄰延平北路二段244號,2026-09-13
臺北市大同區延平北路2段245號,25.062153,121.511358,臺北市大同區南芳里5鄰延平北路二段245號,2026-09-13
臺北市大同區延平北路2段246號,25.060102,121.511292,臺北市大同區大有里8鄰延平北路二段246號,2026-09-13
臺北市大同區延平北路2段248號,25.060154,121.511289,臺北市大同區大有里8鄰延平北路二段248號,2026-09-13
臺北市大同區延平北路2段266號,25.061694,121.511134,臺北市大同區南芳里8鄰延平北路二段266號,2026-09-13
臺北市大同區承德路2段81號,25.056016,121.518392,臺北市大同區光能里7鄰承德路二段81號,2026-09-13
臺北市大同區承德路3段230號,25.072373,121.518493,臺北市大同區保安里8鄰承德路三段230號,2026-09-13
臺北市大同區承德路3段285號,25.073403,121.519600,臺北市大同區保安里18鄰承德路三段285號,2026-09-13
臺北市大同區民族西路105號,25.068811,121.517105,臺北市大同區至聖里12鄰民族西路105號,2026-09-13
臺北市大同區老師里重慶北路3段318號,25.074278,121.513563,臺北市大同區老師里13鄰重慶北路三段318號,2026-09-13
臺北市大同區重慶北路3段320號,25.074698,121.513589,臺北市大同區老師里13鄰重慶北路三段320號,2026-09-13
臺北市大同區長安西路33號,25.050353,121.519762,臺北市大同區建泰里1鄰長安西路33號,2026-09-13
臺北市大同區長安西路45之1號,25.050758,121.518061,臺北市大同區建泰里7鄰長安西路45之1號,2026-09-13
臺北市大同區長安西路長安西路33號,25.050353,121.519762,臺北市大同區建泰里1鄰長安西路33號,2026-09-13
臺北市大安區信義路4段186巷7號,25.032209,121.551672,臺北市大安區義安里6鄰信義路四段186巷7號,2026-09-13
臺北市大安區和平東路1段155號,25.026580,121.531148,臺北市大安區龍安里12鄰和平東路一段155號,2026-09-13
臺北市大安區和平東路2段55號,25.025767,121.538477,臺北市大安區龍生里14鄰和平東路二段55號,2026-09-13
臺北市大安區四維路198巷30弄10號,25.026520,121.545848,臺北市大安區群英里30鄰四維路198巷30弄10號,2026-09-13
臺北市大安區大安路2段99號,25.029387,121.546150,臺北市大安區龍雲里17鄰大安路二段99號,2026-09-13
臺北市大安區建國南路2段231號,25.025951,121.538039,臺北市大安區龍生里14鄰建國南路二段231號,2026-09-13
臺北市大安區復興南路1段390號,25.033723,121.543382,臺北市大安區和安里4鄰復興南路一段390號,2026-09-13
臺北市大安區忠孝東路3段96號,25.041631,121.536238,臺北市大安區民輝里18鄰忠孝東路三段96號,2026-09-13
臺北市大安區忠孝東路4段142號,25.041299,121.549373,臺北市大安區建倫里1鄰忠孝東路四段142號,2026-09-13
臺北市大安區忠孝東路4段169號,25.041705,121.550421,臺北市大安區建安里16鄰忠孝東路四段169號,2026-09-13
臺北市大安區忠孝東路4段178號,25.041265,121.551403,臺北市大安區建倫里1鄰忠孝東路四段178號,2026-09-13
臺北市大安區忠孝東路4段55之6號,25.041813,121.545525,臺北市大安區光武里28鄰忠孝東路四段55之6號,2026-09-13
臺北市大安區忠孝東路4段55號,25.041813,121.545525,臺北市大安區光武里28鄰忠孝東路四段55號,2026-09-13
臺北市大安區敦化南路2段11巷52號,25.032498,121.551224,臺北市大安區義安里6鄰敦化南路二段11巷52號,2026-09-13
臺北市大安區敦化南路2段2號,25.033024,121.548437,臺北市大安區住安里19鄰敦化南路二段2號,2026-09-13
臺北市大安區新生南路1段155號,25.035145,121.532972,臺北市大安區民炤里7鄰新生南路一段155號,2026-09-13
臺北市大安區新生南路3段20之1號,25.024222,121.534447,臺北市大安區龍坡里5鄰新生南路三段20之1號,2026-09-13
臺北市大安區杭州南路2段1號,25.034930,121.524239,臺北市大安區光明里9鄰杭州南路二段1號,2026-09-13
臺北市大安區金華街199巷5號,25.031176,121.528352,臺北市大安區永康里7鄰金華街199巷5號,2026-09-13
臺北市延平北路5段136巷1號,25.082284,121.510750,臺北市士林區福順里15鄰延平北路五段136巷1號,2026-09-13
臺北市建國南路2段125號,25.029137,121.538199,臺北市大安區新龍里19鄰建國南路二段125號,2026-09-13
臺北市承德路4段190號,25.087200,121.522295,臺北市士林區前港里14鄰承德路四段190號,2026-09-13
臺北市文山區景中街27號,24.993013,121.542943,臺北市文山區景華里5鄰景中街27號,2026-09-13
臺北市文山區景中街28號,24.992761,121.542309,臺北市文山區景行里11鄰景中街28號,2026-09-13
臺北市文山區景文街42號,24.991716,121.541230,臺北市文山區景行里2鄰景文街42號,2026-09-13
臺北市文山區景興路193號,24.992228,121.544410,臺北市文山區景東里25鄰景興路193號,2026-09-13
臺北市文山區木新里木柵路3段189號,24.989440,121.569667,臺北市文山區木新里1鄰木柵路三段220之1號,2026-09-13
臺北市文山區秀明路2段175號,24.990980,121.578218,臺北市文山區萬興里7鄰秀明路二段175號,2026-09-13
臺北市文山區羅斯福路5段170巷32號,25.004820,121.536742,臺北市文山區萬年里10鄰羅斯福路五段170巷32號,2026-09-13
臺北市文山區興安里興隆路2段88號,25.000278,121.548816,臺北市文山區興安里4鄰興隆路二段88號,2026-09-13
臺北市文山區興隆路1段238之1號,24.999137,121.544032,臺北市文山區萬有里10鄰興隆路一段238之1號,2026-09-13
臺北市文山區興隆路2段220巷51之1號,24.999729,121.551987,臺北市文山區興業里8鄰興隆路二段220巷51之1號,2026-09-13
臺北市文山區興隆路3段125巷6號,24.998846,121.558675,臺北市文山區興光里8鄰興隆路三段125巷6號,2026-09-13
臺北市文山區萬和街1號,25.001315,121.567572,臺北市文山區萬美里8鄰萬和街1號,2026-09-13
臺北市杭州南路1段15之1號,25.042758,121.526864,臺北市中正區幸福里12鄰杭州南路一段15之1號,2026-09-13
臺北市東新街65號,25.046893,121.586874,臺北市南港區聯成里12鄰東新街65號,2026-09-13
臺北市松山區三民路5號,25.052198,121.563614,臺北市松山區東光里27鄰三民路5號,2026-09-13
臺北市松山區光復南路46巷1之2號,25.046150,121.557166,臺北市松山區復建里7鄰光復南路46巷1之2號,2026-09-13
臺北市松山區八德路4段101號,25.048705,121.561069,臺北市松山區吉祥里10鄰八德路四段101號,2026-09-13
臺北市松山區八德路4段678號,25.049901,121.576530,臺北市松山區慈祐里18鄰八德路四段678號,2026-09-13
臺北市松山區八德路4段747號,25.050493,121.577551,臺北市松山區慈祐里20鄰八德路四段747號,2026-09-13
臺北市松山區八德路4段749號,25.050520,121.577549,臺北市松山區慈祐里20鄰八德路四段749號,2026-09-13
臺北市松山區基隆路1段8號,25.050765,121.569933,臺北市松山區新聚里3鄰基隆路一段8號,2026-09-13
臺北市松山區復興北路99號,25.052849,121.544280,臺北市松山區中正里31鄰復興北路99號,2026-09-13
臺北市松山區民生東路5段36巷4弄6號,25.057769,121.559382,臺北市松山區介壽里19鄰民生東路五段36巷4弄6號,2026-09-13
臺北市松山區長安東路2段225號,25.048358,121.545104,臺北市松山區中正里12鄰長安東路二段225號,2026-09-13
臺北市萬華區內江街89號,25.041741,121.503344,臺北市萬華區西門里9鄰內江街89號,2026-09-13
臺北市萬華區南寧路46號,25.036064,121.504598,臺北市萬華區富福里15鄰南寧路46號,2026-09-13
臺北市萬華區富民里康定路232號,25.037942,121.501589,臺北市萬華區富民里15鄰康定路232號,2026-09-13
臺北市萬華區東園街90之1號,25.024630,121.496995,臺北市萬華區忠德里11鄰東園街90之1號,2026-09-13
臺北市萬華區桂林路64號,25.038063,121.502762,臺北市萬華區福音里12鄰桂林路64號,2026-09-13
臺北市萬華區西藏路201號,25.029159,121.498702,臺北市萬華區日善里11鄰西藏路201號,2026-09-13
臺北市長安西路37之1號,25.050367,121.519697,臺北市大同區建泰里1鄰長安西路37之1號,2026-09-13
臺南事官田區工業路31號,23.212845,120.323508,臺南市官田區二鎮里19鄰工業路31號,2026-09-13
臺南地區農會,23.047042,120.185157,臺南市安南區溪心里21鄰安中路二段300號,2026-09-13
臺南士柳營區中山西路1段362號,23.278612,120.317099,臺南市柳營區東昇里5鄰中山西路一段362號,2026-09-13
臺南士柳營區柳營路2段59號,23.278390,120.311527,臺南市柳營區士林里6鄰柳營路二段59號,2026-09-13
臺南士柳營區篤農里6鄰小腳腿226之1號,23.290485,120.367926,臺南市柳營區篤農里3鄰小脚腿226號之1,2026-09-13
臺南市七股區頂山里153之2號,23.182832,120.110970,臺南市七股區頂山里7鄰頂山153號之2,2026-09-13
臺南市七股區龍山里4號,23.136575,120.119256,臺南市七股區龍山里1鄰龍山4號,2026-09-13
臺南市下營區中山路2段122巷9號,23.229558,120.262345,臺南市下營區仁里里2鄰中山路二段122巷9號,2026-09-13
臺南市下營區新北街27號,23.240084,120.266683,臺南市下營區新興里1鄰新北街27號,2026-09-13
臺南市中西區中山路147號,22.996073,120.210159,臺南市中西區赤嵌里1鄰中山路147號,2026-09-13
臺南市中西區中山路91號,22.994246,120.207456,臺南市中西區赤嵌里17鄰中山路91號,2026-09-13
臺南市中西區中正路240號,22.993305,120.196756,臺南市中西區淺草里4鄰中正路240號,2026-09-13
臺南市中西區信義街25號,22.999608,120.196061,臺南市中西區兌悅里17鄰信義街25號,2026-09-13
臺南市中西區南寧街140號,22.985158,120.200697,臺南市中西區南門里9鄰南寧街140號,2026-09-13
臺南市中西區大埔街50號,22.987348,120.207153,臺南市中西區郡王里21鄰大埔街50號,2026-09-13
臺南市中西區大埔街52號,22.987494,120.206950,臺南市中西區郡王里21鄰大埔街52號,2026-09-13
臺南市中西區府連路22號,22.982168,120.209960,臺南市中西區法華里6鄰府連路22號,2026-09-13
臺南市中西區忠孝街93巷47號,23.000766,120.196030,臺南市中西區兌悅里16鄰忠孝街93巷47號,2026-09-13
臺南市中西區民族路2段76之10號,22.995000,120.208415,臺南市中西區赤嵌里3鄰民族路二段76號之10,2026-09-13
臺南市中西區民權路3段370號,22.998762,120.189492,臺南市中西區西和里17鄰民權路三段370號,2026-09-13
臺南市中西區西門路2段48號,22.991421,120.198291,臺南市中西區南美里18鄰西門路二段48號,2026-09-13
臺南市中西區觀亭街76號,22.997104,120.205967,臺南市中西區赤嵌里5鄰觀亭街76號,2026-09-13
臺南市中西區赤嵌街41號,22.998356,120.202394,臺南市中西區赤嵌里9鄰赤嵌街41號,2026-09-13
臺南市仁德區中正路2段209號,22.948728,120.250892,臺南市仁德區後壁里27鄰中正路二段209號,2026-09-13
臺南市仁德區太子二街125巷13號,22.989835,120.263711,臺南市仁德區土庫里7鄰太子二街125巷13號,2026-09-13
臺南市仁德區文華路2段358巷201弄9之2號,22.943520,120.232778,臺南市仁德區成功里5鄰文華路二段358巷201弄9號,2026-09-13
臺南市仁德區正義一街39號,22.972233,120.253105,臺南市仁德區仁義里44鄰正義一街39號,2026-09-13
臺南市佳里區下營里頂廍117號,23.172860,120.149645,臺南市佳里區下營里15鄰頂廍117號,2026-09-13
臺南市佳里區佳南路446號,23.148342,120.175756,臺南市佳里區南勢里13鄰佳南路446號,2026-09-13
臺南市佳里區佳東路211號,23.156743,120.183159,臺南市佳里區鎮山里7鄰佳東路211號,2026-09-13
臺南市佳里區佳興里16鄰佳里興376之2號,23.190881,120.183678,臺南市佳里區佳興里16鄰佳里興376號之2,2026-09-13
臺南市佳里區信義一街336號,23.159875,120.182088,臺南市佳里區忠仁里11鄰信義一街336號,2026-09-13
臺南市佳里區光華街150巷2之2號,23.165476,120.169998,臺南市佳里區安西里18鄰光華街150巷2號之2,2026-09-13
臺南市佳里區光華街156號,23.165279,120.169695,臺南市佳里區安西里18鄰光華街156號,2026-09-13
臺南市佳里區公園路282號,23.158448,120.172859,臺南市佳里區建南里11鄰公園路282號,2026-09-13
臺南市佳里區公園路445號,23.164155,120.172250,臺南市佳里區安西里15鄰公園路445號,2026-09-13
臺南市佳里區六安130號,23.172752,120.177911,臺南市佳里區六安里10鄰六安130號,2026-09-13
臺南市佳里區六安里六安128之5號,23.174425,120.174963,臺南市佳里區六安里10鄰六安128之5號,2026-09-13
臺南市佳里區安北路116號,23.168591,120.177188,臺南市佳里區六安里15鄰安北路116號,2026-09-13
臺南市佳里區安西里51鄰安西130之128號,23.164055,120.159038,臺南市佳里區安西里23鄰安西132之36號,2026-09-13
臺南市佳里區安西里佳北路480號,23.170252,120.170198,臺南市佳里區安西里8鄰佳北路480號,2026-09-13
臺南市佳里區文化路230號,23.163247,120.176330,臺南市佳里區東寧里9鄰文化路230號,2026-09-13
臺南市佳里區文化路672號,23.163008,120.165261,臺南市佳里區安西里23鄰文化路672號,2026-09-13
臺南市佳里區文新里安西130之128號,23.157919,120.161349,臺南市佳里區文新里12鄰安西130號之128,2026-09-13
臺南市佳里區新生路57號,23.161001,120.180093,臺南市佳里區忠仁里9鄰新生路57號,2026-09-13
臺南市佳里區義民街358號,23.161407,120.172029,臺南市佳里區文新里3鄰義民街358號,2026-09-13
臺南市六甲區七甲街89巷4號,23.221761,120.345386,臺南市六甲區七甲里10鄰七甲街89巷4號,2026-09-13
臺南市六甲區中山路608巷91號,23.238115,120.336547,臺南市六甲區水林里6鄰中山路608巷91號,2026-09-13
臺南市六甲區中正路118號,23.221184,120.349919,臺南市六甲區七甲里2鄰中正路118號,2026-09-13
臺南市六甲區中正路146巷1之1號,23.222038,120.349783,臺南市六甲區甲南里12鄰中正路146巷1之1號,2026-09-13
臺南市六甲區中華路105號,23.224822,120.349067,臺南市六甲區六甲里7鄰中華路105號,2026-09-13
臺南市六甲區仁愛街38號,23.230697,120.353857,臺南市六甲區六甲里16鄰仁愛街38號,2026-09-13
臺南市北區北成路212號,23.020646,120.206563,臺南市北區成功里21鄰北成路212號,2026-09-13
臺南市北區小東路25號,23.001417,120.216413,臺南市北區中樓里4鄰小東路25號,2026-09-13
臺南市北區小東路35號,23.001459,120.217789,臺南市北區中樓里4鄰小東路35號,2026-09-13
臺南市北區成功路2號,22.997791,120.211428,臺南市北區公園里2鄰成功路2號,2026-09-13
臺南市北區西門路4段367號,23.016195,120.210289,臺南市北區華德里1鄰西門路四段367號,2026-09-13
臺南市北門區三光里119號,23.237990,120.110840,臺南市北門區三光里4鄰三寮灣119號,2026-09-13
臺南市北門區二重港28號,23.241280,120.139112,臺南市北門區文山里8鄰二重港28號,2026-09-13
臺南市北門區蚵寮里791號,23.286785,120.137944,臺南市北門區蚵寮里5鄰蚵寮791號,2026-09-13
臺南市南化區中坑里38之6號,23.045847,120.450230,臺南市南化區中坑里5鄰中坑38之6號,2026-09-13
臺南市南化區南化里124號,23.043302,120.477300,臺南市南化區南化里5鄰南化124號,2026-09-13
臺南市南化區南化里230號,23.043123,120.477587,臺南市南化區南化里11鄰南化230號,2026-09-13
臺南市南區南門路261號,22.979898,120.204139,臺南市南區竹溪里9鄰南門路261號,2026-09-13
臺南市南區喜樹路133號,22.942873,120.179900,臺南市南區喜東里5鄰喜樹路133號,2026-09-13
臺南市南區建南路178號,22.985213,120.188145,臺南市南區文華里6鄰建南路178號,2026-09-13
臺南市南區新建路12號,22.971430,120.185042,臺南市南區彰南里6鄰新建路12號,2026-09-13
臺南市善化區中山路152號,23.132921,120.301448,臺南市善化區光文里9鄰中山路152號之1,2026-09-13
臺南市善化區中正路451號,23.129660,120.293637,臺南市善化區文昌里7鄰中正路451號,2026-09-13
臺南市善化區光復路182號,23.127876,120.290043,臺南市善化區文昌里12鄰光復路182號,2026-09-13
臺南市善化區六分寮26之1號,23.152838,120.300781,臺南市善化區田寮里1鄰六分寮26號之1,2026-09-13
臺南市善化區六分里六分寮471號,23.150720,120.297006,臺南市善化區六分里1鄰六分寮471號,2026-09-13
臺南市善化區小新里97號,23.123600,120.310482,臺南市善化區小新里14鄰小新營97號,2026-09-13
臺南市善化區建國路136號,23.130810,120.296943,臺南市善化區光文里25鄰建國路136號,2026-09-13
臺南市善化區溪美里71號,23.151493,120.284279,臺南市善化區溪美里7鄰溪尾71號,2026-09-13
臺南市善化區牛庄里138之2號,23.138761,120.317217,臺南市善化區牛庄里5鄰牛庄138之2號,2026-09-13
臺南市善化區牛庄里38之18號,23.141953,120.321559,臺南市善化區牛庄里3鄰牛庄38號之18,2026-09-13
臺南市善化區陽明路57巷76號,23.133936,120.279233,臺南市善化區文正里9鄰陽明路57巷76號,2026-09-13
臺南市學甲區中山路116號,23.234771,120.180406,臺南市學甲區明宜里10鄰中山路116號,2026-09-13
臺南市學甲區信義路17巷7號,23.230568,120.174809,臺南市學甲區仁得里13鄰信義路17巷7號,2026-09-13
臺南市學甲區光華里8鄰過港子65號,23.243448,120.166248,臺南市學甲區光華里4鄰過港子65號之2,2026-09-13
臺南市學甲區光華里過港子65號,23.243448,120.166248,臺南市學甲區光華里4鄰過港子65號之2,2026-09-13
臺南市學甲區東興街61號,23.224792,120.185033,臺南市學甲區新榮里5鄰東興街61號,2026-09-13
臺南市學甲區民權路97號,23.231628,120.178155,臺南市學甲區仁得里12鄰民權路97號,2026-09-13
臺南市學甲區綿和路40號,23.233410,120.182691,臺南市學甲區慈福里10鄰綿和路40號,2026-09-13
臺南市安南區功安一街162號,23.049995,120.180160,臺南市安南區溪心里31鄰功安一街162號,2026-09-13
臺南市安南區塩田路361號,23.032322,120.140546,臺南市安南區塩田里1鄰塩田路361號,2026-09-13
臺南市安南區安中路2段140號,23.046561,120.187749,臺南市安南區溪心里3鄰安中路二段140號,2026-09-13
臺南市安南區安中路2段300號,23.047042,120.185157,臺南市安南區溪心里21鄰安中路二段300號,2026-09-13
臺南市安南區安和路1段220巷52號,23.031541,120.214249,臺南市安南區安東里13鄰安和路一段220巷52號,2026-09-13
臺南市安南區安和路4段25巷32號,23.051368,120.217942,臺南市安南區安順里8鄰安和路四段25巷32號,2026-09-13
臺南市安南區安興街435巷12號,23.070105,120.156151,臺南市安南區南興里2鄰安興街435巷12號,2026-09-13
臺南市安南區本原街1段160號,23.050955,120.198355,臺南市安南區原佃里5鄰本原街一段160號,2026-09-13
臺南市安南區海中街101巷10號,23.040317,120.183724,臺南市安南區海西里7鄰海中街101巷10號,2026-09-13
臺南市安南區海中街169巷59之1號,23.041258,120.183140,臺南市安南區海西里4鄰海中街169巷59號之1,2026-09-13
臺南市安南區海佃路2段509巷65號,23.041493,120.185298,臺南市安南區海東里8鄰海佃路二段509巷65號,2026-09-13
臺南市安南區海尾路160號,23.038404,120.186641,臺南市安南區海東里13鄰海尾路160號,2026-09-13
臺南市安南區海環街186號,23.037538,120.183924,臺南市安南區海西里12鄰海環街186號,2026-09-13
臺南市安南區科技公園大道55號,23.037739,120.141821,臺南市安南區媽祖宮里3鄰科技公園大道55號,2026-09-13
臺南市安南區育安街211號,23.050749,120.215186,臺南市安南區安順里15鄰育安街211號,2026-09-13
臺南市安南區郡安路5段164巷12弄1號,23.027317,120.196707,臺南市安南區安富里21鄰郡安路五段164巷12弄1號,2026-09-13
臺南市安南區長和路3段96號,23.063632,120.216104,臺南市安南區州南里7鄰長和路三段96號,2026-09-13
臺南市安南區長溪路2段561號,23.055001,120.201877,臺南市安南區總頭里10鄰長溪路二段561號,2026-09-13
臺南市安定區中榮里許中營27之1號,23.094983,120.243418,臺南市安定區中榮里3鄰許中營27之1號,2026-09-13
臺南市安平區建平十七街33號,22.997269,120.183149,臺南市安平區建平里1鄰建平十七街33號,2026-09-13
臺南市安平區建平里怡平路8號,22.993126,120.181110,臺南市安平區建平里17鄰怡平路8號,2026-09-13
臺南市安平區永華路2段248號,22.990219,120.179998,臺南市安平區建平里13鄰永華路二段248號,2026-09-13
臺南市官田區官田里24鄰392號,23.187790,120.338519,臺南市官田區官田里5鄰官田392號,2026-09-13
臺南市官田區工業路31號,23.212845,120.323508,臺南市官田區二鎮里19鄰工業路31號,2026-09-13
臺南市官田區工業路40號,23.214376,120.322159,臺南市官田區二鎮里19鄰工業路40號,2026-09-13
臺南市官田區渡頭里三塊厝78之1號,23.159424,120.340174,臺南市官田區渡拔里14鄰三塊厝78號之2,2026-09-13
臺南市將軍區將軍里將貴58號,23.214938,120.136106,臺南市將軍區將軍里7鄰將貴58號,2026-09-13
臺南市將軍區忠興196號,23.198713,120.158509,臺南市將軍區忠嘉里11鄰忠興196號,2026-09-13
臺南市將軍區西甲里西華1號,23.199151,120.157285,臺南市將軍區西甲里1鄰西華1號,2026-09-13
臺南市山上區南洲53號,23.101652,120.355209,臺南市山上區南洲里1鄰南洲53號,2026-09-13
臺南市山上區山上里134之1號,23.102033,120.357723,臺南市山上區山上里5鄰山上134之1號,2026-09-13
臺南市左鎮區岡林里31號,23.007293,120.414895,臺南市左鎮區岡林里3鄰岡林31號,2026-09-13
臺南市左鎮區澄山里77之2號,23.026263,120.386185,臺南市左鎮區澄山里8鄰澄山77號之2,2026-09-13
臺南市後壁區侯伯里59之90號,23.368541,120.366325,臺南市後壁區侯伯里4鄰後壁寮59號之90,2026-09-13
臺南市後壁區新東里100之80號,23.343158,120.334994,臺南市後壁區新東里6鄰新港東100之80號,2026-09-13
臺南市後璧區新東里新港東路91之5號,23.339883,120.332345,臺南市後壁區新東里6鄰新港東91號之5,2026-09-13
臺南市文化路672號,23.163008,120.165261,臺南市佳里區安西里23鄰文化路672號,2026-09-13
臺南市新化區中山路167號,23.038734,120.311274,臺南市新化區護國里11鄰中山路167號,2026-09-13
臺南市新化區中正路421號,23.035378,120.308064,臺南市新化區武安里11鄰中正路421號,2026-09-13
臺南市新化區中興路377號,23.026666,120.324496,臺南市新化區知義里15鄰中興路377號,2026-09-13
臺南市新化區和平街29號,23.033509,120.310098,臺南市新化區東榮里13鄰和平街29號,2026-09-13
臺南市新化區正新路97號,23.032936,120.302937,臺南市新化區豐榮里2鄰正新路97號,2026-09-13
臺南市新化區民生路15之1號,23.034336,120.311341,臺南市新化區東榮里11鄰民生路15號之3,2026-09-13
臺南市新化區知義里新和庄18之9號,23.021822,120.330565,臺南市新化區知義里6鄰新和庄18號之2,2026-09-13
臺南市新市區南科三路19號,23.098267,120.281712,臺南市新市區豐華里5鄰南科三路19號,2026-09-13
臺南市新市區南科三路9號,23.098606,120.283576,臺南市新市區豐華里5鄰南科三路9號,2026-09-13
臺南市新市區大營里豐榮55號,23.088325,120.304987,臺南市新市區大營里2鄰豐榮55號,2026-09-13
臺南市新市區大社里430號,23.094185,120.315765,臺南市新市區大社里8鄰大社430號,2026-09-13
臺南市新市區大順三路125號,23.102279,120.287853,臺南市新市區三舍里8鄰大順三路125號,2026-09-13
臺南市新市區社內里91之22號,23.076901,120.281565,臺南市新市區社內里9鄰社內91之22號,2026-09-13
臺南市新市區社內里99之22號,23.076931,120.281106,臺南市新市區社內里9鄰社內99之22號,2026-09-13
臺南市新市區西拉雅大道861號,23.104226,120.291063,臺南市新市區三舍里8鄰西拉雅大道861號,2026-09-13
臺南市新營區中山路93之2號,23.305751,120.320065,臺南市新營區興業里4鄰中山路93之2號,2026-09-13
臺南市新營區太子路188號,23.302672,120.295092,臺南市新營區民榮里28鄰太子路188號,2026-09-13
臺南市新營區復興路251之1號,23.303671,120.303949,臺南市新營區民榮里15鄰復興路251之1號,2026-09-13
臺南市新營區東仁街10巷39號,23.316564,120.328685,臺南市新營區新東里12鄰東仁街10巷39號,2026-09-13
臺南市新營區東興路77號,23.313090,120.323079,臺南市新營區新東里24鄰東興路77號,2026-09-13
臺南市新營區民族路21之61號,23.309391,120.318194,臺南市新營區大宏里4鄰民族路21之61號,2026-09-13
臺南市新營區民族路4之3號,23.306471,120.318624,臺南市新營區大宏里8鄰民族路4之3號,2026-09-13
臺南市新營區民生路43之35號,23.306071,120.308089,臺南市新營區民生里11鄰民生路43之35號,2026-09-13
臺南市新營區民生路43之53號,23.305854,120.307653,臺南市新營區民生里11鄰民生路43之60號,2026-09-13
臺南市東區中華東路2段77號,22.986671,120.233675,臺南市東區東聖里14鄰中華東路二段77號,2026-09-13
臺南市東區中華東路3段18號,22.980754,120.228822,臺南市東區崇信里5鄰中華東路三段18號,2026-09-13
臺南市東區大同路2段615號,22.967839,120.216050,臺南市東區崇明里12鄰大同路二段615號,2026-09-13
臺南市東區自由路1段187號,22.968898,120.237207,臺南市東區德高里1鄰自由路一段187號,2026-09-13
臺南市東區衛民街19號,22.992519,120.212708,臺南市東區圍下里11鄰衛民街19號,2026-09-13
臺南市東區裕忠路456號,22.980505,120.241565,臺南市東區復興里11鄰裕忠路456號,2026-09-13
臺南市東區裕農路878號,22.989479,120.242722,臺南市東區南聖里11鄰裕農路878號,2026-09-13
臺南市東山區大客里46之18號,23.314719,120.408688,臺南市東山區大客里10鄰大庄46號之18,2026-09-13
臺南市東山區福安街2號,23.318899,120.399987,臺南市東山區東中里18鄰福安街2號,2026-09-13
臺南市東山區青葉路2段49號,23.323704,120.404761,臺南市東山區東中里5鄰青葉路二段49號,2026-09-13
臺南市柳營區中山東路2段956號,23.279702,120.331456,臺南市柳營區東昇里18鄰中山東路二段956號,2026-09-13
臺南市柳營區中山西路1段362號,23.278612,120.317099,臺南市柳營區東昇里5鄰中山西路一段362號,2026-09-13
臺南市柳營區中山西路2段19巷31弄35號,23.277245,120.317233,臺南市柳營區東昇里17鄰中山西路二段19巷31弄1號,2026-09-13
臺南市楠西區東勢路160巷30號,23.178151,120.486340,臺南市楠西區東勢里3鄰東勢路160巷30號,2026-09-13
臺南市歸仁區中正北路1段191之1號,22.973839,120.295163,臺南市歸仁區八甲里1鄰中正北路一段191之1號,2026-09-13
臺南市歸仁區中正北路1段191號,22.973828,120.295588,臺南市歸仁區八甲里1鄰中正北路一段191號,2026-09-13
臺南市歸仁區中正北路1段231巷101號,22.974737,120.292360,臺南市歸仁區八甲里1鄰中正北路一段231巷101號,2026-09-13
臺南市歸仁區中正北路3段60號,22.992190,120.293529,臺南市歸仁區媽廟里1鄰中正北路三段60號,2026-09-13
臺南市歸仁區信義南路78號,22.964004,120.298029,臺南市歸仁區許厝里4鄰信義南路78號,2026-09-13
臺南市歸仁區大順五街32號,22.964700,120.286087,臺南市歸仁區南保里22鄰大順五街32號,2026-09-13
臺南市歸仁區文化街1段100號,22.970048,120.296484,臺南市歸仁區歸仁里1鄰文化街一段100號,2026-09-13
臺南市歸仁區文化街2段2號,22.969901,120.293892,臺南市歸仁區文化里1鄰文化街二段2號,2026-09-13
臺南市歸仁區資安暨智慧科技研發大樓6樓611教室,22.923646,120.289817,臺南市歸仁區武東里10鄰歸仁十三路一段6號,2026-09-13
臺南市永康區中山北路264巷185號,23.023136,120.265749,臺南市永康區永明里1鄰中山北路264巷185號,2026-09-13
臺南市永康區中山東路430號,23.005848,120.238346,臺南市永康區中興里12鄰中山東路430號,2026-09-13
臺南市永康區中山東路432號,23.005771,120.238406,臺南市永康區中興里12鄰中山東路432號,2026-09-13
臺南市永康區中山路94巷1之3號,23.028762,120.256871,臺南市永康區埔園里2鄰中山路94巷1號之3,2026-09-13
臺南市永康區中山路96號,23.028666,120.256688,臺南市永康區埔園里2鄰中山路96號,2026-09-13
臺南市永康區中華一路39巷96號,23.002729,120.238006,臺南市永康區成功里12鄰中華一路39巷96號,2026-09-13
臺南市永康區中華路349號,23.008159,120.233544,臺南市永康區六合里15鄰中華路349號,2026-09-13
臺南市永康區中華路425號,23.010051,120.232675,臺南市永康區六合里18鄰中華路425號,2026-09-13
臺南市永康區中華路58巷70號,23.002222,120.238327,臺南市永康區成功里3鄰中華路58巷70號,2026-09-13
臺南市永康區勝利街11巷10號,23.001003,120.231369,臺南市永康區勝利里7鄰勝利街11巷10號,2026-09-13
臺南市永康區南臺街1號,23.023550,120.225464,臺南市永康區尚頂里19鄰南臺街1號,2026-09-13
臺南市永康區國光二街11號,23.001636,120.259292,臺南市永康區崑山里17鄰國光二街11號,2026-09-13
臺南市永康區大橋一街73巷34號,23.018185,120.228111,臺南市永康區大橋里15鄰大橋一街73巷34號,2026-09-13
臺南市永康區大橋里大橋二街197之1號,23.020305,120.229371,臺南市永康區大橋里11鄰大橋二街197號之1,2026-09-13
臺南市永康區大灣東路239號,23.000406,120.265955,臺南市永康區南灣里16鄰大灣東路239號,2026-09-13
臺南市永康區小東路689之39號,22.998728,120.239721,臺南市永康區中華里1鄰小東路689號之39,2026-09-13
臺南市永康區復華三街5之1號,23.009413,120.248172,臺南市永康區復國里13鄰復華三街5號之1,2026-09-13
臺南市永康區成功里中華路58巷70號,23.002222,120.238327,臺南市永康區成功里3鄰中華路58巷70號,2026-09-13
臺南市永康區東橋二街18號,23.017302,120.235643,臺南市永康區東橋里14鄰東橋二街18號,2026-09-13
臺南市永康區東橋里東橋二街18號,23.017302,120.235643,臺南市永康區東橋里14鄰東橋二街18號,2026-09-13
臺南市永康區永大路3段618巷111號,23.038550,120.261181,臺南市永康區龍埔里14鄰永大路三段618巷111號,2026-09-13
臺南市永康區烏竹北街85號,23.045170,120.263154,臺南市永康區烏竹里4鄰烏竹北街85號,2026-09-13
臺南市永康區烏竹里烏竹北街85號,23.045170,120.263154,臺南市永康區烏竹里4鄰烏竹北街85號,2026-09-13
臺南市永康區王行路866巷29弄118號,23.051330,120.277664,臺南市永康區王行里12鄰王行路866巷29弄118號,2026-09-13
臺南市永康區王行里永科七路200號,23.037683,120.278460,臺南市永康區王行里16鄰永科七路200號,2026-09-13
臺南市永康區王行里永科環路50號,23.036988,120.282245,臺南市永康區王行里16鄰永科環路50號,2026-09-13
臺南市永康區王行里王行路866巷29弄118號,23.051330,120.277664,臺南市永康區王行里12鄰王行路866巷29弄118號,2026-09-13
臺南市永康區網寮里永興路351號,23.021048,120.252664,臺南市永康區網寮里17鄰永興路351號,2026-09-13
臺南市永康區龍國街351號,23.032065,120.265963,臺南市永康區龍潭里1鄰龍國街351號,2026-09-13
臺南市玉井區中正路21巷43號,23.123535,120.459455,臺南市玉井區玉井里1鄰中正路21巷43號,2026-09-13
臺南市玉井區中正路3號,23.122126,120.459203,臺南市玉井區玉井里10鄰中正路3號,2026-09-13
臺南市玉井區中華路200號,23.120265,120.465494,臺南市玉井區玉田里17鄰中華路200號,2026-09-13
臺南市玉井區中華路228號,23.120082,120.466120,臺南市玉井區玉田里17鄰中華路228號,2026-09-13
臺南市玉井區健康街10號,23.130798,120.469577,臺南市玉井區中正里7鄰健康街10號,2026-09-13
臺南市玉井區樹糖街22號,23.124754,120.459138,臺南市玉井區玉井里2鄰樹糖街11之1號,2026-09-13
臺南市玉井區玉田里中山路400號,23.124454,120.466154,臺南市玉井區玉田里8鄰中山路400號,2026-09-13
臺南市西港區新興街114之6號,23.125174,120.201704,臺南市西港區慶安里5鄰新興街114號之6,2026-09-13
臺南市關廟區新埔三街81號,22.969730,120.327295,臺南市關廟區新埔里7鄰新埔三街81號,2026-09-13
臺南市關廟區新埔里新埔三街32號,22.969057,120.328407,臺南市關廟區新埔里7鄰新埔三街32號,2026-09-13
臺南市關廟區東勢里旺萊路139巷12號,22.953976,120.334682,臺南市關廟區東勢里7鄰旺萊路139巷12號,2026-09-13
臺南市關廟區龜洞里南雄南路568號,22.904273,120.352231,臺南市關廟區龜洞里6鄰南雄南路568號,2026-09-13
臺南市鹽水區治水路254號,23.318244,120.263438,臺南市鹽水區橋南里4鄰治水路254之1號,2026-09-13
臺南市麻豆區中正路266號,23.188470,120.252118,臺南市麻豆區大埕里6鄰中正路266號,2026-09-13
臺南市麻豆區北勢寮70之11號,23.219010,120.228044,臺南市麻豆區北勢里10鄰北勢寮70號之11,2026-09-13
臺南市麻豆區南勢里36‑204號,23.186404,120.269098,臺南市麻豆區南勢里4鄰總爺204號,2026-09-13
臺南市麻豆區南勢里總爺12之1號,23.186228,120.267516,臺南市麻豆區南勢里4鄰總爺12號之1,2026-09-13
臺南市麻豆區南勢里總爺5號,23.186232,120.267924,臺南市麻豆區南勢里4鄰總爺12號之2,2026-09-13
臺南市麻豆區南勢里關帝廟13之11號,23.190339,120.254113,臺南市麻豆區南勢里2鄰関帝庙13號之11,2026-09-13
臺南市麻豆區大同街26之1號,23.186384,120.246244,臺南市麻豆區大埕里1鄰大同街26號之1,2026-09-13
臺南市麻豆區大埕里中正路139號,23.187475,120.250764,臺南市麻豆區大埕里7鄰中正路139號,2026-09-13
臺南市麻豆區安業里安業261號,23.160499,120.242858,臺南市麻豆區安業里11鄰安業261號,2026-09-13
臺南市麻豆區巷口里信義路1之1號,23.181998,120.248747,臺南市麻豆區巷口里4鄰信義路1號之1,2026-09-13
臺南市麻豆區平等路51之15號,23.185458,120.247358,臺南市麻豆區大埕里1鄰平等路51號之15,2026-09-13
臺南市麻豆區文昌路18號,23.186292,120.253325,臺南市麻豆區東角里4鄰文昌路18號,2026-09-13
臺南市麻豆區晉江里民權路26之1號,23.180719,120.251432,臺南市麻豆區晋江里7鄰民權路26號之1,2026-09-13
臺南市麻豆區民族路12號,23.181518,120.249227,臺南市麻豆區巷口里5鄰民族路12號,2026-09-13
臺南市麻豆區民權路91巷16之5號,23.180295,120.253743,臺南市麻豆區晋江里15鄰民權路91巷16號之5,2026-09-13
臺南市麻豆區海埔里80之1號,23.203552,120.212119,臺南市麻豆區海埔里8鄰海埔80號之1,2026-09-13
臺南市麻豆區港尾里客子寮36之32號,23.220289,120.221157,臺南市麻豆區港尾里8鄰客子寮36號之32,2026-09-13
臺南市麻豆區總爺104號,23.186600,120.269751,臺南市麻豆區南勢里4鄰總爺104號,2026-09-13
臺南市麻豆區麻佳路1段42號,23.185026,120.240084,臺南市麻豆區新興里1鄰麻佳路一段42號,2026-09-13
臺南市麻豆區麻豆口54之7號,23.180015,120.218913,臺南市麻豆區麻口里7鄰麻豆口54號之1,2026-09-13
臺南市龍崎區崎頂里新市子33號,22.965637,120.359458,臺南市龍崎區崎頂里1鄰新市子33號,2026-09-13
臺南市龍崎區崎頂里新市子41號,22.964472,120.359392,臺南市龍崎區崎頂里1鄰新市子41號,2026-09-13
臺南市＿新營區長榮路2段78號,23.321232,120.309736,臺南市新營區護鎮里2鄰長榮路二段78號,2026-09-13
臺南自造者實驗室,22.991343,120.199596,臺南市中西區南美里17鄰友愛街117號,2026-09-13
臺東市中華路1段684號,22.749130,121.146939,臺東縣臺東市新興里12鄰中華路一段684號,2026-09-13
臺東市博愛路425號,22.753126,121.143983,臺東縣臺東市新興里13鄰博愛路425號,2026-09-13
臺東市成功路146號,22.754115,121.153907,臺東縣臺東市中正里8鄰成功路146號,2026-09-13
臺東市新生里中興路1段281號,22.767850,121.140124,臺東縣臺東市新生里22鄰中興路一段281號,2026-09-13
臺東市新興里中華路1段868號,22.747061,121.142954,臺東縣臺東市新興里3鄰中華路一段868號,2026-09-13
臺東市豐谷里衡陽路46號,22.743198,121.133243,臺東縣臺東市豐谷里12鄰衡陽路46號,2026-09-13
臺東縣大武鄉尚武村學府路3之1號,22.339087,120.892248,臺東縣大武鄉尚武村8鄰學府路2之12號,2026-09-13
臺東縣太麻里鄉市隆路51號,22.611620,121.003299,臺東縣太麻里鄉大王村8鄰市隆路51號,2026-09-13
臺東縣太麻里鄉德輝路12號,22.615364,121.006948,臺東縣太麻里鄉泰和村2鄰德輝路12號,2026-09-13
臺東縣延平鄉桃源村1鄰昇平路8之1號,22.902264,121.086140,臺東縣延平鄉桃源村1鄰昇平路8之1號,2026-09-13
臺東縣延平鄉桃源村4鄰昇平路78號,22.902922,121.084336,臺東縣延平鄉桃源村4鄰昇平路78號,2026-09-13
臺東縣成功鎮三民里三民路111號,23.104389,121.374961,臺東縣成功鎮三民里5鄰三民路123之1號,2026-09-13
臺東縣成功鎮三民里吉林街22號,23.103383,121.373137,臺東縣成功鎮三民里4鄰吉林街22號,2026-09-13
臺東縣成功鎮中華路136號,23.101115,121.380388,臺東縣成功鎮忠仁里18鄰中華路136號,2026-09-13
臺東縣成功鎮忠仁里中華路136號,23.101115,121.380388,臺東縣成功鎮忠仁里18鄰中華路136號,2026-09-13
臺東縣東河鄉東河村16鄰30號,22.970558,121.304337,臺東縣東河鄉東河村16鄰北東河30號,2026-09-13
臺東縣池上鄉大埔村5鄰大埔49之1號,23.119100,121.214329,臺東縣池上鄉大埔村5鄰大埔49號,2026-09-13
臺東縣池上鄉萬安村5鄰13號,23.094044,121.219227,臺東縣池上鄉萬安村5鄰萬安13號,2026-09-13
臺東縣臺東市中華路1段684號,22.749130,121.146939,臺東縣臺東市新興里12鄰中華路一段684號,2026-09-13
臺東縣臺東市四維路1段344號,22.755994,121.158826,臺東縣臺東市建國里14鄰四維路一段344號,2026-09-13
臺東縣臺東市泰安街26巷6號,22.767362,121.140705,臺東縣臺東市新生里17鄰泰安街26巷6號,2026-09-13
臺東縣臺東市浙江路82號,22.760387,121.149405,臺東縣臺東市寶桑里3鄰浙江路82號,2026-09-13
臺東縣金峰鄉正興村106號,22.605993,120.995869,臺東縣金峰鄉正興村8鄰正興106之1號,2026-09-13
臺東縣長濱鄉寧埔村八桑安35號,23.252982,121.418349,臺東縣長濱鄉寧埔村4鄰八桑安34之1號,2026-09-13
臺東縣長濱鄉長濱村長光21鄰67號,23.328599,121.460335,臺東縣長濱鄉長濱村21鄰長光67號,2026-09-13
臺東縣鹿野鄉瑞源村同興路156號,22.955884,121.154558,臺東縣鹿野鄉瑞源村11鄰同興路148號,2026-09-13
臺東縣鹿野鄉瑞源村瑞景路1段327號,22.955367,121.158388,臺東縣鹿野鄉瑞源村6鄰瑞景路一段327號,2026-09-13
臺江文化中心,23.045984,120.188233,臺南市安南區溪心里12鄰安吉路一段207號,2026-09-13
臺西鄉中山路299巷10之17號,23.699236,120.195245,雲林縣臺西鄉海口村6鄰中山路299巷10號之17,2026-09-13
臺西鄉海口村中山路299巷1號,23.700306,120.194911,雲林縣臺西鄉海口村11鄰中山路299巷1號,2026-09-13
興糖路3巷3號,22.752772,120.315164,高雄市橋頭區橋南里7鄰興糖路3巷3號,2026-09-13
興華村15鄰興華3號,23.748803,120.293564,雲林縣麥寮鄉興華村15鄰興華3號,2026-09-13
興隆街58號,22.647111,120.318486,高雄市三民區正興里31鄰興隆街58號,2026-09-13
舊和順慈安宮,23.051368,120.217942,臺南市安南區安順里8鄰安和路四段25巷32號,2026-09-13
花蓮市中福路96號,23.971336,121.602736,花蓮縣花蓮市主和里25鄰中福路96號,2026-09-13
花蓮市和平路599號,23.979366,121.598807,花蓮縣花蓮市國風里14鄰和平路599號,2026-09-13
花蓮市林政街7號,23.978479,121.595377,花蓮縣花蓮市國風里6鄰林政街7號,2026-09-13
花蓮縣光復鄉自強路80巷29號,23.665574,121.429037,花蓮縣光復鄉大同村3鄰自強路80巷29號,2026-09-13
花蓮縣吉安鄉東里一街156號,23.965366,121.591972,花蓮縣吉安鄉仁里村4鄰東里一街156號,2026-09-13
花蓮縣壽豐鄉平和村吳全10號,23.887404,121.547524,花蓮縣壽豐鄉平和村21鄰吳全10號,2026-09-13
花蓮縣壽豐鄉豐山村中興街37號,23.849109,121.494892,花蓮縣壽豐鄉豐山村22鄰中興街37號,2026-09-13
花蓮縣富里鄉道化路74號,23.265481,121.302998,花蓮縣富里鄉東里村8鄰道化路74號,2026-09-13
花蓮縣玉里鎮中山路1段35號,23.326425,121.317242,花蓮縣玉里鎮中城里11鄰中山路一段35號,2026-09-13
花蓮縣玉里鎮四維二街17號,23.325246,121.315307,花蓮縣玉里鎮中城里11鄰四維二街17號,2026-09-13
花蓮縣玉里鎮民生街52巷13號,23.333868,121.316044,花蓮縣玉里鎮國武里18鄰民生街52巷13號,2026-09-13
花蓮縣瑞穗鄉中山路3段215之6號,23.487225,121.400137,花蓮縣瑞穗鄉瑞良村9鄰中山路三段215之6號,2026-09-13
花蓮縣瑞穗鄉富源路2之1號,23.580815,121.380159,花蓮縣瑞穗鄉富源村3鄰富源路2之1號,2026-09-13
花蓮縣社區大學人才中心--花蓮市和平路599號,23.979366,121.598807,花蓮縣花蓮市國風里14鄰和平路599號,2026-09-13
花蓮縣秀林鄉景美村加灣111號,24.082715,121.606785,花蓮縣秀林鄉景美村6鄰加灣111號,2026-09-13
花蓮縣花蓮市中正路109號,23.970535,121.596895,花蓮縣花蓮市主農里23鄰中正路109號,2026-09-13
花蓮縣花蓮市國盛二街85號,23.991994,121.606493,花蓮縣花蓮市國盛里13鄰國盛二街85號,2026-09-13
花蓮縣花蓮市國興六街21巷8號,23.987137,121.598894,花蓮縣花蓮市國聯里9鄰國興六街21巷8號,2026-09-13
花蓮縣花蓮市林政街7號,23.978479,121.595377,花蓮縣花蓮市國風里6鄰林政街7號,2026-09-13
花蓮縣花蓮市林森路196巷5號,23.979940,121.603898,花蓮縣花蓮市國威里35鄰林森路196巷5號,2026-09-13
花蓮縣萬榮鄉紅葉村1鄰9號,23.495940,121.344641,花蓮縣萬榮鄉紅葉村1鄰紅葉9之2號,2026-09-13
花蓮縣鳳林鎮南平里八德路56號,23.783441,121.456979,花蓮縣鳳林鎮南平里11鄰八德路56號,2026-09-13
花蓮縣鳳林鎮林榮路221號,23.807122,121.448981,花蓮縣鳳林鎮林榮里10鄰林榮路221號,2026-09-13
苑裡鎮新興路19號,24.439063,120.656002,苗栗縣苑裡鎮客庄里24鄰新興路19號,2026-09-13
苑裡鎮西平里14鄰出水路64之11號,24.453816,120.643738,苗栗縣苑裡鎮西平里14鄰出水64之11號,2026-09-13
苗栗市中正路759號,24.553677,120.818596,苗栗縣苗栗市新苗里1鄰中正路759號,2026-09-13
苗栗市文山里文山41號,24.569191,120.813271,苗栗縣苗栗市文山里4鄰文山41號,2026-09-13
苗栗市經國路2段485號,24.555861,120.833799,苗栗縣苗栗市維祥里16鄰經國路二段485號,2026-09-13
苗栗市維新里新庄街263號,24.553526,120.825382,苗栗縣苗栗市維新里6鄰新庄街263號,2026-09-13
苗栗市維新里新庄街271號,24.553473,120.825611,苗栗縣苗栗市維新里6鄰新庄街271號,2026-09-13
苗栗市至公路251號,24.560123,120.814876,苗栗縣苗栗市福麗里5鄰至公路251號,2026-09-13
苗栗泰安鄉錦水村4鄰12號,24.465024,120.940760,苗栗縣泰安鄉錦水村4鄰圓墩12號,2026-09-13
苗栗縣三灣鄉三灣村兜角13鄰22號,24.653539,120.954986,苗栗縣三灣鄉三灣村13鄰肚兜角22號,2026-09-13
苗栗縣三灣鄉三灣村肚兜角13鄰22號,24.653539,120.954986,苗栗縣三灣鄉三灣村13鄰肚兜角22號,2026-09-13
苗栗縣三灣鄉中山路49號,24.655698,120.955043,苗栗縣三灣鄉三灣村1鄰中山路49號,2026-09-13
苗栗縣三灣鄉忠信路17號,24.649621,120.953587,苗栗縣三灣鄉三灣村15鄰忠信路17號,2026-09-13
苗栗縣三義鄉廣盛村6鄰80號,24.413970,120.769962,苗栗縣三義鄉廣盛村6鄰廣盛80號,2026-09-13
苗栗縣三義鄉雙潭村光復路45號,24.413777,120.770928,苗栗縣三義鄉廣盛村5鄰光復路42號,2026-09-13
苗栗縣三義鄉雙潭村雙連潭110之7號,24.408792,120.782670,苗栗縣三義鄉双潭村9鄰双連潭110之7號,2026-09-13
苗栗縣公館鄉忠孝路246號,24.505181,120.827789,苗栗縣公館鄉館東村14鄰忠孝路240號,2026-09-13
苗栗縣公館鄉玉谷村4鄰124號,24.515114,120.824346,苗栗縣公館鄉玉谷村4鄰玉谷124號,2026-09-13
苗栗縣公館鄉館中村宮前路101號,24.502755,120.826319,苗栗縣公館鄉館中村15鄰宮前路101號,2026-09-13
苗栗縣公館鄉館東村14鄰忠孝路246號,24.505181,120.827789,苗栗縣公館鄉館東村14鄰忠孝路240號,2026-09-13
苗栗縣大湖鄉中原路58號,24.423496,120.865668,苗栗縣大湖鄉明湖村4鄰中原路57之1號,2026-09-13
苗栗縣大湖鄉中正路育英巷11號,24.420789,120.870361,苗栗縣大湖鄉大湖村13鄰中正路育英巷20之2號,2026-09-13
苗栗縣大湖鄉大寮村竹高屋33號,24.416139,120.862659,苗栗縣大湖鄉大寮村5鄰竹高屋33號,2026-09-13
苗栗縣後龍鎮下浮尾119之2號,24.625749,120.798544,苗栗縣後龍鎮東明里8鄰下浮尾119之2號,2026-09-13
苗栗縣後龍鎮中和里12鄰崎頂117號,24.595882,120.729832,苗栗縣後龍鎮中和里12鄰崎頂117號,2026-09-13
苗栗縣後龍鎮中山路252號,24.612202,120.794682,苗栗縣後龍鎮大庄里22鄰中山路252號,2026-09-13
苗栗縣後龍鎮中山路63號,24.614666,120.789642,苗栗縣後龍鎮北龍里8鄰中山路63號,2026-09-13
苗栗縣後龍鎮大庄里大庄22之5號,24.613795,120.796684,苗栗縣後龍鎮大庄里1鄰大庄22之5號,2026-09-13
苗栗縣後龍鎮溪洲里7鄰砂崙湖79之9號,24.623564,120.782939,苗栗縣後龍鎮溪洲里7鄰砂崙湖79之9號,2026-09-13
苗栗縣後龍鎮溪洲里7鄰砂崙胡79之9號,24.623564,120.782939,苗栗縣後龍鎮溪洲里7鄰砂崙湖79之9號,2026-09-13
苗栗縣後龍鎮龍津里10鄰94號,24.610127,120.761765,苗栗縣後龍鎮龍津里9鄰同興94號,2026-09-13
苗栗縣泰安鄉象鼻村1鄰7號,24.360527,120.947020,苗栗縣泰安鄉象鼻村1鄰象鼻7號,2026-09-13
苗栗縣獅潭鄉新店村129號,24.540085,120.920569,苗栗縣獅潭鄉新店村11鄰新店129號,2026-09-13
苗栗縣獅潭鄉永興村7鄰50之1號,24.562376,120.947479,苗栗縣獅潭鄉永興村7鄰敍暢50之1號,2026-09-13
苗栗縣竹南鎮中正路92號,24.683921,120.876056,苗栗縣竹南鎮正南里23鄰中正路92號,2026-09-13
苗栗縣竹南鎮佳興里光復路452號,24.694891,120.879745,苗栗縣竹南鎮佳興里5鄰光復路452號,2026-09-13
苗栗縣竹南鎮大厝里27鄰真如路560號,24.678369,120.871498,苗栗縣竹南鎮大厝里27鄰真如路560號,2026-09-13
苗栗縣竹南鎮大厝里27鄰真如路5860號,24.681594,120.869469,苗栗縣竹南鎮大厝里22鄰真如路738號,2026-09-13
苗栗縣竹南鎮延平路158之1號,24.688056,120.876933,苗栗縣竹南鎮照南里18鄰延平路158之1號,2026-09-13
苗栗縣竹南鎮延平路58之1號,24.684555,120.876930,苗栗縣竹南鎮正南里23鄰延平路58之1號,2026-09-13
苗栗縣竹南鎮海口里7鄰保福路20號,24.675491,120.861616,苗栗縣竹南鎮海口里7鄰保福路20號,2026-09-13
苗栗縣竹南鎮真如路560號,24.678369,120.871498,苗栗縣竹南鎮大厝里27鄰真如路560號,2026-09-13
苗栗縣竹南鎮福德路1號,24.683051,120.880051,苗栗縣竹南鎮正南里15鄰福德路1號,2026-09-13
苗栗縣竹南鎮竹圍里竹圍仔90號,24.694606,120.854840,苗栗縣竹南鎮竹興里13鄰竹圍仔92之1號,2026-09-13
苗栗縣竹南鎮維新路221號,24.688177,120.881441,苗栗縣竹南鎮新南里22鄰維新路221號,2026-09-13
苗栗縣竹南鎮臨海路200號,24.680867,120.841157,苗栗縣竹南鎮海口里16鄰臨海路200號,2026-09-13
苗栗縣苑裡鎮中山路312號,24.447168,120.654872,苗栗縣苑裡鎮苑北里13鄰中山路312號,2026-09-13
苗栗縣苑裡鎮田心里6鄰63號,24.419278,120.661163,苗栗縣苑裡鎮田心里7鄰田心63號,2026-09-13
苗栗縣苑裡鎮苑北里13鄰中山路312號,24.447168,120.654872,苗栗縣苑裡鎮苑北里13鄰中山路312號,2026-09-13
苗栗縣苗栗市中正路755號,24.553722,120.818663,苗栗縣苗栗市新苗里1鄰中正路755號,2026-09-13
苗栗縣苗栗市中正路759號,24.553677,120.818596,苗栗縣苗栗市新苗里1鄰中正路759號,2026-09-13
苗栗縣苗栗市文發路833巷77號,24.589860,120.814717,苗栗縣苗栗市文聖里19鄰文發路833巷77號,2026-09-13
苗栗縣苗栗市文聖里文發路833巷77號,24.589860,120.814717,苗栗縣苗栗市文聖里19鄰文發路833巷77號,2026-09-13
苗栗縣苗栗市新英里新英108之2號,24.554752,120.807729,苗栗縣苗栗市新英里15鄰新英108之2號,2026-09-13
苗栗縣苗栗市民族路55號,24.562904,120.819346,苗栗縣苗栗市建功里17鄰民族路55號,2026-09-13
苗栗縣苗栗市經國路2段485號,24.555861,120.833799,苗栗縣苗栗市維祥里16鄰經國路二段485號,2026-09-13
苗栗縣苗栗市至公路251號,24.560123,120.814876,苗栗縣苗栗市福麗里5鄰至公路251號,2026-09-13
苗栗縣苗栗市饒平街26號,24.560893,120.817567,苗栗縣苗栗市建功里22鄰饒平街26號,2026-09-13
苗栗縣西湖鄉二湖村2鄰土牛溝16之7號,24.563462,120.749977,苗栗縣西湖鄉二湖村2鄰土牛溝16之7號,2026-09-13
苗栗縣通霄鎮楓樹里6鄰71之1號,24.492238,120.728482,苗栗縣通霄鎮楓樹里6鄰楓樹窩71號,2026-09-13
苗栗縣造橋鄉學府路168號,24.649641,120.842589,苗栗縣造橋鄉談文村5鄰學府路168號,2026-09-13
苗栗縣造橋鄉造橋村14鄰3之2號,24.638720,120.865529,苗栗縣造橋鄉造橋村14鄰老庄3之2號,2026-09-13
苗栗縣造橋鄉錦水村4鄰31號,24.608021,120.891690,苗栗縣造橋鄉錦水村4鄰錦水31號,2026-09-13
苗栗縣銅鑼鄉福興村中山路1號,24.491631,120.790387,苗栗縣銅鑼鄉福興村17鄰中山路1號,2026-09-13
苗栗縣銅鑼鄉福興村中山路2之5號,24.491460,120.790759,苗栗縣銅鑼鄉福興村17鄰中山路2之5號,2026-09-13
苗栗縣銅鑼鄉竹森村4鄰22之1號,24.504117,120.782851,苗栗縣銅鑼鄉竹森村4鄰竹森22之1號,2026-09-13
苗栗縣頭份市中央路275號,24.691741,120.901350,苗栗縣頭份市蟠桃里9鄰中央路275號,2026-09-13
苗栗縣頭份市中正路219號,24.687824,120.912184,苗栗縣頭份市頭份里6鄰中正路219號,2026-09-13
苗栗縣頭份市中華路890之2號,24.684523,120.906152,苗栗縣頭份市和平里9鄰中華路890之2號,2026-09-13
苗栗縣頭份市中華路922號,24.685537,120.907259,苗栗縣頭份市信義里11鄰中華路922號,2026-09-13
苗栗縣頭份市信東路90號,24.688550,120.910436,苗栗縣頭份市自強里11鄰信東路90號,2026-09-13
苗栗縣頭份市八德一路66號,24.687119,120.893290,苗栗縣頭份市上庄里5鄰八德一路66號,2026-09-13
苗栗縣頭份市尚順路49號,24.686632,120.901618,苗栗縣頭份市東庄里8鄰尚順路49號,2026-09-13
苗栗縣頭份市建國路119號,24.695373,120.910223,苗栗縣頭份市成功里2鄰建國路119號,2026-09-13
苗栗縣頭份市忠孝二路83號,24.692782,120.909160,苗栗縣頭份市忠孝里8鄰忠孝二路83號,2026-09-13
苗栗縣頭份市東民一街38號,24.687592,120.901854,苗栗縣頭份市東庄里8鄰東民一街38號,2026-09-13
苗栗縣頭份市東興路108號,24.683751,120.904425,苗栗縣頭份市民族里11鄰東興路108號,2026-09-13
苗栗縣頭份市東興路37巷17號,24.682567,120.905461,苗栗縣頭份市和平里13鄰東興路37巷17號,2026-09-13
苗栗縣頭份市永貞路1段206之1號,24.679338,120.885169,苗栗縣頭份市田寮里13鄰永貞路一段206之1號,2026-09-13
苗栗縣頭份市自強里信東路90號,24.688550,120.910436,苗栗縣頭份市自強里11鄰信東路90號,2026-09-13
苗栗縣頭份市自強里信東路98號,24.689118,120.909906,苗栗縣頭份市自強里12鄰信東路98號,2026-09-13
苗栗縣頭份鎮東興路37巷17號,24.682567,120.905461,苗栗縣頭份市和平里13鄰東興路37巷17號,2026-09-13
苗栗縣頭屋鄉中正街86巷14號,24.578458,120.850146,苗栗縣頭屋鄉頭屋村8鄰中正街86巷14號,2026-09-13
苗栗縣頭屋鄉孔聖39號,24.575050,120.865471,苗栗縣頭屋鄉象山村9鄰孔聖39號,2026-09-13
苗栗縣頭屋鄉明德村6鄰81號,24.585868,120.886073,苗栗縣頭屋鄉明德村6鄰明德路81號,2026-09-13
苗栗縣頭屋鄉獅潭村1鄰7之6號,24.580116,120.852129,苗栗縣頭屋鄉獅潭村1鄰獅潭7之6號,2026-09-13
苗栗縣頭屋鄉獅潭村9鄰124之6號,24.597564,120.838658,苗栗縣頭屋鄉獅潭村9鄰獅潭124之6號,2026-09-13
茄萣區茄萣路2段307號,22.903281,120.181985,高雄市茄萣區嘉賜里1鄰茄萣路二段307號,2026-09-13
莿桐鄉莿桐村和平路41巷45號,23.759733,120.500114,雲林縣莿桐鄉莿桐村1鄰和平路41巷45號,2026-09-13
萬丹鄉水泉村泉利街95號,22.573303,120.486440,屏東縣萬丹鄉水泉村6鄰泉利街95號,2026-09-13
萬巒鄉萬全村褒忠路28號,22.572720,120.572285,屏東縣萬巒鄉萬全村16鄰褒忠路28號,2026-09-13
蘆洲區信義路266巷9號,25.087205,121.478520,新北市蘆洲區信義里10鄰信義路266巷9號,2026-09-13
蘆竹區仁愛路1段2號,25.050687,121.293477,桃園市蘆竹區瓦窯里1鄰仁愛路一段2號,2026-09-13
蘆竹區內新路162號,25.069913,121.290723,桃園市蘆竹區山鼻里1鄰內新路162號,2026-09-13
蘆竹區南山路1段67號,25.051991,121.291213,桃園市蘆竹區瓦窯里2鄰南山路一段67號,2026-09-13
蘆竹區南山路2段448號,25.071812,121.285966,桃園市蘆竹區內厝里9鄰南山路二段448號,2026-09-13
蘆竹區南崁路1段99號,25.051472,121.288046,桃園市蘆竹區錦中里5鄰南崁路一段99號,2026-09-13
蘆竹區南昌路255號,25.040877,121.290791,桃園市蘆竹區南興里5鄰南昌路255號,2026-09-13
蘆竹區南福街100號,25.040163,121.292828,桃園市蘆竹區南興里7鄰南福街100號,2026-09-13
蘆竹區南竹路5段210巷1弄1號,25.026142,121.259895,桃園市蘆竹區大竹里1鄰南竹路五段210巷1弄1號,2026-09-13
蘆竹區坑子里貓尾崎12鄰1號,25.082388,121.346743,桃園市蘆竹區坑子里12鄰貓尾崎1號,2026-09-13
蘆竹區錦中街32號,25.051954,121.289415,桃園市蘆竹區錦中里12鄰錦中街32號,2026-09-13
蘆竹區長壽里仁愛路2段20號,25.052609,121.299412,桃園市蘆竹區長壽里1鄰仁愛路二段20之1號,2026-09-13
蘇澳鎮內埤路117之2號,24.577658,121.867929,宜蘭縣蘇澳鎮南建里11鄰內埤路117之2號,2026-09-13
蘇澳鎮學府路105巷34號,24.572248,121.868127,宜蘭縣蘇澳鎮南建里10鄰學府路105巷34號,2026-09-13
衛武營藝術村-WeR,22.617319,120.340913,高雄市鳳山區新強里15鄰輜汽路281號,2026-09-13
裕誠路1號,22.663455,120.315486,高雄市三民區鼎泰里4鄰裕誠路1號,2026-09-13
西藏路201號,25.029159,121.498702,臺北市萬華區日善里11鄰西藏路201號,2026-09-13
貓手Book&Shop日文二手藝文書店,22.623073,120.283741,高雄市鹽埕區河濱里15鄰大勇路68號,2026-09-13
路竹區國昌路86巷9號,22.855898,120.258265,高雄市路竹區竹南里24鄰國昌路86巷9號,2026-09-13
通霄鎮中山路190巷1號,24.491964,120.679976,苗栗縣通霄鎮通西里28鄰中山路190巷1號,2026-09-13
通霄鎮五北里五北18號,24.472161,120.665751,苗栗縣通霄鎮五北里2鄰五北18號,2026-09-13
造橋鄉錦水村4鄰31號,24.608021,120.891690,苗栗縣造橋鄉錦水村4鄰錦水31號,2026-09-13
連江縣南竿鄉清水村96之11號,26.151470,119.938883,連江縣南竿鄉清水村6鄰96之11號,2026-09-13
里港鄉玉田村玉田路42之9號,22.775423,120.488976,屏東縣里港鄉玉田村6鄰玉田路42之9號,2026-09-13
里港鄉過江村過江路41號,22.780725,120.494547,屏東縣里港鄉過江村15鄰過江路41號,2026-09-13
里港鄉鐵店村鐵店路41之46號,22.776988,120.501342,屏東縣里港鄉鐵店村3鄰鐵店路41之46號,2026-09-13
重立路158號,22.674745,120.314192,高雄市左營區菜公里12鄰重立路158號,2026-09-13
金門縣烈嶼鄉后井40號,24.428990,118.242898,金門縣烈嶼鄉上林村10鄰后井40號,2026-09-13
金門縣金城鎮庵前18之2號,24.417834,118.318989,金門縣金城鎮賢庵里13鄰庵前18之2號,2026-09-13
金門縣金城鎮民權路34號,24.431959,118.310798,金門縣金城鎮南門里33鄰民權路34號,2026-09-13
金門縣金城鎮民權路70巷1之1號,24.433169,118.313383,金門縣金城鎮南門里39鄰民權路70巷1之1號,2026-09-13
金門縣金城鎮民生路2號,24.432807,118.320671,金門縣金城鎮北門里25鄰民生路2號,2026-09-13
金門縣金城鎮民生路45巷2弄8之3號,24.436296,118.318339,金門縣金城鎮西門里24鄰民生路45巷2弄8之3號,2026-09-13
金門縣金城鎮環島北路1段38巷12弄12號,24.439637,118.324107,金門縣金城鎮西門里37鄰環島北路一段38巷12弄12號,2026-09-13
金門縣金城鎮西海路3段81巷2號,24.421520,118.311955,金門縣金城鎮賢庵里22鄰西海路三段81巷11號,2026-09-13
金門縣金城鎮西門里珠浦北路30號,24.433838,118.317143,金門縣金城鎮西門里14鄰珠浦北路31之3號,2026-09-13
金門縣金城鎮西門里環島北路1段1號,24.440520,118.321526,金門縣金城鎮西門里45鄰環島北路一段1號,2026-09-13
金門縣金城鎮西門里莒光路170號,24.433974,118.315925,金門縣金城鎮西門里18鄰莒光路170號,2026-09-13
金門縣金寧鄉仁愛新邨1號,24.450960,118.334874,金門縣金寧鄉盤山村18鄰仁愛新邨1號,2026-09-13
金門縣金寧鄉伯玉路2段55號,24.438436,118.330875,金門縣金寧鄉榜林村1鄰伯玉路二段55號,2026-09-13
金門縣金寧鄉古寧村450號,24.481602,118.316934,金門縣金寧鄉古寧村16鄰北山450號,2026-09-13
金門縣金寧鄉古寧村北山2號,24.477683,118.312149,金門縣金寧鄉古寧村22鄰北山2號,2026-09-13
金門縣金寧鄉安美村安岐1號,24.456717,118.326839,金門縣金寧鄉安美村10鄰安岐1號,2026-09-13
金門縣金寧鄉榜林27之1號,24.435498,118.330483,金門縣金寧鄉榜林村5鄰榜林27之1號,2026-09-13
金門縣金沙鎮后浦頭117號,24.488439,118.412007,金門縣金沙鎮汶沙里14鄰后浦頭117號,2026-09-13
金門縣金沙鎮文化路450巷52號,24.499182,118.403492,金門縣金沙鎮西園里14鄰文化路450巷52號,2026-09-13
金門縣金沙鎮汶沙里環島東路1段112號,24.488992,118.413288,金門縣金沙鎮汶沙里1鄰環島東路一段112號,2026-09-13
金門縣金沙鎮環島東路1段112號,24.488992,118.413288,金門縣金沙鎮汶沙里1鄰環島東路一段112號,2026-09-13
金門縣金湖鎮中山路8之8號,24.441467,118.364238,金門縣金湖鎮瓊林里23鄰中山路8之8號,2026-09-13
金門縣金湖鎮林森路2號,24.441383,118.417041,金門縣金湖鎮新市里1鄰林森路2號,2026-09-13
金門縣金湖鎮瓊林里瓊徑路35號,24.452612,118.380936,金門縣金湖鎮瓊林里5鄰瓊徑路35號,2026-09-13
金鼎路81號,22.663103,120.326721,高雄市三民區鼎西里1鄰金鼎路81號,2026-09-13
鎮安街49號,24.992264,121.317155,桃園市桃園區東山里12鄰鎮安街38號,2026-09-13
長治鄉進興村進興巷17號,22.675921,120.529009,屏東縣長治鄉進興村8鄰進興巷17號,2026-09-13
長治鄉長興路401之1號,22.680479,120.515164,屏東縣長治鄉長興村18鄰長興路401之1號,2026-09-13
陳卿寮保山宮,23.040946,120.206426,臺南市安南區頂安里3鄰怡安路一段385巷46號,2026-09-13
集集鎮東昌巷4號,23.827310,120.799133,南投縣集集鎮永昌里9鄰東昌巷4號,2026-09-13
集集鎮田寮里田寮里草嶺巷3之21號,23.828174,120.759553,南投縣集集鎮田寮里5鄰草嶺巷3之21號,2026-09-13
雲林縣二崙鄉三和村11鄰81之50號,23.752618,120.396374,雲林縣二崙鄉三和村11鄰三塊厝81之50號,2026-09-13
雲林縣二崙鄉中山路102號,23.770775,120.413030,雲林縣二崙鄉崙西村1鄰中山路102號,2026-09-13
雲林縣二崙鄉大義村大義路73號,23.786082,120.398005,雲林縣二崙鄉大義村6鄰大義路73號,2026-09-13
雲林縣二崙鄉大華路61號,23.801951,120.417815,雲林縣二崙鄉大華村7鄰大華路61號,2026-09-13
雲林縣二崙鄉崙西村中正路1號,23.769560,120.411245,雲林縣二崙鄉崙西村5鄰中正路1號,2026-09-13
雲林縣二崙鄉復興村隆興9之2號,23.772879,120.359678,雲林縣二崙鄉復興村6鄰隆興9之2號,2026-09-13
雲林縣二崙鄉楊賢路142號,23.816237,120.405920,雲林縣二崙鄉楊賢村8鄰楊賢路142號,2026-09-13
雲林縣二崙鄉油車村成功路26號,23.796142,120.386029,雲林縣二崙鄉油車村1鄰成功路26號,2026-09-13
雲林縣二崙鄉港後村港後路98號,23.801053,120.390946,雲林縣二崙鄉港後村13鄰港後路98號,2026-09-13
雲林縣元長鄉五塊村南火43號,23.655365,120.279064,雲林縣元長鄉五塊村9鄰南火43號,2026-09-13
雲林縣元長鄉元中路70號,23.651435,120.313748,雲林縣元長鄉長北村19鄰元中路70號,2026-09-13
雲林縣元長鄉元西路76號,23.652207,120.309226,雲林縣元長鄉長南村30鄰元西路76號,2026-09-13
雲林縣元長鄉子茂村子茂81號,23.660637,120.332292,雲林縣元長鄉子茂村6鄰子茂81號,2026-09-13
雲林縣元長鄉新生路11號,23.637690,120.358963,雲林縣元長鄉瓦磘村3鄰新生路11號,2026-09-13
雲林縣元長鄉長南村元南路125號,23.648487,120.311848,雲林縣元長鄉長南村8鄰元南路125號,2026-09-13
雲林縣元長鄉長南村元南路16號,23.645670,120.316594,雲林縣元長鄉長南村1鄰元南路16號,2026-09-13
雲林縣元長鄉頂寮村16之12號,23.629002,120.333832,雲林縣元長鄉頂寮村1鄰頂寮16之12號,2026-09-13
雲林縣元長鄉龍岩村龍岩120號,23.627931,120.320024,雲林縣元長鄉龍岩村12鄰龍岩120號,2026-09-13
雲林縣北港鎮光復路2號,23.568779,120.298880,雲林縣北港鎮光復里2鄰光復路2號,2026-09-13
雲林縣北港鎮光明路59號,23.566462,120.300982,雲林縣北港鎮南安里14鄰光明路59號,2026-09-13
雲林縣北港鎮成功路30號,23.577625,120.302658,雲林縣北港鎮新街里14鄰成功路30號,2026-09-13
雲林縣北港鎮文化路246號,23.575157,120.304862,雲林縣北港鎮大同里15鄰文化路246號,2026-09-13
雲林縣北港鎮樹腳里武德街23號,23.575334,120.292731,雲林縣北港鎮樹腳里14鄰武德街23號,2026-09-13
雲林縣北港鎮民樂路238號,23.578754,120.294869,雲林縣北港鎮新街里12鄰民樂路238號,2026-09-13
雲林縣北港鎮義民路209巷4號,23.573192,120.304021,雲林縣北港鎮大同里13鄰義民路209巷4號,2026-09-13
雲林縣北港鎮華勝路41號,23.573330,120.299508,雲林縣北港鎮華勝里19鄰華勝路41號,2026-09-13
雲林縣北港鎮華勝路655號,23.593147,120.301722,雲林縣北港鎮草湖里8鄰華勝路655號,2026-09-13
雲林縣北港鎮西勢里1鄰中正路95號,23.569449,120.301965,雲林縣北港鎮西勢里1鄰中正路95號,2026-09-13
雲林縣口湖鄉光明路1號,23.546927,120.195667,雲林縣口湖鄉梧南村9鄰光明路1號,2026-09-13
雲林縣口湖鄉埔南村1之2號,23.597409,120.189952,雲林縣口湖鄉埔南村1鄰外埔1之2號,2026-09-13
雲林縣口湖鄉復興路175之6號,23.549314,120.189730,雲林縣口湖鄉梧北村6鄰復興路175之6號,2026-09-13
雲林縣口湖鄉梧北村復興路175之6號,23.549314,120.189730,雲林縣口湖鄉梧北村6鄰復興路175之6號,2026-09-13
雲林縣口湖鄉蚵寮村蚵寮路392號,23.572248,120.176238,雲林縣口湖鄉蚵寮村12鄰蚵寮路392號,2026-09-13
雲林縣古坑鄉文昌路58之4號,23.624948,120.554317,雲林縣古坑鄉永光村24鄰文昌路58號,2026-09-13
雲林縣古坑鄉東和村長安路12號,23.681527,120.567867,雲林縣古坑鄉東和村19鄰長安路12號,2026-09-13
雲林縣古坑鄉水碓88號,23.663739,120.559133,雲林縣古坑鄉水碓村9鄰水碓88號,2026-09-13
雲林縣古坑鄉荷苞厝8號,23.667985,120.579614,雲林縣古坑鄉荷苞村5鄰荷苞厝8號,2026-09-13
雲林縣古坑鄉高林村61號,23.673689,120.570199,雲林縣古坑鄉高林村4鄰高林61號,2026-09-13
雲林縣四湖鄉三塊厝123號,23.630037,120.194634,雲林縣四湖鄉內湖村6鄰三塊厝123號,2026-09-13
雲林縣四湖鄉中山東路37號,23.636645,120.228443,雲林縣四湖鄉四湖村6鄰中山東路37號,2026-09-13
雲林縣四湖鄉中山東路88號,23.637689,120.226595,雲林縣四湖鄉四湖村9鄰中山東路88號,2026-09-13
雲林縣四湖鄉中山西路44之2號,23.637947,120.224010,雲林縣四湖鄉湖西村10鄰中山西路44之2號,2026-09-13
雲林縣四湖鄉中正路514巷59號,23.632067,120.225191,雲林縣四湖鄉湖西村11鄰中正路514巷59號,2026-09-13
雲林縣四湖鄉四湖村5鄰中山東路21之23號,23.636979,120.230067,雲林縣四湖鄉四湖村5鄰中山東路21之23號,2026-09-13
雲林縣四湖鄉四湖村中山東路37之1號,23.637146,120.229566,雲林縣四湖鄉四湖村6鄰中山東路37之1號,2026-09-13
雲林縣四湖鄉四湖村中山東路88號,23.637689,120.226595,雲林縣四湖鄉四湖村9鄰中山東路88號,2026-09-13
雲林縣四湖鄉大同路47巷6號,23.640945,120.175411,雲林縣四湖鄉飛沙村5鄰大同路47巷6號,2026-09-13
雲林縣四湖鄉新市街158號,23.636746,120.223827,雲林縣四湖鄉湖西村11鄰新市街158號,2026-09-13
雲林縣四湖鄉美山街160號,23.635594,120.224241,雲林縣四湖鄉湖西村11鄰美山街160號,2026-09-13
雲林縣四湖鄉關聖路87號,23.639628,120.226011,雲林縣四湖鄉湖西村8鄰關聖路87號,2026-09-13
雲林縣土庫鎮中山路252號,23.677876,120.392429,雲林縣土庫鎮忠正里1鄰中山路252號,2026-09-13
雲林縣土庫鎮中正路69號,23.676118,120.388965,雲林縣土庫鎮順天里3鄰中正路69號,2026-09-13
雲林縣土庫鎮中興路168號,23.681221,120.389368,雲林縣土庫鎮石廟里8鄰中興路168號,2026-09-13
雲林縣土庫鎮中興路175號,23.682238,120.389775,雲林縣土庫鎮石廟里10鄰中興路175號,2026-09-13
雲林縣土庫鎮中興路59號,23.679361,120.389825,雲林縣土庫鎮石廟里4鄰中興路59號,2026-09-13
雲林縣土庫鎮埤腳里埤腳56號,23.669960,120.348934,雲林縣土庫鎮埤腳里4鄰埤腳56號,2026-09-13
雲林縣土庫鎮成功路1之10號,23.673322,120.395171,雲林縣土庫鎮越港里4鄰成功路1之10號,2026-09-13
雲林縣土庫鎮文化路8號,23.675449,120.390447,雲林縣土庫鎮順天里2鄰文化路8號,2026-09-13
雲林縣土庫鎮新庄里新庄318號,23.739850,120.374107,雲林縣土庫鎮新庄里10鄰新庄318號,2026-09-13
雲林縣土庫鎮新建路1之6號,23.676551,120.388029,雲林縣土庫鎮順天里12鄰新建路1之6號,2026-09-13
雲林縣土庫鎮林森路120號,23.674532,120.396745,雲林縣土庫鎮越港里6鄰林森路120號,2026-09-13
雲林縣土庫鎮民權路43號,23.706647,120.351094,雲林縣土庫鎮西平里7鄰民權路43之2號,2026-09-13
雲林縣土庫鎮民權路47號,23.706978,120.350442,雲林縣土庫鎮西平里7鄰民權路47號,2026-09-13
雲林縣土庫鎮秀潭55號,23.654553,120.349978,雲林縣土庫鎮奮起里4鄰秀潭55號,2026-09-13
雲林縣土庫鎮越港里成功路50巷1號,23.676691,120.394098,雲林縣土庫鎮越港里7鄰成功路50巷1號,2026-09-13
雲林縣大埤鄉南和村中正路48之1號,23.645150,120.429701,雲林縣大埤鄉南和村3鄰中正路48之1號,2026-09-13
雲林縣大埤鄉怡然路26號,23.636086,120.402982,雲林縣大埤鄉怡然村8鄰怡然路26號,2026-09-13
雲林縣大埤鄉民生路665號,23.630576,120.413624,雲林縣大埤鄉大德村1鄰民生路665號,2026-09-13
雲林縣大埤鄉聯怡路100號,23.648045,120.398586,雲林縣大埤鄉聯美村12鄰聯怡路100號,2026-09-13
雲林縣大埤鄉豐田村12之1號,23.658433,120.459966,雲林縣大埤鄉豐田村2鄰豐田12之1號,2026-09-13
雲林縣崙背鄉仁愛街42之3號,23.758897,120.351653,雲林縣崙背鄉南陽村15鄰仁愛街42之3號,2026-09-13
雲林縣崙背鄉南光路390號,23.751711,120.350289,雲林縣崙背鄉崙前村12鄰南光路390號,2026-09-13
雲林縣崙背鄉南光路41號,23.759166,120.352880,雲林縣崙背鄉南陽村9鄰南光路42之1號,2026-09-13
雲林縣崙背鄉民權路386號,23.764520,120.352290,雲林縣崙背鄉西榮村4鄰民權路386號,2026-09-13
雲林縣崙背鄉民生路28之8號,23.763731,120.355025,雲林縣崙背鄉東明村6鄰民生路28之8號,2026-09-13
雲林縣崙背鄉行政街1號,23.761986,120.359167,雲林縣崙背鄉東明村18鄰行政街1號,2026-09-13
雲林縣崙背鄉長青街100號,23.756587,120.346615,雲林縣崙背鄉南陽村20鄰長青街100號,2026-09-13
雲林縣崙背鄉長青路100號,23.756587,120.346615,雲林縣崙背鄉南陽村20鄰長青街100號,2026-09-13
雲林縣斗六市上海路77號,23.712141,120.537733,雲林縣斗六市三平里11鄰上海路77號,2026-09-13
雲林縣斗六市中華路100號,23.708555,120.544200,雲林縣斗六市仁愛里20鄰中華路100號,2026-09-13
雲林縣斗六市仁義路38號,23.680400,120.538243,雲林縣斗六市崙峯里8鄰仁義路38號,2026-09-13
雲林縣斗六市保長路498號,23.706264,120.516942,雲林縣斗六市保庄里15鄰保長路498號,2026-09-13
雲林縣斗六市北平路29號,23.713190,120.536015,雲林縣斗六市三平里24鄰北平路29號,2026-09-13
雲林縣斗六市南揚街60號,23.698666,120.538537,雲林縣斗六市社口里22鄰南揚街60號,2026-09-13
雲林縣斗六市城頂街146之5號,23.706316,120.540357,雲林縣斗六市中和里12鄰城頂街146之5號,2026-09-13
雲林縣斗六市城頂街146號,23.706416,120.540389,雲林縣斗六市中和里12鄰城頂街146號,2026-09-13
雲林縣斗六市太平路187號,23.707297,120.540923,雲林縣斗六市太平里14鄰太平路187號,2026-09-13
雲林縣斗六市府前街103號,23.705509,120.541900,雲林縣斗六市社口里2鄰府前街103號,2026-09-13
雲林縣斗六市府前街117號,23.705475,120.542232,雲林縣斗六市社口里2鄰府前街117號,2026-09-13
雲林縣斗六市文化路138號,23.710867,120.548799,雲林縣斗六市忠孝里21鄰文化路138號,2026-09-13
雲林縣斗六市文化路205號,23.711872,120.552748,雲林縣斗六市鎮東里7鄰文化路205號,2026-09-13
雲林縣斗六市棒球十一街99號,23.718162,120.532275,雲林縣斗六市三平里29鄰棒球十一街99號,2026-09-13
雲林縣斗六市榮譽路160號,23.703759,120.558996,雲林縣斗六市林頭里18鄰榮譽路160號,2026-09-13
雲林縣斗六市榴北里南環路86號,23.725612,120.576007,雲林縣斗六市榴北里4鄰南環路86號,2026-09-13
雲林縣斗六市溪洲里竹圍路18號,23.741853,120.555640,雲林縣斗六市溪洲里3鄰竹圍路18號,2026-09-13
雲林縣斗六市莊敬路55號,23.703545,120.550250,雲林縣斗六市成功里21鄰莊敬路55號,2026-09-13
雲林縣斗六市萬年路809號,23.741409,120.555534,雲林縣斗六市溪洲里3鄰萬年路809號,2026-09-13
雲林縣斗六市西平路3號,23.707830,120.539300,雲林縣斗六市中和里13鄰西平路3號,2026-09-13
雲林縣斗六市雲林路2段225號,23.703390,120.532040,雲林縣斗六市鎮西里13鄰雲林路二段225號,2026-09-13
雲林縣斗六市雲林路2段559號,23.698221,120.525568,雲林縣斗六市鎮西里14鄰雲林路二段559號,2026-09-13
雲林縣斗南鎮中山路169之171號,23.678654,120.477576,雲林縣斗南鎮西岐里1鄰中山路169號,2026-09-13
雲林縣斗南鎮光天路50號,23.639430,120.483450,雲林縣斗南鎮石龜里8鄰光天路48之1號,2026-09-13
雲林縣斗南鎮南昌路17號,23.674847,120.482214,雲林縣斗南鎮東仁里13鄰南昌路17號,2026-09-13
雲林縣斗南鎮南昌路19號,23.674620,120.482075,雲林縣斗南鎮東仁里13鄰南昌路19號,2026-09-13
雲林縣斗南鎮南昌路27號,23.673755,120.481326,雲林縣斗南鎮東仁里13鄰南昌路27號,2026-09-13
雲林縣斗南鎮南生路1號,23.641667,120.482606,雲林縣斗南鎮石龜里5鄰南生路1號,2026-09-13
雲林縣斗南鎮文昌路150號,23.680296,120.479492,雲林縣斗南鎮西岐里12鄰文昌路150號,2026-09-13
雲林縣斗南鎮新生二路178號,23.675875,120.486593,雲林縣斗南鎮東仁里14鄰新生二路178號,2026-09-13
雲林縣斗南鎮石龜里光天路50號,23.639430,120.483450,雲林縣斗南鎮石龜里8鄰光天路48之1號,2026-09-13
雲林縣斗南鎮西岐里文昌路150號,23.680296,120.479492,雲林縣斗南鎮西岐里12鄰文昌路150號,2026-09-13
雲林縣斗南鎮西歧里中山路170之8號,23.677791,120.478046,雲林縣斗南鎮北銘里9鄰中山路170號,2026-09-13
雲林縣斗南鎮長安路2段181號,23.671315,120.475146,雲林縣斗南鎮明昌里21鄰長安路二段181號,2026-09-13
雲林縣東勢鄉仁愛路41號,23.690703,120.241261,雲林縣東勢鄉龍潭村8鄰仁愛路41號,2026-09-13
雲林縣東勢鄉同安路95之1號,23.719763,120.283858,雲林縣東勢鄉同安村12鄰同安路95之1號,2026-09-13
雲林縣東勢鄉嘉隆村守密街51之1號,23.665572,120.259191,雲林縣東勢鄉嘉隆村12鄰守密街51之1號,2026-09-13
雲林縣東勢鄉四安路25號,23.674418,120.254181,雲林縣東勢鄉東南村11鄰四安路25號,2026-09-13
雲林縣東勢鄉四安路路25號,23.674418,120.254181,雲林縣東勢鄉東南村11鄰四安路25號,2026-09-13
雲林縣東勢鄉復興村復興路2號,23.679804,120.278143,雲林縣東勢鄉復興村2鄰復興路2號,2026-09-13
雲林縣東勢鄉昌南路120號,23.695136,120.260921,雲林縣東勢鄉昌南村11鄰昌南路120號,2026-09-13
雲林縣東勢鄉月興路7之1號,23.683205,120.283608,雲林縣東勢鄉月眉村17鄰月興路7之1號,2026-09-13
雲林縣東勢鄉東北村民權路110號,23.677883,120.258273,雲林縣東勢鄉東北村12鄰民權路110號,2026-09-13
雲林縣東勢鄉東榮路29巷19號,23.673954,120.255667,雲林縣東勢鄉東南村1鄰東榮路29巷19號,2026-09-13
雲林縣林內鄉增產路48號,23.773796,120.625686,雲林縣林內鄉林北村25鄰增產路48號,2026-09-13
雲林縣水林鄉松西村後厝路59號,23.516508,120.227122,雲林縣水林鄉松西村1鄰後厝路59號,2026-09-13
雲林縣水林鄉水南村埔尾路68之6號,23.566989,120.236810,雲林縣水林鄉水南村18鄰埔尾68之6號,2026-09-13
雲林縣水林鄉水林路238號,23.572105,120.240237,雲林縣水林鄉水北村19鄰水林路238號,2026-09-13
雲林縣水林鄉灣東村40號,23.605123,120.239796,雲林縣水林鄉灣東村8鄰宏仁路40號,2026-09-13
雲林縣臺西鄉中山路293號,23.700407,120.195772,雲林縣臺西鄉臺西村6鄰中山路293號,2026-09-13
雲林縣臺西鄉中山路299巷10之17號,23.699236,120.195245,雲林縣臺西鄉海口村6鄰中山路299巷10號之17,2026-09-13
雲林縣臺西鄉忠孝路114號,23.724568,120.211649,雲林縣臺西鄉和豐村3鄰忠孝路114號,2026-09-13
雲林縣臺西鄉民權路6巷2號,23.700439,120.200863,雲林縣臺西鄉臺西村16鄰民權路6巷2號,2026-09-13
雲林縣臺西鄉民權路9號,23.701746,120.199543,雲林縣臺西鄉臺西村15鄰民權路9號,2026-09-13
雲林縣臺西鄉民生路52號,23.698545,120.199447,雲林縣臺西鄉臺西村17鄰民生路52號,2026-09-13
雲林縣臺西鄉海口村中山路299巷1號,23.700306,120.194911,雲林縣臺西鄉海口村11鄰中山路299巷1號,2026-09-13
雲林縣臺西鄉溪頂村151之2號,23.683377,120.188594,雲林縣臺西鄉溪頂村21鄰溪頂151之2號,2026-09-13
雲林縣莿桐鄉中正路147號,23.757136,120.498563,雲林縣莿桐鄉莿桐村26鄰中正路147號,2026-09-13
雲林縣莿桐鄉北平路45號,23.758978,120.500422,雲林縣莿桐鄉莿桐村1鄰北平路24號,2026-09-13
雲林縣莿桐鄉興貴村興北63之7號,23.773749,120.521047,雲林縣莿桐鄉興貴村4鄰興北63之7號,2026-09-13
雲林縣莿桐鄉麻園村榮貫133號,23.773326,120.534873,雲林縣莿桐鄉麻園村9鄰榮貫133號,2026-09-13
雲林縣莿桐鄉麻園村榮貫路133號,23.773326,120.534873,雲林縣莿桐鄉麻園村9鄰榮貫133號,2026-09-13
雲林縣虎尾鎮光復路22號,23.707508,120.451251,雲林縣虎尾鎮平和里1鄰光復路22號,2026-09-13
雲林縣虎尾鎮光明路171號,23.708941,120.442200,雲林縣虎尾鎮新興里25鄰光明路171號,2026-09-13
雲林縣虎尾鎮光明路175號,23.708990,120.442119,雲林縣虎尾鎮新興里25鄰光明路175號,2026-09-13
雲林縣虎尾鎮八德街158號,23.698978,120.428714,雲林縣虎尾鎮西安里27鄰八德街158號,2026-09-13
雲林縣虎尾鎮北平路72號,23.711830,120.429056,雲林縣虎尾鎮德興里30鄰北平路72號,2026-09-13
雲林縣虎尾鎮博愛路63巷65號,23.713417,120.435628,雲林縣虎尾鎮公安里15鄰博愛路63巷65號,2026-09-13
雲林縣虎尾鎮埒內里143之5號,23.720800,120.445495,雲林縣虎尾鎮埒內里10鄰埒內143之5號,2026-09-13
雲林縣虎尾鎮埒內里埒內143之5號,23.720800,120.445495,雲林縣虎尾鎮埒內里10鄰埒內143之5號,2026-09-13
雲林縣虎尾鎮大屯69之3號,23.703552,120.390060,雲林縣虎尾鎮東屯里5鄰大屯69號,2026-09-13
雲林縣虎尾鎮大成街123號,23.712540,120.448075,雲林縣虎尾鎮平和里18鄰大成街123號,2026-09-13
雲林縣虎尾鎮安溪6號,23.719789,120.440929,雲林縣虎尾鎮安溪里1鄰安溪6號,2026-09-13
雲林縣虎尾鎮安溪里安溪6號,23.719789,120.440929,雲林縣虎尾鎮安溪里1鄰安溪6號,2026-09-13
雲林縣虎尾鎮平和里大成街123號,23.712540,120.448075,雲林縣虎尾鎮平和里18鄰大成街123號,2026-09-13
雲林縣虎尾鎮廉使里1020號,23.722994,120.420146,雲林縣虎尾鎮廉使里1鄰廉使1020號,2026-09-13
雲林縣虎尾鎮廉使里7鄰廉使1020號,23.722994,120.420146,雲林縣虎尾鎮廉使里1鄰廉使1020號,2026-09-13
雲林縣虎尾鎮文化路100號,23.699791,120.430850,雲林縣虎尾鎮西安里24鄰文化路100號,2026-09-13
雲林縣虎尾鎮文化路64號,23.701683,120.429578,雲林縣虎尾鎮西安里8鄰文化路64號,2026-09-13
雲林縣虎尾鎮新興路173號,23.712034,120.433907,雲林縣虎尾鎮公安里4鄰新興路173號,2026-09-13
雲林縣虎尾鎮林森路1段360巷128號,23.712532,120.435063,雲林縣虎尾鎮公安里15鄰林森路一段360巷128號,2026-09-13
雲林縣虎尾鎮林森路1段498號,23.703250,120.391860,雲林縣虎尾鎮公安里8鄰林森路一段498號,2026-09-13
雲林縣虎尾鎮民主路1號,23.703963,120.436134,雲林縣虎尾鎮安慶里8鄰民主路1號,2026-09-13
雲林縣虎尾鎮水源路14號,23.714024,120.433093,雲林縣虎尾鎮公安里5鄰水源路14號,2026-09-13
雲林縣虎尾鎮永興南七路65號,23.725680,120.419909,雲林縣虎尾鎮廉使里23鄰永興南七路65號,2026-09-13
雲林縣虎尾鎮清雲路507號,23.730740,120.432205,雲林縣虎尾鎮興中里15鄰清雲路507號,2026-09-13
雲林縣虎尾鎮科雲南路51號,23.733193,120.397966,雲林縣虎尾鎮墾地里10鄰科雲南路51號,2026-09-13
雲林縣虎尾鎮立仁里5鄰北平路199號,23.708710,120.426719,雲林縣虎尾鎮立仁里5鄰北平路199號,2026-09-13
雲林縣虎尾鎮興中42號,23.723272,120.435186,雲林縣虎尾鎮興中里14鄰興中42號,2026-09-13
雲林縣虎尾鎮興南1之20號,23.689888,120.442656,雲林縣虎尾鎮興南里1鄰興南1之20號,2026-09-13
雲林縣虎尾鎮興南80之3號,23.692592,120.436569,雲林縣虎尾鎮興南里9鄰興南80之3號,2026-09-13
雲林縣虎尾鎮興南里80之3號,23.692592,120.436569,雲林縣虎尾鎮興南里9鄰興南80之3號,2026-09-13
雲林縣虎尾鎮興南里番薯段623號,23.694327,120.435564,雲林縣虎尾鎮興南里16鄰興南623號,2026-09-13
雲林縣虎尾鎮西安里五間厝29鄰80號,23.698449,120.428143,雲林縣虎尾鎮西安里29鄰五間厝80號,2026-09-13
雲林縣虎尾鎮頂南195之1號,23.690928,120.420523,雲林縣虎尾鎮穎川里11鄰頂南195之1號,2026-09-13
雲林縣褒忠鄉中正路206巷8號,23.695886,120.311116,雲林縣褒忠鄉埔姜村1鄰中正路206巷8號,2026-09-13
雲林縣褒忠鄉中正路451號,23.691192,120.303956,雲林縣褒忠鄉中民村13鄰中正路451號,2026-09-13
雲林縣褒忠鄉中民村三民路39號,23.693788,120.311498,雲林縣褒忠鄉中民村9鄰三民路39號,2026-09-13
雲林縣褒忠鄉復興路25之15號,23.708970,120.283749,雲林縣褒忠鄉新湖村13鄰復興路25之15號,2026-09-13
雲林縣褒忠鄉新湖村新湖2之3號,23.710514,120.291610,雲林縣褒忠鄉新湖村1鄰新湖2之11號,2026-09-13
雲林縣褒忠鄉龍岩路97之1號,23.720946,120.320847,雲林縣褒忠鄉龍岩村2鄰龍岩路97之1號,2026-09-13
雲林縣西螺鎮中市路31號,23.802340,120.459740,雲林縣西螺鎮福興里1鄰中市路31號,2026-09-13
雲林縣西螺鎮公正路30號,23.794655,120.463164,雲林縣西螺鎮正興里18鄰公正路30號,2026-09-13
雲林縣西螺鎮埔心路22之1號,23.799222,120.445782,雲林縣西螺鎮詔安里2鄰埔心路22之1號,2026-09-13
雲林縣西螺鎮大同路54號,23.799120,120.465905,雲林縣西螺鎮大園里3鄰大同路54號,2026-09-13
雲林縣西螺鎮大橋路8號,23.803273,120.463359,雲林縣西螺鎮永安里2鄰大橋路8號,2026-09-13
雲林縣西螺鎮廣興里84號,23.767823,120.459976,雲林縣西螺鎮廣興里8鄰廣興84號,2026-09-13
雲林縣西螺鎮延平路106號,23.801740,120.462266,雲林縣西螺鎮中和里9鄰延平路106號,2026-09-13
雲林縣西螺鎮延平路110號,23.801698,120.462197,雲林縣西螺鎮中和里9鄰延平路110號,2026-09-13
雲林縣西螺鎮延平路180號,23.801663,120.460485,雲林縣西螺鎮福興里11鄰延平路180號,2026-09-13
雲林縣西螺鎮延平路25號,23.802419,120.463805,雲林縣西螺鎮永安里4鄰延平路25號,2026-09-13
雲林縣西螺鎮延平路385號,23.800037,120.453062,雲林縣西螺鎮中興里12鄰延平路385號,2026-09-13
雲林縣西螺鎮延平路504號,23.800263,120.452030,雲林縣西螺鎮中興里6鄰延平路504號,2026-09-13
雲林縣西螺鎮延平路72號,23.802141,120.462934,雲林縣西螺鎮中和里10鄰延平路72號,2026-09-13
雲林縣西螺鎮延平路81號,23.801642,120.462447,雲林縣西螺鎮中和里8鄰延平路81號,2026-09-13
雲林縣西螺鎮延平路92號,23.801895,120.462531,雲林縣西螺鎮中和里9鄰延平路92號,2026-09-13
雲林縣西螺鎮新街2號,23.798210,120.464495,雲林縣西螺鎮廣福里7鄰新街52之1號,2026-09-13
雲林縣西螺鎮新街路117號,23.796903,120.464551,雲林縣西螺鎮廣福里13鄰新街69之1號,2026-09-13
雲林縣西螺鎮新街路2號,23.798210,120.464495,雲林縣西螺鎮廣福里7鄰新街52之1號,2026-09-13
雲林縣西螺鎮新街路32號,23.798210,120.464495,雲林縣西螺鎮廣福里7鄰新街52之1號,2026-09-13
雲林縣西螺鎮永安里大橋路8號,23.803273,120.463359,雲林縣西螺鎮永安里2鄰大橋路8號,2026-09-13
雲林縣西螺鎮福來路130巷33號,23.793205,120.451490,雲林縣西螺鎮中興里18鄰福來路130巷33號,2026-09-13
雲林縣麥寮鄉中山路200巷80號,23.752740,120.256251,雲林縣麥寮鄉麥津村11鄰中山路200巷80號,2026-09-13
雲林縣麥寮鄉中山路260號,23.750742,120.254116,雲林縣麥寮鄉麥津村12鄰中山路260號,2026-09-13
雲林縣麥寮鄉仁德西路1段26號,23.797562,120.265044,雲林縣麥寮鄉三盛村11鄰仁德西路一段26號,2026-09-13
雲林縣麥寮鄉新吉村7鄰新吉69之1號,23.807612,120.276443,雲林縣麥寮鄉新吉村7鄰新吉69之1號,2026-09-13
雲林縣麥寮鄉新吉村新吉69之1號,23.807612,120.276443,雲林縣麥寮鄉新吉村7鄰新吉69之1號,2026-09-13
雲林縣麥寮鄉新興路27之6號,23.746884,120.251776,雲林縣麥寮鄉麥豐村22鄰新興路27之5號,2026-09-13
雲林縣麥寮鄉施厝村仁德東路502號,23.795334,120.282380,雲林縣麥寮鄉施厝村14鄰仁德東路502號,2026-09-13
雲林縣麥寮鄉施厝村施厝176之3號,23.795732,120.283080,雲林縣麥寮鄉施厝村10鄰施厝162號,2026-09-13
雲林縣麥寮鄉泰順路212號,23.752087,120.255596,雲林縣麥寮鄉麥津村11鄰泰順路212號,2026-09-13
雲林縣麥寮鄉泰順路306號,23.752965,120.249726,雲林縣麥寮鄉麥津村23鄰泰順路306號,2026-09-13
雲林縣麥寮鄉海豐村永和73號,23.774302,120.244372,雲林縣麥寮鄉海豐村9鄰永和73號,2026-09-13
雲林縣麥寮鄉自強路125號,23.745861,120.254971,雲林縣麥寮鄉麥豐村5鄰自強路125號,2026-09-13
雲林縣麥寮鄉麥豐村自由路232號,23.748017,120.258981,雲林縣麥寮鄉麥豐村6鄰自由路232號,2026-09-13
雲澗茶坊,23.000721,120.194638,臺南市中西區兌悅里20鄰信義街118號,2026-09-13
頭份市東民一街38號,24.687592,120.901854,苗栗縣頭份市東庄里8鄰東民一街38號,2026-09-13
頭屋鄉中正街86巷14號,24.578458,120.850146,苗栗縣頭屋鄉頭屋村8鄰中正街86巷14號,2026-09-13
頭屋鄉明德村6鄰81號,24.585868,120.886073,苗栗縣頭屋鄉明德村6鄰明德路81號,2026-09-13
頭屋鄉獅潭村1鄰7之6號,24.580116,120.852129,苗栗縣頭屋鄉獅潭村1鄰獅潭7之6號,2026-09-13
馬公市東衛里94號,23.568769,119.603816,澎湖縣馬公市東衛里9鄰東衛94號,2026-09-13
高峰路325巷八弄18號,24.780819,120.981179,新竹市東區高峰里14鄰高峰路325巷8弄18號,2026-09-13
高樹鄉華光路32號,22.826151,120.599160,屏東縣高樹鄉高樹村20鄰華光路32號,2026-09-13
高雄市三民區三民街222號,22.635335,120.290602,高雄市三民區千歲里2鄰三民街222號,2026-09-13
高雄市三民區中山一路318號,22.637019,120.302723,高雄市三民區港東里1鄰中山一路318號,2026-09-13
高雄市三民區中華三路308號,22.637139,120.293105,高雄市三民區鳳北里11鄰中華三路308號,2026-09-13
高雄市三民區九如一路232號,22.638009,120.336007,高雄市三民區寶德里1鄰九如一路232號,2026-09-13
高雄市三民區九如二路150號,22.640984,120.309063,高雄市三民區德仁里8鄰九如二路150號,2026-09-13
高雄市三民區九如二路255號,22.640792,120.306533,高雄市三民區達勇里8鄰九如二路255號,2026-09-13
高雄市三民區光武路72號,22.638801,120.335243,高雄市三民區寶德里3鄰光武路72號,2026-09-13
高雄市三民區十全二路331號,22.645943,120.293800,高雄市三民區十全里6鄰十全二路331號,2026-09-13
高雄市三民區博愛一路287號,22.649031,120.302992,高雄市三民區安泰里23鄰博愛一路287號,2026-09-13
高雄市三民區博愛一路289號,22.649113,120.303069,高雄市三民區安泰里23鄰博愛一路289號,2026-09-13
高雄市三民區博愛一路372號,22.650968,120.303976,高雄市三民區安和里21鄰博愛一路372號,2026-09-13
高雄市三民區博愛一路391號,22.651227,120.303233,高雄市三民區安泰里32鄰博愛一路391號,2026-09-13
高雄市三民區博愛一路70號,22.643271,120.303301,高雄市三民區達德里1鄰博愛一路70號,2026-09-13
高雄市三民區同盟三路442號,22.644226,120.283021,高雄市三民區川東里12鄰同盟三路442號,2026-09-13
高雄市三民區同盟二路60號,22.651527,120.301165,高雄市三民區安泰里28鄰同盟二路60號,2026-09-13
高雄市三民區堯山街8號,22.640690,120.316471,高雄市三民區安吉里23鄰堯山街8號,2026-09-13
高雄市三民區壽昌路2號,22.641269,120.333873,高雄市三民區寶德里18鄰壽昌路2號,2026-09-13
高雄市三民區壽昌路93之1號,22.642667,120.333406,高雄市三民區寶泰里18鄰壽昌路93之1號,2026-09-13
高雄市三民區大昌二路67號,22.640024,120.332037,高雄市三民區寶安里14鄰大昌二路67號,2026-09-13
高雄市三民區大順二路659號,22.650560,120.322664,高雄市三民區灣華里13鄰大順二路659號,2026-09-13
高雄市三民區建和街75號,22.646921,120.320542,高雄市三民區正興里22鄰建和街75號,2026-09-13
高雄市三民區建國三路169號,22.637653,120.298109,高雄市三民區建東里3鄰建國三路169號,2026-09-13
高雄市三民區建國二路255號,22.637437,120.304325,高雄市三民區港東里2鄰建國二路255號,2026-09-13
高雄市三民區建國二路34號,22.637574,120.312056,高雄市三民區博愛里13鄰建國二路34號,2026-09-13
高雄市三民區建工路747號,22.647551,120.315927,高雄市三民區正興里1鄰建工路747號,2026-09-13
高雄市三民區建興路391號,22.647252,120.321660,高雄市三民區正興里15鄰建興路391號,2026-09-13
高雄市三民區晉元街67號,22.645458,120.312021,高雄市三民區安生里9鄰晉元街67號,2026-09-13
高雄市三民區正興路74號,22.645777,120.321284,高雄市三民區正興里20鄰正興路74號,2026-09-13
高雄市三民區皓東路169之6號,22.649279,120.333637,高雄市三民區本武里3鄰皓東路169之6號,2026-09-13
高雄市三民區禮明路78號,22.640116,120.325819,高雄市三民區寶安里3鄰禮明路78號,2026-09-13
高雄市三民區自由一路50號,22.642603,120.308874,高雄市三民區德智里9鄰自由一路50號,2026-09-13
高雄市三民區自立一路535號,22.650353,120.296483,高雄市三民區安宜里1鄰自立一路535號,2026-09-13
高雄市三民區興隆街58號,22.647111,120.318486,高雄市三民區正興里31鄰興隆街58號,2026-09-13
高雄市三民區褒揚東街78號,22.639846,120.347726,高雄市三民區寶業里23鄰褒揚東街78號,2026-09-13
高雄市三民區金鼎路81號,22.663103,120.326721,高雄市三民區鼎西里1鄰金鼎路81號,2026-09-13
高雄市三民區鼎和街76號,22.667108,120.317348,高雄市三民區鼎泰里21鄰鼎和街76號,2026-09-13
高雄市三民區鼎金一巷36號,22.665966,120.327012,高雄市三民區鼎金里1鄰鼎金一巷36號,2026-09-13
高雄市仁武區仁勇路400號,22.672312,120.349742,高雄市仁武區赤山里21鄰仁勇路400號,2026-09-13
高雄市仁武區仁心路31號,22.683088,120.357281,高雄市仁武區灣內里2鄰仁心路31號,2026-09-13
高雄市仁武區仁忠路191號,22.679647,120.354052,高雄市仁武區仁和里5鄰仁忠路191號,2026-09-13
高雄市仁武區仁林路35號,22.703683,120.354843,高雄市仁武區文武里7鄰仁林路35號,2026-09-13
高雄市仁武區八卦里八德西路1658之5號,22.692748,120.333521,高雄市仁武區八卦里15鄰八德西路1732號,2026-09-13
高雄市仁武區八德西路1658號,22.691960,120.332294,高雄市仁武區八德里53鄰八德西路1658號,2026-09-13
高雄市仁武區文館路2號,22.697642,120.351572,高雄市仁武區文武里51鄰文館路2號,2026-09-13
高雄市仁武區林山巷30之1號,22.704868,120.385669,高雄市仁武區烏林里15鄰林山巷30之1號,2026-09-13
高雄市仁武區永仁街646號,22.690039,120.332509,高雄市仁武區八德里52鄰永仁街646號,2026-09-13
高雄市仁武區永樂街1號,22.675606,120.353594,高雄市仁武區仁和里10鄰永樂街1號,2026-09-13
高雄市仁武區澄觀路1段152巷33弄57之1號,22.686832,120.358726,高雄市仁武區考潭里16鄰澄觀路一段152巷33弄57之1號,2026-09-13
高雄市仁武區霞海路358號,22.687387,120.323641,高雄市仁武區高楠里3鄰霞海路358號,2026-09-13
高雄市內門區中正路203號,22.917525,120.453514,高雄市內門區觀亭里10鄰中正路203號,2026-09-13
高雄市內門區中正路227號,22.918178,120.453393,高雄市內門區觀亭里10鄰中正路227號,2026-09-13
高雄市內門區溝坪里廣福28之10號,22.996441,120.502940,高雄市內門區溝坪里3鄰廣福28之10號,2026-09-13
高雄市內門區觀亭里中正路227號,22.918178,120.453393,高雄市內門區觀亭里10鄰中正路227號,2026-09-13
高雄市六龜區光復路107號,22.995434,120.635219,高雄市六龜區義寶里6鄰光復路107號,2026-09-13
高雄市六龜區光明巷40號,22.983005,120.636029,高雄市六龜區文武里16鄰光明巷40號,2026-09-13
高雄市六龜區和平路43號,23.028829,120.663438,高雄市六龜區新發里7鄰和平路43號,2026-09-13
高雄市六龜區義寶里維新街1巷2號,22.994308,120.637569,高雄市六龜區義寶里21鄰維新街1巷2號,2026-09-13
高雄市六龜區荖濃里南橫路97號,23.073137,120.673802,高雄市六龜區荖濃里16鄰南橫路97號,2026-09-13
高雄市前金區中山二路507號,22.620361,120.301694,高雄市前金區文東里17鄰中山二路507號,2026-09-13
高雄市前金區中山二路533號,22.620659,120.301549,高雄市前金區文東里17鄰中山二路533號,2026-09-13
高雄市前金區中正四路211號,22.628126,120.292960,高雄市前金區林投里2鄰中正四路211號,2026-09-13
高雄市前金區中正四路215號,22.628065,120.292759,高雄市前金區林投里2鄰中正四路215號,2026-09-13
高雄市前金區中正四路261號,22.627101,120.289858,高雄市前金區林投里5鄰中正四路261號,2026-09-13
高雄市前金區五福三路21號,22.622432,120.299695,高雄市前金區文東里3鄰五福三路21號,2026-09-13
高雄市前金區大同二路145號,22.625252,120.290448,高雄市前金區國民里12鄰大同二路145號,2026-09-13
高雄市前金區自強一路22號,22.629652,120.293873,高雄市前金區東金里11鄰自強一路22號,2026-09-13
高雄市前鎮區一心一路243號,22.609055,120.315131,高雄市前鎮區民權里9鄰一心一路243號,2026-09-13
高雄市前鎮區一心二路128號,22.612223,120.308932,高雄市前鎮區盛豐里7鄰一心二路128號,2026-09-13
高雄市前鎮區中山三路132號,22.605842,120.308589,高雄市前鎮區良和里12鄰中山三路132號,2026-09-13
高雄市前鎮區中山三路150號,22.606495,120.308103,高雄市前鎮區良和里12鄰中山三路150號,2026-09-13
高雄市前鎮區中山二路13號,22.607790,120.306517,高雄市前鎮區良和里1鄰中山二路13號,2026-09-13
高雄市前鎮區中山二路260號,22.613338,120.305121,高雄市前鎮區西甲里10鄰中山二路260號,2026-09-13
高雄市前鎮區中山二路533號,22.613871,120.305270,高雄市前鎮區盛興里17鄰中山二路268之1號,2026-09-13
高雄市前鎮區凱旋四路105號,22.593549,120.308267,高雄市前鎮區興邦里12鄰凱旋四路105號,2026-09-13
高雄市前鎮區南寧街167號,22.612054,120.316697,高雄市前鎮區興東里11鄰南寧街167號,2026-09-13
高雄市前鎮區同安路120號,22.583548,120.317411,高雄市前鎮區信義里14鄰同安路120號,2026-09-13
高雄市前鎮區廣東三街73號,22.609304,120.319865,高雄市前鎮區竹西里18鄰廣東三街73號,2026-09-13
高雄市前鎮區復興四路2號,22.604087,120.298297,高雄市前鎮區鎮北里1鄰復興四路2號,2026-09-13
高雄市前鎮區德昌路413巷7號,22.588118,120.313542,高雄市前鎮區鎮昌里11鄰德昌路413巷7號,2026-09-13
高雄市前鎮區民權二路462號,22.613093,120.314639,高雄市前鎮區興東里1鄰民權二路462號,2026-09-13
高雄市前鎮區永豐路142號,22.607212,120.333637,高雄市前鎮區瑞昌里11鄰永豐路142號,2026-09-13
高雄市前鎮區興順街40號,22.586709,120.309403,高雄市前鎮區興仁里5鄰興順街40號,2026-09-13
高雄市前鎮區鎮中路6號,22.587915,120.321160,高雄市前鎮區平等里11鄰鎮中路6號,2026-09-13
高雄市前鎮區鎮東一街118號,22.591290,120.311999,高雄市前鎮區鎮榮里2鄰鎮東一街118號,2026-09-13
高雄市博愛一路372號,22.650968,120.303976,高雄市三民區安和里21鄰博愛一路372號,2026-09-13
高雄市同慶路108號,22.627313,120.319913,高雄市苓雅區同慶里3鄰同慶路108號,2026-09-13
高雄市基督教女青年會：高雄市苓雅區五福三路101號,22.620729,120.294832,高雄市苓雅區博仁里9鄰五福三路101號,2026-09-13
高雄市大寮區仁德路150之8號,22.591304,120.396298,高雄市大寮區內坑里5鄰仁德路150之8號,2026-09-13
高雄市大寮區光明路3段1257巷51號,22.632943,120.403547,高雄市大寮區中庄里46鄰光明路三段1257巷51號,2026-09-13
高雄市大寮區力行路88之1號,22.603329,120.399462,高雄市大寮區會社里35鄰力行路88之1號,2026-09-13
高雄市大寮區四維路340號,22.637513,120.399099,高雄市大寮區中庄里37鄰四維路340號,2026-09-13
高雄市大寮區山頂里山頂路178號,22.608247,120.388518,高雄市大寮區山頂里31鄰山頂路178號,2026-09-13
高雄市大寮區拷潭路174之20號,22.585139,120.380854,高雄市大寮區拷潭里12鄰拷潭路174之20號,2026-09-13
高雄市大寮區正氣路79號,22.599865,120.392558,高雄市大寮區會社里43鄰正氣路79號,2026-09-13
高雄市大寮區民族路311號,22.637968,120.392421,高雄市大寮區後庄里37鄰民族路311號,2026-09-13
高雄市大寮區自強街25巷3號,22.635267,120.392266,高雄市大寮區中庄里11鄰自強街25巷3號,2026-09-13
高雄市大寮區鳳屏一路556之560號,22.637031,120.394369,高雄市大寮區中庄里17鄰鳳屏一路556號,2026-09-13
高雄市大寮區鳳林三路492號,22.605576,120.395657,高雄市大寮區永芳里15鄰鳳林三路492號,2026-09-13
高雄市大樹區中華路國小巷1號,22.667994,120.407847,高雄市大樹區水寮里1鄰中華路國小巷1號,2026-09-13
高雄市大樹區久堂路140號,22.658114,120.417745,高雄市大樹區久堂里47鄰久堂路140號,2026-09-13
高雄市大樹區久堂路97號,22.657938,120.418550,高雄市大樹區久堂里25鄰久堂路97號,2026-09-13
高雄市大樹區和山里23之1號,22.703597,120.418023,高雄市大樹區和山里2鄰和山路23之1號,2026-09-13
高雄市大樹區水寮里中華路100之6號,22.667056,120.404663,高雄市大樹區水寮里19鄰中華路100之6號,2026-09-13
高雄市大社區三民路336號,22.730347,120.345858,高雄市大社區大社里7鄰三民路336號,2026-09-13
高雄市大社區和平路1段60之6號,22.748715,120.362622,高雄市大社區保社里1鄰和平路一段60之6號,2026-09-13
高雄市大社區大社路116之1號,22.732975,120.352603,高雄市大社區大社里20鄰大社路116之1號,2026-09-13
高雄市大社區大社路116號,22.732975,120.352603,高雄市大社區大社里20鄰大社路116之1號,2026-09-13
高雄市大社區大社路87之3號,22.734064,120.352674,高雄市大社區保安里8鄰大社路87之2號,2026-09-13
高雄市大社區大社里大社路116之1號,22.732975,120.352603,高雄市大社區大社里20鄰大社路116之1號,2026-09-13
高雄市大社區翠屏路100號,22.729029,120.357267,高雄市大社區神農里11鄰翠屏路100號,2026-09-13
高雄市大社區金龍路120號,22.727245,120.353779,高雄市大社區神農里14鄰金龍路120號,2026-09-13
高雄市大順二路468號,22.649315,120.325014,高雄市三民區寶珠里2鄰大順二路468號,2026-09-13
高雄市小港區中山四路29號,22.569127,120.346616,高雄市小港區大苓里12鄰中山四路29號,2026-09-13
高雄市小港區大平路126巷36之1號,22.561493,120.389779,高雄市小港區坪頂里8鄰大平路126巷36之1號,2026-09-13
高雄市小港區山明路482號,22.567467,120.363369,高雄市小港區山明里20鄰山明路482號,2026-09-13
高雄市小港區平治街42號,22.567452,120.356649,高雄市小港區順苓里13鄰平治街42號,2026-09-13
高雄市小港區平治街46號,22.567452,120.356568,高雄市小港區順苓里13鄰平治街46號,2026-09-13
高雄市小港區康莊路128號,22.568115,120.353704,高雄市小港區正苓里28鄰康莊路128號,2026-09-13
高雄市小港區康莊路67號,22.568525,120.356151,高雄市小港區順苓里20鄰康莊路67號,2026-09-13
高雄市小港區松福街123號,22.570270,120.371550,高雄市小港區松山里2鄰松福街123號,2026-09-13
高雄市小港區漢民路232號,22.565736,120.352067,高雄市小港區二苓里16鄰漢民路232號,2026-09-13
高雄市小港區飛機路153號,22.573022,120.360590,高雄市小港區濟南里19鄰飛機路153號,2026-09-13
高雄市小港區鳳福路3號,22.562879,120.367167,高雄市小港區山明里17鄰鳳福路3號,2026-09-13
高雄市岡山區公園東路131號,22.798645,120.290451,高雄市岡山區壽天里10鄰公園東路131號,2026-09-13
高雄市岡山區公園西路3段134號,22.792960,120.284415,高雄市岡山區仁壽里21鄰公園西路三段134號,2026-09-13
高雄市岡山區和平路1號,22.782054,120.303827,高雄市岡山區和平里1鄰和平路1號,2026-09-13
高雄市岡山區國軒路289號,22.781864,120.287952,高雄市岡山區劉厝里6鄰國軒路289號,2026-09-13
高雄市岡山區壽天路66號,22.796169,120.291956,高雄市岡山區壽天里10鄰壽天路66號,2026-09-13
高雄市岡山區大仁路105號,22.805154,120.301661,高雄市岡山區臺上里19鄰大仁路105號,2026-09-13
高雄市岡山區岡山路303巷36號,22.794976,120.294613,高雄市岡山區岡山里23鄰岡山路303巷36號,2026-09-13
高雄市岡山區岡山路323巷15號,22.795565,120.294825,高雄市岡山區岡山里25鄰岡山路323巷15號,2026-09-13
高雄市岡山區文化街4號,22.787634,120.296966,高雄市岡山區岡山里1鄰文化街4號,2026-09-13
高雄市岡山區新樂街77之3號,22.803440,120.294321,高雄市岡山區岡山里21鄰新樂街77之3號,2026-09-13
高雄市岡山區柳橋東路36號,22.791424,120.293671,高雄市岡山區平安里8鄰柳橋東路36號,2026-09-13
高雄市岡山區樂群路7號,22.789658,120.291931,高雄市岡山區忠孝里17鄰樂群路7號,2026-09-13
高雄市岡山區石潭路205巷28號,22.774380,120.266756,高雄市岡山區石潭里3鄰石潭路205巷27之1號,2026-09-13
高雄市岡山區維新路85號,22.793106,120.293383,高雄市岡山區平安里8鄰維新路85號,2026-09-13
高雄市岡山區聖森路168號,22.797750,120.312408,高雄市岡山區程香里19鄰聖森路168號,2026-09-13
高雄市岡山區華園二路15號,22.790004,120.309052,高雄市岡山區程香里3鄰華園二路15號,2026-09-13
高雄市左營區先鋒路293號,22.678295,120.282510,高雄市左營區崇實里28鄰先鋒路293號,2026-09-13
高雄市左營區左營大路419巷80號,22.689996,120.292916,高雄市左營區尾西里7鄰左營大路419巷80號,2026-09-13
高雄市左營區文上路58號,22.671868,120.301420,高雄市左營區新下里11鄰文上路58號,2026-09-13
高雄市左營區文川路433號,22.686268,120.314124,高雄市左營區福愛里14鄰文川路433號,2026-09-13
高雄市左營區明誠二路524號,22.661311,120.304479,高雄市左營區新超里18鄰明誠二路524號,2026-09-13
高雄市左營區榮總路201號,22.681981,120.321471,高雄市左營區福榮里11鄰榮總路201號,2026-09-13
高雄市左營區民族一路679號,22.670586,120.317201,高雄市左營區菜公里2鄰民族一路679號,2026-09-13
高雄市左營區環潭路58號,22.681944,120.298279,高雄市左營區尾北里10鄰環潭路58號,2026-09-13
高雄市左營區華夏路262號,22.670653,120.297140,高雄市左營區新下里16鄰華夏路262號,2026-09-13
高雄市左營區重惠街201號,22.684805,120.307830,高雄市左營區高鐵里10鄰重惠街201號,2026-09-13
高雄市左營區重立路158號,22.674745,120.314192,高雄市左營區菜公里12鄰重立路158號,2026-09-13
高雄市左營區重立路856號,22.683521,120.306030,高雄市左營區高鐵里9鄰重立路856號,2026-09-13
高雄市市中一路339號,22.634036,120.287797,高雄市三民區立德里8鄰市中一路339號,2026-09-13
高雄市彌陀區中正路213號,22.783678,120.247781,高雄市彌陀區彌靖里4鄰中正路213號,2026-09-13
高雄市新興區七賢一路249號,22.633843,120.309702,高雄市新興區中東里14鄰七賢一路249號,2026-09-13
高雄市新興區七賢一路251號,22.633842,120.309461,高雄市新興區中東里14鄰七賢一路251號,2026-09-13
高雄市新興區七賢一路469號,22.634252,120.304049,高雄市新興區黎明里2鄰七賢一路469號,2026-09-13
高雄市新興區七賢二路90號,22.634360,120.298767,高雄市新興區建興里3鄰七賢二路90號,2026-09-13
高雄市新興區中山一路162號,22.632362,120.302315,高雄市新興區愛平里12鄰中山一路162號,2026-09-13
高雄市新興區中山二路472號,22.620490,120.302306,高雄市新興區振華里16鄰中山二路472號,2026-09-13
高雄市新興區八德一路332號,22.635986,120.304138,高雄市新興區新江里7鄰八德一路332號,2026-09-13
高雄市新興區和平一路199號,22.631045,120.317484,高雄市新興區文昌里10鄰和平一路199號,2026-09-13
高雄市新興區大明里中正四路53號,22.630496,120.300035,高雄市新興區大明里5鄰中正四路53號,2026-09-13
高雄市新興區民族二路97號,22.632485,120.313018,高雄市新興區興昌里17鄰民族二路97號,2026-09-13
高雄市新興區民權一路251號,22.627063,120.310169,高雄市新興區德生里3鄰民權一路251號,2026-09-13
高雄市新興區民權一路281號,22.627063,120.310169,高雄市新興區德生里3鄰民權一路253號,2026-09-13
高雄市新興區民生一路193號,22.627222,120.309446,高雄市新興區德生里7鄰民生一路193號,2026-09-13
高雄市新興區民生一路206號,22.627785,120.308254,高雄市新興區德望里8鄰民生一路206號,2026-09-13
高雄市旗山區中山南街2號,22.884123,120.480790,高雄市旗山區太平里19鄰中山南街2號,2026-09-13
高雄市旗山區中洲路151號,22.844264,120.469698,高雄市旗山區中洲里8鄰中洲路151號,2026-09-13
高雄市旗山區崙北巷7之4號,22.890669,120.503935,高雄市旗山區東平里13鄰崙北巷7之4號,2026-09-13
高雄市旗山區崙北巷7－4號,22.890669,120.503935,高雄市旗山區東平里13鄰崙北巷7之4號,2026-09-13
高雄市旗山區延平一路446號,22.891710,120.483146,高雄市旗山區瑞吉里1鄰延平一路446號,2026-09-13
高雄市旗山區延平一路655之2號,22.884358,120.483166,高雄市旗山區大德里14鄰延平一路655之2號,2026-09-13
高雄市旗山區復新街68號,22.885768,120.481033,高雄市旗山區太平里6鄰復新街68號,2026-09-13
高雄市旗山區文中路4號,22.889806,120.481123,高雄市旗山區湄洲里22鄰文中路4號,2026-09-13
高雄市旗山區文中路7號,22.890337,120.480828,高雄市旗山區湄洲里22鄰文中路7號,2026-09-13
高雄市旗山區旗甲路2段256巷4號,22.920353,120.496843,高雄市旗山區圓富里6鄰旗甲路二段256巷4號,2026-09-13
高雄市旗山區樹人路21號,22.884461,120.494376,高雄市旗山區東平里11鄰樹人路21號,2026-09-13
高雄市旗山區湄州里中山路32號,22.885503,120.482136,高雄市旗山區大德里19鄰中山路32號,2026-09-13
高雄市旗山區義德街33巷3號,22.892947,120.478028,高雄市旗山區竹峰里15鄰義德街33巷3號,2026-09-13
高雄市旗津區北汕尾巷6號,22.604716,120.276290,高雄市旗津區實踐里9鄰北汕尾巷6號,2026-09-13
高雄市旗津區通山路42巷2號,22.613609,120.267847,高雄市旗津區旗下里10鄰通山路42巷2號,2026-09-13
高雄市杉林區司馬路24巷27號,22.984263,120.558683,高雄市杉林區新庄里4鄰司馬路24巷27號,2026-09-13
高雄市杉林區合心路146巷2號,22.965197,120.543040,高雄市杉林區大愛里6鄰合心路146巷2號,2026-09-13
高雄市杉林區大愛路1號,22.969576,120.542121,高雄市杉林區大愛里1鄰大愛路1號,2026-09-13
高雄市杉林區月美里桐竹路208號,22.933803,120.532525,高雄市杉林區月美里1鄰桐竹路208號,2026-09-13
高雄市杉林區清水路公明巷17之3號,22.955884,120.527039,高雄市杉林區月眉里13鄰清水路公明巷17之3號,2026-09-13
高雄市杉林區清水路公明巷17號,22.956180,120.526610,高雄市杉林區月眉里13鄰清水路公明巷17號,2026-09-13
高雄市林園區仁愛路221號,22.509062,120.392216,高雄市林園區仁愛里11鄰仁愛路221號,2026-09-13
高雄市林園區仁愛路265號,22.510349,120.392355,高雄市林園區王公里18鄰仁愛路265號,2026-09-13
高雄市林園區仁愛路36號,22.504744,120.392817,高雄市林園區林園里1鄰仁愛路36號,2026-09-13
高雄市林園區信義路63號,22.507430,120.390752,高雄市林園區仁愛里14鄰信義路63號,2026-09-13
高雄市林園區信義路69巷40號,22.506262,120.389754,高雄市林園區王公里25鄰信義路69巷40號,2026-09-13
高雄市林園區信義路69巷46號,22.506155,120.389751,高雄市林園區王公里25鄰信義路69巷46號,2026-09-13
高雄市林園區忠孝西路20號,22.507068,120.392515,高雄市林園區林園里3鄰忠孝西路22之1號,2026-09-13
高雄市林園區林園北路438號,22.514342,120.395246,高雄市林園區林園里18鄰林園北路438號,2026-09-13
高雄市林園區溪州二路54號,22.513507,120.403526,高雄市林園區溪州里19鄰溪州二路54號,2026-09-13
高雄市林園區溪洲里溪州二路272巷2號,22.510290,120.401169,高雄市林園區溪州里25鄰溪州二路272巷2號,2026-09-13
高雄市林園區王公里仁愛路265號,22.510349,120.392355,高雄市林園區王公里18鄰仁愛路265號,2026-09-13
高雄市林園區王公里信義路69巷40號,22.506262,120.389754,高雄市林園區王公里25鄰信義路69巷40號,2026-09-13
高雄市林園區金中街12號,22.527724,120.397383,高雄市林園區中厝里15鄰金中街12號,2026-09-13
高雄市林園區鳳林路1段220號,22.507062,120.396723,高雄市林園區東林里19鄰鳳林路一段220號,2026-09-13
高雄市桃源區北進巷50號,23.160472,120.765756,高雄市桃源區桃源里2鄰北進巷50號,2026-09-13
高雄市桃源區南橫公路3段201號,23.178855,120.781013,高雄市桃源區勤和里1鄰南橫公路三段201號,2026-09-13
高雄市桃源區建山巷86之2號,23.105112,120.684274,高雄市桃源區建山里5鄰建山巷86之2號,2026-09-13
高雄市桃源區建山里86之2號,23.105112,120.684274,高雄市桃源區建山里5鄰建山巷86之2號,2026-09-13
高雄市桃源區桃源里南進巷151號,23.159067,120.766957,高雄市桃源區桃源里6鄰南進巷151號,2026-09-13
高雄市桃源區桃源里南進巷196號,23.143056,120.744701,高雄市桃源區桃源里7鄰南進巷196號,2026-09-13
高雄市梓官區光明路177號,22.733411,120.248239,高雄市梓官區禮蚵里22鄰光明路177號,2026-09-13
高雄市梓官區和平路265號,22.758947,120.262345,高雄市梓官區梓和里19鄰和平路265號,2026-09-13
高雄市梓官區廣澤路3號,22.729634,120.254588,高雄市梓官區信蚵里13鄰廣澤路3號,2026-09-13
高雄市梓官區梓官路361號,22.762337,120.266714,高雄市梓官區梓信里11鄰梓官路361號,2026-09-13
高雄市梓官區漁港二路30號,22.725970,120.256149,高雄市梓官區信蚵里14鄰漁港二路30號,2026-09-13
高雄市梓官區茄苳里嘉好路64巷1號,22.734238,120.255070,高雄市梓官區茄苳里14鄰嘉好路64巷1號,2026-09-13
高雄市梓官區赤崁西路14巷36之5號,22.739343,120.246172,高雄市梓官區赤崁里20鄰赤崁西路14巷36之3號,2026-09-13
高雄市梓官區赤崁西路24號,22.737645,120.246693,高雄市梓官區赤崁里16鄰赤崁西路24號,2026-09-13
高雄市梓官區赤崁西路80號,22.735612,120.246960,高雄市梓官區赤西里3鄰赤崁西路80號,2026-09-13
高雄市梓官區通安路305巷65號,22.728491,120.250812,高雄市梓官區信蚵里10鄰通安路305巷65號,2026-09-13
高雄市楠梓區土庫路81號,22.738087,120.330905,高雄市楠梓區清豐里2鄰土庫路81號,2026-09-13
高雄市楠梓區廣昌街175巷37號,22.707545,120.285085,高雄市楠梓區廣昌里9鄰廣昌街175巷37號,2026-09-13
高雄市楠梓區後昌路765號,22.710134,120.296052,高雄市楠梓區和昌里1鄰後昌路765號,2026-09-13
高雄市楠梓區德賢路380巷26號,22.727092,120.304508,高雄市楠梓區翠屏里27鄰德賢路380巷26號,2026-09-13
高雄市楠梓區惠春街190號,22.727924,120.318679,高雄市楠梓區惠豐里6鄰惠春街190號,2026-09-13
高雄市楠梓區惠豐里青田街87號,22.727244,120.318969,高雄市楠梓區惠豐里6鄰青田街87號,2026-09-13
高雄市楠梓區慶昌街13號,22.710469,120.296874,高雄市楠梓區慶昌里25鄰慶昌街13號,2026-09-13
高雄市楠梓區旗楠路122號,22.732475,120.330551,高雄市楠梓區東寧里17鄰旗楠路122號,2026-09-13
高雄市楠梓區楠梓新路393號,22.731599,120.328002,高雄市楠梓區東寧里9鄰楠梓新路393號,2026-09-13
高雄市楠梓區楠梓東街23號,22.728770,120.330282,高雄市楠梓區享平里10鄰楠梓東街23號,2026-09-13
高雄市楠梓區楠梓西巷45之1號,22.730223,120.327902,高雄市楠梓區享平里2鄰楠梓西巷45之1號,2026-09-13
高雄市楠梓區清豐二路142號,22.736879,120.330345,高雄市楠梓區清豐里16鄰清豐二路142號,2026-09-13
高雄市楠梓區盛昌街161號,22.713585,120.286912,高雄市楠梓區興昌里6鄰盛昌街161號,2026-09-13
高雄市楠梓區興楠路385號,22.728523,120.330977,高雄市楠梓區五常里8鄰興楠路385號,2026-09-13
高雄市楠梓區裕昌街312號,22.717093,120.287761,高雄市楠梓區裕昌里14鄰裕昌街312號,2026-09-13
高雄市楠梓區軍校路880巷36弄18號,22.711811,120.293008,高雄市楠梓區隆昌里20鄰軍校路880巷36弄18號,2026-09-13
高雄市楠梓區青田街58號,22.727752,120.319208,高雄市楠梓區惠豐里9鄰青田街58號,2026-09-13
高雄市楠梓區青田街87號,22.727244,120.318969,高雄市楠梓區惠豐里6鄰青田街87號,2026-09-13
高雄市楠梓區高楠公路1001號,22.714493,120.325460,高雄市楠梓區稔田里12鄰高楠公路1001號,2026-09-13
高雄市橋頭區興糖路3號,22.754911,120.314450,高雄市橋頭區橋南里7鄰興糖路3號,2026-09-13
高雄市橋頭區興糖路9巷1號,22.752176,120.315690,高雄市橋頭區橋南里7鄰興糖路9巷1號,2026-09-13
高雄市橋頭鄉興糖路4巷1號,22.752602,120.316448,高雄市橋頭區橋南里7鄰興糖路4巷1號,2026-09-13
高雄市永安區新港里新興路66之1號,22.818337,120.210434,高雄市永安區新港里3鄰新興路66號,2026-09-13
高雄市永安區新興路27之2號,22.820713,120.207781,高雄市永安區新港里3鄰新興路27之2號,2026-09-13
高雄市湖內區中正路1段53巷1號,22.909337,120.225983,高雄市湖內區公舘里4鄰中正路一段53巷1號,2026-09-13
高雄市湖內區正義一路299巷2弄19號,22.875658,120.235579,高雄市湖內區湖內里24鄰正義一路299巷2弄19號,2026-09-13
高雄市湖內區葉厝里清水街50巷7號,22.907928,120.219041,高雄市湖內區葉厝里3鄰清水街50巷7號,2026-09-13
高雄市燕巢區尖山里紅山巷91號,22.807641,120.366498,高雄市燕巢區尖山里13鄰紅山巷91號,2026-09-13
高雄市燕巢區西燕里中民路592號,22.793378,120.362075,高雄市燕巢區西燕里2鄰中民路592號,2026-09-13
高雄市田寮區七星路68之50號,22.820913,120.381586,高雄市田寮區七星里6鄰七星路68之50號,2026-09-13
高雄市田寮區七星里6鄰七星路68之50號,22.820913,120.381586,高雄市田寮區七星里6鄰七星路68之50號,2026-09-13
高雄市田寮區古亭路廟後巷1號,22.894101,120.402353,高雄市田寮區古亭里2鄰古亭路廟後巷2之1號,2026-09-13
高雄市田寮區崇德路91號,22.878097,120.379927,高雄市田寮區崇德里13鄰崇德路91號,2026-09-13
高雄市田寮區崇德路9之1號,22.877400,120.382540,高雄市田寮區崇德里6鄰崇德路9之1號,2026-09-13
高雄市甲仙區中山路56號,23.083883,120.587302,高雄市甲仙區和安里6鄰中山路56號,2026-09-13
高雄市甲仙區中正路99巷12號,23.084284,120.587644,高雄市甲仙區和安里6鄰中正路99巷12號,2026-09-13
高雄市甲仙區文化路32號,23.081904,120.589191,高雄市甲仙區西安里8鄰文化路32號,2026-09-13
高雄市甲仙區竹山巷18之3號,23.087264,120.589614,高雄市甲仙區和安里1鄰竹山巷18之3號,2026-09-13
高雄市美濃區上興街55號,22.877329,120.529426,高雄市美濃區德興里10鄰上興街55號,2026-09-13
高雄市美濃區中圳里民權路57號,22.908917,120.550671,高雄市美濃區中圳里5鄰民權路57號,2026-09-13
高雄市美濃區中山路1段23號,22.901393,120.540688,高雄市美濃區泰安里14鄰中山路一段23號,2026-09-13
高雄市美濃區中正路2段231號,22.887442,120.535256,高雄市美濃區祿興里9鄰中正路二段231號,2026-09-13
高雄市美濃區中正路2段765號,22.868015,120.536912,高雄市美濃區中壇里17鄰中正路二段765號,2026-09-13
高雄市美濃區光明路102號,22.875419,120.519509,高雄市美濃區德興里6鄰光明路102號,2026-09-13
高雄市美濃區廣林里13鄰廣福街153號,22.916890,120.579291,高雄市美濃區廣林里13鄰廣福街153號,2026-09-13
高雄市美濃區廣林里廣福街152巷60之5號,22.918132,120.585256,高雄市美濃區廣林里8鄰廣福街152巷60之5號,2026-09-13
高雄市美濃區廣林里朝元95號,22.933216,120.586114,高雄市美濃區廣林里16鄰朝元95號,2026-09-13
高雄市美濃區廣興街601巷65號,22.912236,120.557416,高雄市美濃區興隆里16鄰廣興街601巷65號,2026-09-13
高雄市美濃區廣興路601巷65號,22.912236,120.557416,高雄市美濃區興隆里16鄰廣興街601巷65號,2026-09-13
高雄市美濃區忠孝路1段19號,22.884022,120.530570,高雄市美濃區中壇里10鄰忠孝路一段19號,2026-09-13
高雄市美濃區忠孝路2段50之2號,22.864863,120.520264,高雄市美濃區清水里6鄰忠孝路二段50之2號,2026-09-13
高雄市美濃區朝元95號,22.933216,120.586114,高雄市美濃區廣林里16鄰朝元95號,2026-09-13
高雄市美濃區民族路111巷3號,22.914009,120.565385,高雄市美濃區廣德里5鄰民族路111巷3號,2026-09-13
高雄市美濃區民族路36巷2號,22.899832,120.553174,高雄市美濃區東門里1鄰民族路36巷2號,2026-09-13
高雄市美濃區民族路36巷3之2號,22.900792,120.554422,高雄市美濃區中圳里6鄰民族路36巷3之2號,2026-09-13
高雄市美濃區永安路201號,22.899370,120.543100,高雄市美濃區泰安里5鄰永安路201號,2026-09-13
高雄市美濃區永安路56號,22.897649,120.547260,高雄市美濃區東門里17鄰永安路56號,2026-09-13
高雄市美濃區泰安路228號,22.902600,120.543209,高雄市美濃區泰安里16鄰泰安路228號,2026-09-13
高雄市美濃區環湖路81號,22.911428,120.553581,高雄市美濃區中圳里2鄰環湖路81號,2026-09-13
高雄市美濃區福安街15巷9之1號,22.894004,120.524586,高雄市美濃區福安里9鄰福安街15巷9之1號,2026-09-13
高雄市美濃區福美路281號,22.908165,120.529625,高雄市美濃區瀰濃里32鄰福美路281號,2026-09-13
高雄市美濃區福美路320號,22.905245,120.530409,高雄市美濃區瀰濃里32鄰福美路320號,2026-09-13
高雄市美濃區福美路73巷5之5號,22.907726,120.547630,高雄市美濃區中圳里3鄰福美路73巷5之5號,2026-09-13
高雄市美濃區美興街215號,22.910201,120.538157,高雄市美濃區中圳里15鄰美興街215號,2026-09-13
高雄市美濃區自強街1段415巷6弄6號,22.904931,120.542328,高雄市美濃區泰安里19鄰自強街一段415巷6弄6號,2026-09-13
高雄市苓雅區三多二路9號,22.620891,120.327416,高雄市苓雅區福隆里8鄰三多二路9號,2026-09-13
高雄市苓雅區中山二路412號,22.618733,120.303044,高雄市苓雅區仁政里1鄰中山二路412號,2026-09-13
高雄市苓雅區中正一路100號,22.627954,120.333321,高雄市苓雅區正大里4鄰中正一路100號,2026-09-13
高雄市苓雅區中正一路255號,22.629415,120.326047,高雄市苓雅區福南里17鄰中正一路255號,2026-09-13
高雄市苓雅區中正一路315號,22.629561,120.324173,高雄市苓雅區福南里25鄰中正一路315號,2026-09-13
高雄市苓雅區中正二路175號,22.630302,120.313715,高雄市苓雅區尚義里20鄰中正二路175號,2026-09-13
高雄市苓雅區中正二路30號,22.630321,120.320264,高雄市苓雅區安祥里6鄰中正二路30號,2026-09-13
高雄市苓雅區光華一路206號,22.629047,120.313842,高雄市苓雅區尚義里16鄰光華一路206號,2026-09-13
高雄市苓雅區同慶路108號,22.627313,120.319913,高雄市苓雅區同慶里3鄰同慶路108號,2026-09-13
高雄市苓雅區建軍路2號,22.625250,120.342614,高雄市苓雅區衛武里13鄰建軍路2號,2026-09-13
高雄市苓雅區成功一路232號,22.617681,120.296655,高雄市苓雅區田西里14鄰成功一路232號,2026-09-13
高雄市苓雅區武廟路124號,22.631088,120.328720,高雄市苓雅區正文里5鄰武廟路124號,2026-09-13
高雄市苓雅區福壽街136號,22.625982,120.327884,高雄市苓雅區福壽里10鄰福壽街136號,2026-09-13
高雄市苓雅區福德三路353巷60號,22.629150,120.326369,高雄市苓雅區福南里16鄰福德三路353巷60號,2026-09-13
高雄市苓雅區福德三路93號,22.620905,120.327812,高雄市苓雅區福隆里8鄰福德三路93號,2026-09-13
高雄市苓雅區福德二路77號,22.632255,120.327837,高雄市苓雅區正文里9鄰福德二路77號,2026-09-13
高雄市苓雅區青年二路186號,22.618050,120.295673,高雄市苓雅區苓洲里9鄰青年二路186號,2026-09-13
高雄市茄萣區光定里9鄰茄萣路1段201號,22.892445,120.184508,高雄市茄萣區光定里9鄰茄萣路一段201號,2026-09-13
高雄市茄萣區順漁路100號,22.877758,120.212987,高雄市茄萣區崎漏里36鄰順漁路100號,2026-09-13
高雄市路竹區下坑村太平路315號,22.868797,120.290142,高雄市路竹區下坑里8鄰太平路315號,2026-09-13
高雄市路竹區國昌路128號,22.854732,120.257054,高雄市路竹區文南里6鄰國昌路128號,2026-09-13
高雄市那瑪夏區達卡努瓦里二鄰秀嶺巷82號,23.268589,120.718592,高雄市那瑪夏區達卡努瓦里2鄰秀嶺巷82號,2026-09-13
高雄市阿蓮區中正路381巷35號,22.879762,120.333480,高雄市阿蓮區南蓮里6鄰中正路381巷35號,2026-09-13
高雄市阿蓮區成功街66號,22.882860,120.334513,高雄市阿蓮區阿蓮里42鄰成功街66號,2026-09-13
高雄市阿蓮區民族路163號,22.883230,120.329869,高雄市阿蓮區阿蓮里29鄰民族路163號,2026-09-13
高雄市鳥松區坔埔路4巷10號,22.663402,120.383228,高雄市鳥松區坔埔里24鄰坔埔路4巷10號,2026-09-13
高雄市鳥松區大同路23之5號,22.652511,120.368584,高雄市鳥松區鳥松里32鄰大同路23之81號,2026-09-13
高雄市鳥松區鳥松里澄清路840號,22.650780,120.349648,高雄市鳥松區鳥松里14鄰澄清路840號,2026-09-13
高雄市鳳山區三民里光遠路226號,22.625265,120.363366,高雄市鳳山區三民里15鄰光遠路226號,2026-09-13
高雄市鳳山區中山路231號,22.624823,120.356507,高雄市鳳山區興仁里2鄰中山路231號,2026-09-13
高雄市鳳山區中正路215號,22.629722,120.360564,高雄市鳳山區曹公里8鄰中正路215號,2026-09-13
高雄市鳳山區五權南路231號,22.624121,120.352879,高雄市鳳山區協和里4鄰五權南路231號,2026-09-13
高雄市鳳山區光復路1段103號,22.629079,120.351615,高雄市鳳山區忠義里20鄰光復路一段103號,2026-09-13
高雄市鳳山區光復路2段120號,22.629776,120.347007,高雄市鳳山區忠孝里10鄰光復路二段120號,2026-09-13
高雄市鳳山區光遠路226號,22.625265,120.363366,高雄市鳳山區三民里15鄰光遠路226號,2026-09-13
高雄市鳳山區勝利路10號,22.630111,120.374110,高雄市鳳山區埤頂里7鄰勝利路10號,2026-09-13
高雄市鳳山區勝利路22號,22.632987,120.374742,高雄市鳳山區海光里26鄰勝利路22號,2026-09-13
高雄市鳳山區勝國街67號,22.633090,120.371733,高雄市鳳山區海光里24鄰勝國街67號,2026-09-13
高雄市鳳山區南京路146號,22.609763,120.345771,高雄市鳳山區老爺里38鄰南京路146號,2026-09-13
高雄市鳳山區南京路330巷7號,22.616909,120.346303,高雄市鳳山區國隆里25鄰南京路330巷7號,2026-09-13
高雄市鳳山區南福街152巷15號,22.612297,120.346767,高雄市鳳山區海洋里25鄰南福街152巷15號,2026-09-13
高雄市鳳山區和平路42號,22.632201,120.359284,高雄市鳳山區文華里17鄰和平路42號,2026-09-13
高雄市鳳山區國泰路1段133號,22.613984,120.358196,高雄市鳳山區誠義里12鄰國泰路一段133號,2026-09-13
高雄市鳳山區大德街82號,22.593136,120.331848,高雄市鳳山區天興里12鄰大德街82號,2026-09-13
高雄市鳳山區文衡里文殿街2號,22.639000,120.354385,高雄市鳳山區文衡里3鄰文殿街2號,2026-09-13
高雄市鳳山區新富路630號,22.617193,120.349678,高雄市鳳山區國富里1鄰新富路630號,2026-09-13
高雄市鳳山區武營路239巷23號,22.610701,120.336345,高雄市鳳山區武漢里8鄰武營路239巷23號,2026-09-13
高雄市鳳山區福誠二街168號,22.592235,120.322866,高雄市鳳山區福誠里30鄰福誠二街168號,2026-09-13
高雄市鳳山區經武路58號,22.634286,120.363922,高雄市鳳山區北門里34鄰經武路58號,2026-09-13
高雄市鳳山區維新路122號,22.624509,120.361157,高雄市鳳山區新興里4鄰維新路122號,2026-09-13
高雄市鳳山區維新路124號,22.624276,120.361254,高雄市鳳山區新興里4鄰維新路124號,2026-09-13
高雄市鳳山區自治街83巷2號,22.622868,120.350578,高雄市鳳山區協和里30鄰自治街83巷2號,2026-09-13
高雄市鳳山區自由路201號,22.625531,120.350715,高雄市鳳山區協和里42鄰自由路201號,2026-09-13
高雄市鳳山區輜汽路281號,22.617319,120.340913,高雄市鳳山區新強里15鄰輜汽路281號,2026-09-13
高雄市鳳山區鎮北街102號,22.640061,120.369186,高雄市鳳山區鎮北里37鄰鎮北街102號,2026-09-13
高雄市鳳山區鳳仁路156之1號,22.635475,120.369938,高雄市鳳山區北門里27鄰鳳仁路156之1號,2026-09-13
高雄市鳳山區黃埔新村東五巷124號,22.617752,120.364683,高雄市鳳山區生明里4鄰黃埔新村東五巷124號,2026-09-13
高雄市鹽埕區中正四路272號,22.626671,120.286737,高雄市鹽埕區府北里19鄰中正四路272號,2026-09-13
高雄市鹽埕區大勇路68號,22.623073,120.283741,高雄市鹽埕區河濱里15鄰大勇路68號,2026-09-13
高雄市鼓山區中華一路203號,22.663319,120.292958,高雄市鼓山區明誠里16鄰中華一路203號,2026-09-13
高雄市鼓山區中華一路2133巷47號,22.653691,120.296325,高雄市鼓山區龍子里37鄰中華一路2133巷47號,2026-09-13
高雄市鼓山區中華一路25號,22.667630,120.289441,高雄市鼓山區裕興里1鄰中華一路25號,2026-09-13
高雄市鼓山區中華一路45號,22.667378,120.289809,高雄市鼓山區裕興里3鄰中華一路45號,2026-09-13
高雄市鼓山區慶豐街18號,22.665881,120.292884,高雄市鼓山區裕豐里9鄰慶豐街18號,2026-09-13
高雄市鼓山區捷興二街18號,22.620781,120.274162,高雄市鼓山區麗興里6鄰捷興二街18號,2026-09-13
高雄市鼓山區文忠路108號,22.665275,120.296221,高雄市鼓山區明誠里26鄰文忠路108號,2026-09-13
高雄市鼓山區明華路315號,22.663309,120.301003,高雄市鼓山區明誠里45鄰明華路315號,2026-09-13
高雄市鼓山區河川街76巷6弄2號,22.635718,120.284069,高雄市鼓山區綠川里9鄰河川街76巷6弄2號,2026-09-13
高雄市鼓山區河西一路211號,22.639685,120.283477,高雄市鼓山區河邊里18鄰河西一路211號,2026-09-13
高雄市鼓山區登山街36號,22.624476,120.272447,高雄市鼓山區惠安里13鄰登山街36號,2026-09-13
高雄市鼓山區美術東一路28號,22.656112,120.293352,高雄市鼓山區龍子里42鄰美術東一路28號,2026-09-13
高雄市鼓山區翠華路246號,22.652278,120.281485,高雄市鼓山區民強里14鄰翠華路246號,2026-09-13
高雄市鼓山區西藏街239號,22.654697,120.279352,高雄市鼓山區民強里26鄰西藏街239號,2026-09-13
高雄市鼓山區雄峰路18號,22.669108,120.284827,高雄市鼓山區雄峰里18鄰雄峰路18號,2026-09-13
高雄文學館,22.625560,120.298013,高雄市前金區長生里24鄰民生二路39號,2026-09-13
鳳山區中正路215號,22.629722,120.360564,高雄市鳳山區曹公里8鄰中正路215號,2026-09-13
鳳山區勝國街67號,22.633090,120.371733,高雄市鳳山區海光里24鄰勝國街67號,2026-09-13
鶯歌區德昌二街2號,24.958766,121.332913,新北市鶯歌區永吉里4鄰德昌二街2號,2026-09-13
鹽埔鄉光復路90號,22.753250,120.576400,屏東縣鹽埔鄉鹽南村12鄰光復路90號,2026-09-13
鹽埔鄉彭厝路64號,22.743475,120.554518,屏東縣鹽埔鄉新二村21鄰彭厝路64號,2026-09-13
鹽埔鄉新二村彭厝路64號,22.743475,120.554518,屏東縣鹽埔鄉新二村21鄰彭厝路64號,2026-09-13
鹿谷鄉中正路2段174號,23.749270,120.752069,南投縣鹿谷鄉鹿谷村10鄰中正路二段174號,2026-09-13
麥寮新吉社區活動中心,23.807612,120.276443,雲林縣麥寮鄉新吉村7鄰新吉69之1號,2026-09-13
麥寮鄉仁德西路1段26號,23.797562,120.265044,雲林縣麥寮鄉三盛村11鄰仁德西路一段26號,2026-09-13
麥寮鄉泰順路306號,23.752965,120.249726,雲林縣麥寮鄉麥津村23鄰泰順路306號,2026-09-13
鼎山街375號,22.656129,120.321982,高雄市三民區灣成里7鄰鼎山街375號,2026-09-13
鼓山三路19之3號,22.653388,120.275617,高雄市鼓山區正德里9鄰鼓山三路19之3號,2026-09-13
鼓山區河川街76巷6弄2號,22.635718,120.284069,高雄市鼓山區綠川里9鄰河川街76巷6弄2號,2026-09-13
龍潭區三林里富華街三林段395巷142號,24.840452,121.229966,桃園市龍潭區三林里19鄰富華街三林段395巷142號,2026-09-13
龜山區中興路1段109號,24.994868,121.340015,桃園市龜山區龜山里12鄰中興路一段109號,2026-09-13
龜山區大同路21號,24.995147,121.340640,桃園市龜山區龜山里23鄰大同路21號,2026-09-13
龜山區幸福ㄧ街38之1號,24.987846,121.334419,桃園市龜山區幸福里2鄰幸福一街38號,2026-09-13
龜山區自強南路97號,24.992012,121.338484,桃園市龜山區新興里18鄰自強南路97號,2026-09-13
龜山區萬壽路2段1039號,24.994385,121.335836,桃園市龜山區新路里20鄰萬壽路二段1039號,2026-09-13
龜山區頂興路2號,24.991959,121.327594,桃園市龜山區山德里3鄰頂興路2號,2026-09-13
龜山區頂興路83巷1弄1號,24.989163,121.329525,桃園市龜山區山福里13鄰頂興路83巷1號,2026-09-13
龜山鄉山德村頂興路2巷14號,24.992501,121.327123,桃園市龜山區山德里3鄰頂興路2巷14號,2026-09-13
